song_id,embedding_0,embedding_1,embedding_2,embedding_3,embedding_4,embedding_5,embedding_6,embedding_7,embedding_8,embedding_9,embedding_10,embedding_11,embedding_12,embedding_13,embedding_14,embedding_15
223,-0.4365008,-0.6465323,-0.44033936,0.5725661,0.4040738,-0.18214534,0.36163795,0.15823936,-0.3627081,0.26763815,-0.21612582,0.20478378,0.73627734,-0.5484353,0.66760284,0.2952419
237,-0.001501682,0.16458927,-0.40963346,0.13656966,-0.09053286,-0.077886045,0.11760741,-0.48673624,0.5537525,-0.008227686,-0.18490237,0.43986073,-0.22959635,0.25156748,0.038702637,0.4938874
551,0.04077619,-0.2269653,-0.00037210432,0.35110065,-0.15731369,-0.028747234,-0.15617362,-0.05293824,-0.15111142,-0.041866146,-0.28041598,0.055160336,-0.08893397,0.019990947,0.04485796,-0.07232486
579,0.51691616,0.21569031,-0.015339341,0.2649216,-0.060079236,-0.086501285,0.055052847,-0.26902688,-0.5823515,-0.50966346,0.2839155,0.25992742,0.2417944,0.08848888,0.153021,0.30571932
1953,-0.00226007,0.157567,-0.0022694801,0.21445532,0.015436721,0.18652272,0.19279253,-0.40774155,-0.23368475,-0.5016253,-0.2431192,-0.14408343,-0.07246498,0.077208824,-0.28745607,0.43083876
1947,0.44431418,0.29176155,0.47505608,-0.4761941,0.20439057,-0.4572306,0.10495441,-0.49872836,-0.5196158,-0.23040842,-0.4010106,-0.39599758,0.02296258,-0.4542356,-0.08565698,0.5156563
586,0.11255506,-0.32986748,-0.112200074,0.043778688,0.21341835,0.06545564,0.021610979,0.049240597,-0.09058122,-0.14019956,-0.045085106,-0.08648012,0.12871245,0.15481517,-0.06039514,0.05566371
1012,0.51922184,-0.26412416,0.29563722,0.6510902,-0.15314396,0.5732837,-0.055737108,-0.41605103,-0.30610994,-0.34650132,-0.35446,-0.32733828,-0.33075777,-0.06202895,-0.33130676,0.14535156
1774,-0.065428406,-0.20338185,0.4383556,-0.17816572,-0.020037374,0.12742704,-0.15317236,-0.45380676,-0.22743775,-0.4076088,-0.41315302,-0.3579717,-0.48845145,-0.477658,-0.20172295,-0.11352791
1760,-0.43527597,0.32593632,-0.15832093,-0.5051958,0.046041727,-0.32129207,-0.07203431,-0.112087086,-0.16463342,-0.36820772,0.3197132,-0.037207786,0.14905937,0.10747597,0.25087905,0.31570226
1006,-0.48627058,-0.4709783,0.122204155,-0.42053342,-0.26452872,-0.0034966178,0.018580671,-0.40965232,0.16206509,-0.47274968,-0.23978396,0.27066553,-0.5089453,-0.23124546,0.17892675,-0.2290628
592,-0.1989676,0.06944461,-0.4214755,0.14465071,0.3383346,-0.04607314,-0.02961775,0.09021116,-0.058311906,-0.03759854,0.06826125,0.29654762,-0.09653738,0.3143394,0.13284744,0.47245923
1990,0.22819355,0.13435456,0.1291373,0.25490627,-0.23450243,-0.27852783,0.16832647,-0.118725695,-0.2822359,-0.1532709,-0.10671484,0.047565263,0.24590954,-0.25692567,-0.28070098,0.034244098
1748,-0.11361178,-0.5226379,0.26488537,0.13602261,-0.032525152,0.04970794,0.06571042,-0.42122132,-0.29261252,-0.29661098,-0.4119057,-0.271054,-0.12242566,-0.61050105,-0.55307084,-0.26278022
1984,-0.013671254,-0.24162531,0.6198435,0.3684515,-0.43520758,-0.012021603,0.45822963,-0.16196133,-0.2543711,-0.4065349,-0.0072736726,-0.01571959,0.10618356,-0.054622952,0.04167031,0.3429411
747,-0.1235006,-0.35467038,-0.121867515,0.456411,-0.1850071,-0.056580182,0.054785773,-0.00835403,-0.09895028,-0.11193256,0.08421345,0.14711802,0.26383936,0.3170586,0.35491484,0.2116614
1589,0.36764422,-0.18412524,0.23867352,-0.14297004,-0.09781332,0.4047014,-0.22448026,-0.50036913,-0.1876416,-0.17661011,-0.13719079,-0.55230016,-0.015456868,-0.3301951,-0.3992041,-0.07602936
1576,-0.17021045,0.006926202,0.4096597,-0.13227698,0.2511327,0.3115216,-0.1849609,-0.19580118,-0.5910895,-0.3644368,-0.15541293,0.21590078,-0.011210278,-0.5377645,-0.16680501,0.11453031
1210,0.15578803,-0.47910184,0.4610136,0.13950975,-0.025472209,-0.15406276,0.47842956,-0.23620996,-0.15467371,-0.27429095,-0.068072565,0.15334578,-0.1278206,-0.16957134,-0.16552214,0.41977784
784,-0.3546771,-0.09014053,-0.4140653,-0.36927137,0.12781616,0.28528816,0.3698381,-0.13123135,-0.22921872,-0.111691155,-0.15025978,0.26782838,0.39572495,-0.6033352,-0.5435256,-0.5168627
790,0.09409647,0.37537432,-0.3523756,-0.17171368,0.56144094,-0.5166327,0.13056287,-0.3454322,0.5202369,0.51677877,-0.36215627,0.17761289,0.21704224,0.06519571,0.82973427,0.17263271
1204,0.12350688,0.40099883,0.077129245,-0.2862332,-0.13356088,-0.024389772,0.1126063,0.016215304,-0.17878345,-0.3489651,0.047718897,-0.40155312,-0.08156166,-0.1783284,-0.20795763,0.23021746
1562,0.5322915,0.26568064,0.18708684,-0.2385747,0.10038848,0.004340323,0.14085075,-0.32860184,-0.41854575,-0.090732835,0.2328695,-0.48473647,0.05935881,-0.2413791,-0.3470415,-0.019213162
2043,0.3093511,0.15270786,-0.05382099,0.19349428,-0.15374026,-0.086809374,0.25379804,0.063501835,-0.12158632,-0.5125922,-0.41425985,0.09754939,-0.012039944,-0.047667775,-0.30782977,0.5265879
960,0.41666663,0.59155035,-0.31124598,-0.31068864,0.64060825,-0.2284488,-0.16301781,-0.42588565,0.5380071,0.44157228,0.060543563,0.58848894,0.3791328,-0.013336963,0.2983472,0.43346
974,0.017125739,0.3461509,0.3908486,0.22887936,0.040084656,-0.28905082,0.00565506,-0.121004745,-0.0015732708,-0.32077724,-0.3651421,0.03668083,-0.08571245,0.23222955,-0.119511425,0.17256114
1238,0.34628552,0.19207539,0.20260824,0.011595571,0.05393687,-0.11847641,0.24827626,-0.349068,-0.13470508,-0.2665339,0.033915605,-0.45634815,-0.20148791,0.11461306,-0.1071443,-0.049459204
2057,0.30404413,0.20303763,-0.19373822,0.061280973,0.15351391,-0.085310385,-0.04018188,0.065103956,0.0946161,-0.08958506,-0.13951784,0.15517005,0.19667847,0.26883122,-0.1603929,0.03312039
155,-0.21347596,-0.18572026,0.08567392,0.3040485,-0.37893087,0.5325182,-0.54683673,0.11945102,0.076920785,0.35749647,-0.0367155,0.09547846,0.30773672,0.34078974,0.09261279,0.16044977
169,0.22106637,-0.51259124,-0.15936904,0.48949984,-0.43720806,-0.41707367,-0.31408957,-0.054557256,-0.1696261,0.12775877,-0.3551192,0.51822513,-0.39245316,0.17059675,0.12737316,-0.23018105
83,0.05630228,-0.03498014,-0.34668985,-0.20255674,-0.07338479,-0.06578718,-0.012608509,-0.19125378,-0.10367844,-0.23070134,-0.16966213,0.19396223,0.02212468,0.32191387,0.12309052,-0.08137356
1402,0.06912036,-0.3510211,0.23456548,0.010689254,-0.501694,0.018226825,0.28814074,-0.2684529,-0.22175469,-0.24497926,-0.22675227,0.14439055,0.049993582,-0.08108295,-0.1937232,0.22722967
196,-0.1725878,-0.5135734,-0.5889671,0.17214997,0.20142825,-0.28568673,0.008517273,-0.7033249,0.048898768,0.57614845,0.2164883,0.22278073,0.52981555,-0.35595033,0.51561207,0.2048611
68,0.061077278,-0.097562864,-0.22600661,0.5385442,0.041570637,-0.16653708,0.25717223,-0.06084201,-0.14401685,-0.1296097,0.10824514,0.4711605,0.22169636,-0.050861593,0.3648736,0.20441225
1364,0.42424914,0.2205738,0.45441297,0.27043334,0.041793402,-0.283659,0.3460286,-0.46054864,-0.5187268,-0.2354249,-0.09631597,-0.48310575,0.06422698,-0.27866575,-0.020593556,0.07674337
1370,-0.14273019,-0.38865483,-0.023886882,0.6744599,0.16158956,0.61544,-0.27081183,-0.23492244,-0.38550434,-0.20105433,-0.04384321,-0.2481446,-0.26772133,-0.31390575,0.19910789,0.21827729
182,-0.22371875,-0.6144582,-0.6267111,0.44959867,-0.5287967,-0.043878302,-0.41215906,0.09379993,-0.19082677,-0.13910113,-0.35116738,0.32333428,0.4398542,0.6206348,0.064079314,0.09175409
1416,0.11915373,0.013684898,0.33078307,0.18321145,-0.18022767,0.23998229,0.27906162,0.03535842,-0.38326445,-0.12740073,-0.13576737,0.074338086,-0.12440488,-0.048905864,-0.025804754,0.43127626
54,0.19637176,0.039233353,-0.27106234,0.6544207,-0.45441362,-0.49372518,-0.3989988,-0.14179787,-0.11225714,0.15336095,-0.39577916,0.06731777,0.114085056,0.10735867,0.22136179,-0.2638245
1358,-0.0038757727,0.61246586,0.5434332,-0.75017357,0.40011182,0.2283769,0.19148807,-0.09913147,-0.03009559,-0.5214788,-0.34646723,-0.21354294,0.07943367,-0.12016,-0.091868475,-0.18871887
814,-0.15515994,0.73218477,-0.0122263525,-0.2576248,0.53438747,-0.64532906,-0.7710905,-0.822729,0.7112696,0.7186238,-0.66626596,0.73309785,0.52217877,0.019296695,0.8005233,-0.12170014
40,0.28932387,-0.032656666,-0.009624333,0.22113489,-0.06269515,-0.11444036,-0.13161604,-0.19818097,-0.050699983,-0.008481502,-0.16503368,0.23903477,0.17432615,0.17622069,-0.17959811,0.19428636
800,0.112438574,-0.0015790152,-0.101902895,0.13370351,0.16567715,-0.31779015,-0.10357339,-0.15960804,0.08019584,-0.2525146,-0.16674201,0.27196,0.0202403,0.34216318,-0.100766696,0.08153551
431,-0.35491458,0.08811452,0.19353858,0.3819956,0.6133197,0.40265322,-0.6632415,-0.6720835,0.3810499,-0.29844096,0.15225652,0.33696198,-0.005380415,0.43632498,0.24432696,-0.14957592
357,0.25731313,0.18006328,-0.029577373,0.44479364,0.17708282,0.08915959,-0.19713315,-0.1159925,0.31324628,-0.49149948,-0.011235725,0.25176674,0.15805367,0.22354837,0.1336063,0.015426981
343,0.11707804,0.2193563,0.18509614,-0.060785275,-0.005887947,0.2194147,-0.26716784,-0.25004265,0.26559788,-0.16041386,-0.08414864,0.16850415,0.18524352,0.25045952,0.07821339,0.35472777
425,-0.33223626,0.24740212,-0.44822204,-0.41910812,0.38667437,-0.06386661,-0.49229285,-0.07753453,0.025049482,-0.2847131,-0.25679466,0.5536577,0.3574467,-0.32632533,0.687021,0.148931
1199,0.24135262,0.05399788,0.08029235,0.23487763,-0.19941573,0.00059504056,0.13606755,-0.33137912,-0.2173027,-0.118981674,0.076018825,0.06155285,0.044594653,0.004684764,-0.2946523,0.44969106
1827,0.48148796,0.34201512,-0.037040804,-0.27774203,0.018900802,-0.2016468,0.3228773,-0.029842699,-0.4189936,-0.25949886,-0.18481119,-0.3883734,-0.0873873,-0.009626039,-0.04547713,0.26948357
1833,0.020601826,0.028330363,0.35020393,0.31673843,-0.27337113,-0.15919212,0.17298613,-0.19425075,-0.40910885,-0.23232555,0.18157245,-0.08034795,0.21748689,-0.13454121,0.018404342,0.107959285
419,-0.5475061,-0.081596054,0.24500589,0.18238,-0.37892905,-0.36260226,-0.0072869877,-0.24086602,0.1289271,-0.29221797,0.5441459,-0.13276668,0.3945714,0.40708974,0.09995562,0.24183309
1166,0.2574424,-0.34977227,0.35252026,0.3000058,-0.23397705,0.25748563,0.15899521,-0.23437661,-0.33462143,-0.33167645,0.0212142,-0.034105934,0.001697114,-0.29644212,0.13423438,0.1647931
1600,-0.28316385,0.6706713,0.2984156,-0.32360554,0.79853386,0.7573154,-0.3509467,-0.15787433,-0.005192971,-0.38378236,-0.08387961,-0.36340597,0.52152205,-0.56176174,-0.8328396,-0.35228705
1614,0.12648752,0.0006373375,0.46535572,0.008491029,-0.13434795,0.1158763,-0.08010498,-0.15445183,-0.35231814,-0.43910292,-0.045077506,-0.030018503,0.18427554,-0.22568412,-0.10578327,0.037926994
380,0.36229447,0.2861713,0.5696371,0.43974036,0.06919639,-0.18761024,-0.48878935,-0.38138774,0.4053939,-0.034462627,-0.06653708,0.33457765,0.4415337,0.37804624,0.0011867651,0.49885938
1172,0.13565105,-0.3712968,0.4677628,0.52022403,-0.24268457,0.17646722,0.25122926,-0.03381595,-0.31491753,-0.266182,0.025314055,0.1625395,-0.13240522,-0.3533499,0.3378013,0.16172886
1628,-0.38347515,-0.18963608,0.07595665,0.009077091,-0.048245903,0.2836834,0.37073228,-0.25784346,0.5047809,-0.0896483,0.15754358,0.3613303,-0.17441982,0.065924756,0.050496455,-0.16480824
1629,-0.13802664,-0.019820668,0.04255377,0.2022296,-0.04462578,0.0047213235,0.33803788,-0.15038788,-0.23402683,-0.08552642,-0.3413171,-0.31678215,-0.09060024,-0.2515579,-0.15793484,0.051341493
381,-0.12545447,-0.3404842,0.14858398,0.22021985,0.116425894,-0.45157415,-0.72062975,-0.6221501,0.16078436,-0.47823894,-0.48880392,0.8566891,0.5175828,0.24512428,0.2939844,-0.4518729
1615,0.08774614,-0.071516,0.32242155,0.14000481,-0.1320072,-0.07895784,0.11790406,-0.20193948,-0.23811153,0.01796721,-0.28339842,0.07832781,0.009183596,-0.090018295,-0.2649506,0.15429261
1173,-0.1902796,-0.15008761,-0.12917456,0.35486656,-0.4786814,-0.2598309,-0.20159774,-0.1422708,0.1259657,-0.26222232,-0.11399182,0.15471771,-0.27922073,-0.033276614,-0.09912941,0.16198538
1167,-0.57697725,-0.5501426,0.34068123,0.11095044,-0.6038842,-0.41277912,0.18150921,0.25486284,-0.23675676,-0.48922902,0.07692306,0.2357947,0.03587116,0.3960794,0.030719282,0.44994983
1601,-0.52774787,0.36013117,0.28543878,-0.073651314,-0.30678755,-0.38414502,-0.2644428,-0.052299816,-0.24588907,-0.21830595,0.32776704,0.12510522,0.28510308,-0.1919958,-0.41537985,0.12530732
395,-0.17952661,0.2597702,-0.12424916,0.07892966,0.38014513,-0.47817075,-0.32837862,-0.4136152,0.23885475,0.13418506,0.02449745,0.60125875,0.36158922,0.17650254,-0.4286244,0.09011538
1832,-0.101991326,-0.271685,0.63198745,-0.10751912,0.103437535,0.07621179,-0.45248517,-0.43144694,-0.34713405,-0.2445889,-0.27320093,-0.4573595,-0.045189865,-0.7793422,-0.14416729,-0.033235293
1198,-0.12837109,-0.19311725,0.34734455,0.38906336,-0.4453462,-0.08314219,0.06840402,0.11665005,-0.14321545,-0.3401965,0.52835274,-0.037443526,0.10240112,-0.15065551,0.35091,0.2733723
1826,-0.03450672,-0.037301388,0.059752226,-0.46355572,0.2183541,-0.21254325,0.2504768,0.10299937,-0.32823828,0.034960084,-0.33967313,-0.17372504,0.23167995,-0.13003527,0.053723652,0.36898857
342,0.33364144,0.056305658,0.16937633,0.34784132,0.016269965,0.34924072,-0.23444843,-0.21741417,-0.47120136,-0.25721195,-0.040675364,0.15373656,-0.12183834,-0.20978552,0.17512526,0.15384738
430,0.124114946,0.00043483448,0.49901795,0.24925359,-0.015420052,-0.15087998,-0.50238633,-0.12424327,0.33053985,-0.17551483,0.013794687,0.4946567,-0.0040860022,-0.0268045,-0.203849,0.25643072
356,0.47863474,0.11931747,0.5936559,0.3654286,0.42683414,0.39046207,-0.61086136,-0.099758714,-0.17109384,-0.53269434,-0.4317375,-0.11379711,0.65871114,-0.7986328,-0.1096284,0.3219542
801,-0.25762522,0.55200756,-0.7188176,0.19099736,-0.021982485,-0.44517478,0.16843195,-0.031218253,-0.10887925,-0.6139447,0.55358565,0.31336287,-0.33536744,0.34272757,0.14518997,0.26849788
41,0.23945276,-0.09520338,-0.32408124,0.09511731,0.231144,0.16321652,0.03046514,-0.055340055,0.058268897,-0.17497538,-0.10490465,0.43438122,0.37239945,0.29170576,0.14258736,0.53362787
7,0.6345167,-0.08691714,0.3891462,0.080196716,0.08448105,0.22802615,-0.38253698,-0.39069423,-0.39574212,-0.19575834,-0.22088686,0.48213014,0.5512006,-0.15179674,0.079694964,0.09652643
815,-0.10569434,0.11656547,0.08347853,-0.09061921,-0.13975786,-0.29006377,-0.5929967,-0.0704062,0.3770996,0.37507364,0.20727287,0.4074135,0.28879285,-0.1675243,-0.26056626,0.6733142
1359,-0.0722283,0.4101799,-0.20528652,0.6796673,0.14881061,-0.7469874,0.5508382,-0.6077806,-0.3470174,0.43075356,0.76022947,0.50794154,0.70110023,-0.8358673,-0.073407196,-0.2009762
55,0.17038026,-0.1221727,-0.07893748,0.1656766,-0.46217266,-0.0381501,-0.16211583,-0.6691024,0.04629064,-0.21157193,-0.59668875,0.49903882,-0.053976126,0.718011,0.2521612,0.010091159
1371,0.14282645,0.6474709,0.13952503,-0.71254927,0.54886,0.1684976,0.55385274,-0.0910173,0.07064691,-0.4087736,0.039459515,-0.24053738,0.23525879,-0.32215193,-0.19694221,-0.059786808
1417,0.32907742,-0.41579208,0.48140797,0.022488683,-0.21475762,0.046093322,0.40443522,-0.07014684,-0.40520832,-0.14343348,-0.27412286,0.19767989,-0.23483737,-0.2344939,-0.053649478,0.45070753
197,-0.41519406,-0.6636761,-0.45178223,0.4397083,0.16457541,-0.07182218,0.52161634,-0.20903769,-0.0070936233,0.6323874,-0.056215,0.3604183,0.78101194,-0.6924551,0.65225697,0.39748907
1403,-0.0876173,-0.008628944,0.24421263,-0.24406451,-0.1835901,0.07062689,0.35143596,-0.056730382,-0.17216642,-0.20302114,-0.16188647,-0.38715503,0.20762914,0.12300011,-0.06273693,0.3244128
829,0.20419416,-0.23946491,0.20766987,0.36413264,-0.1831238,0.05304023,0.033328015,0.006964869,-0.4026919,-0.49933493,0.11832619,0.562942,0.42677882,-0.3065803,0.3425839,0.25116828
1365,-0.394196,0.5024746,0.085378975,-0.20360588,0.1223939,-0.1628342,0.20008044,0.3216858,-0.482436,0.24596998,-0.45186234,-0.035973847,-0.523128,-0.14854336,0.27771103,-0.16664685
69,0.20422399,-0.68602705,-0.48016933,-0.09034233,-0.45361698,0.12787017,0.4121557,0.032892175,0.5999895,-0.8247721,-0.19639249,-0.13654278,-0.37880483,-0.3350857,-0.04324119,0.43130475
82,0.14261226,-0.47432077,0.47041026,-0.09485616,-0.5216605,-0.50236076,0.14407466,-0.20093077,0.04067396,0.058438048,-0.4493311,0.61678874,0.12552632,0.3234525,-0.11949278,-0.1789807
168,-0.41901103,-0.019248376,-0.04375937,0.54356176,-0.27085793,-0.03972862,0.2369615,-0.2413555,0.031987794,-0.4031758,0.30422512,0.23494643,0.28886974,0.36637723,0.1879898,0.14891143
96,-0.03940149,-0.13014328,0.15986937,-0.028238222,-0.22798893,0.064752154,0.11024464,-0.038459048,-0.09127076,-0.07974809,-0.22381541,0.36135608,-0.06634085,0.11580373,-0.004485167,-0.21914051
140,-0.04605431,-0.28316328,-0.414293,0.4484598,-0.44310948,-0.05569757,-0.38013747,-0.3369847,-0.41773558,0.46437758,-0.29617047,-0.045011457,0.33184823,0.38799086,0.6061079,0.055500746
154,-0.10977157,-0.03444493,-0.30721048,-0.054110933,-0.4410008,0.13162972,-0.39058837,-0.015751163,-0.22644547,0.29073906,-0.03605541,0.050409887,0.105264604,0.37164307,0.012037955,0.4170755
632,0.43125078,-0.051227,-0.28547698,-0.03856805,-0.19728391,-0.054041203,-0.5252853,-0.044126663,-0.07717168,-0.022271737,-0.37674737,0.7815707,0.2824878,0.42815048,0.15174015,0.038070455
1239,-0.064869426,0.20582105,0.5388952,-0.06977617,0.08800799,0.17647776,0.19862087,-0.21199487,-0.17274806,-0.43112203,-0.003777784,-0.59920627,-0.024794107,0.20442577,-0.02537131,-0.071398504
2056,-0.065254115,-0.07957671,-0.028423669,0.13508283,-0.066566154,0.061261065,-0.087394424,-0.18642607,-0.29606974,0.05840944,-0.061313454,0.24174105,0.06525848,-0.006819165,-0.051203374,0.034398854
2042,-0.46198663,0.1887066,-0.07055393,0.36944076,-0.10532904,-0.26457936,-0.15588857,0.05211358,0.025767775,-0.18334882,-0.09503352,0.42471433,0.25111383,-0.0076914625,-0.12716159,0.094961464
961,0.065257974,-0.07421629,-0.37617788,0.27905297,0.19166136,-0.21355657,-0.51140654,-0.2135562,-0.07653677,-0.21940336,-0.30668184,0.19242848,0.024576029,0.26902148,-0.05040198,-0.02088719
1205,0.11456679,0.05015024,0.15485251,-0.12985972,0.14047024,-0.07186847,0.26113623,-0.23029958,-0.20476653,-0.25221986,-0.1905156,-0.50916773,-0.1275785,0.021388011,-0.09983453,0.19294098
791,-0.027226493,-0.49826226,-0.52668023,0.427138,0.18253396,0.011773966,0.5425922,-0.14997604,-0.3879029,0.04640057,-0.19413824,0.13261655,0.38129216,-0.09278193,0.36677247,0.43462154
949,0.28455982,0.35404444,-0.057724606,0.14557195,-0.0230011,-0.27180558,-0.5338949,-0.33900875,-0.3213681,-0.3352954,-0.31543866,0.41263977,0.24150346,-0.20428385,0.3044963,0.07991968
1563,0.20027208,0.53834593,0.33070433,0.3816782,-0.0998526,-0.026606329,-0.31092197,-0.20364445,-0.71659684,-0.37872133,-0.078889035,-0.5253496,0.29381242,-0.68351054,-0.454868,0.0135908015
1577,0.10249059,0.17436117,0.11334799,0.3594874,0.11170982,-0.025033941,-0.05296936,-0.19669281,-0.409684,-0.41697046,-0.10662593,0.40111545,-0.11662297,-0.35230538,-0.21620902,0.27446404
1211,0.13232839,0.071988724,0.24691613,0.013485717,-0.03986102,0.053225566,0.19488037,-0.12668285,-0.27487838,-0.3395535,-0.014669364,-0.42387834,-0.019304574,0.095754124,-0.1191848,0.23744904
1588,-0.25165376,-0.036563337,-0.007757851,0.22356004,0.08003332,-0.26128435,-0.004257277,-0.018695313,-0.2868326,-0.33413634,-0.1922042,0.20477892,-0.004143028,0.27816337,-0.0226451,-0.40807882
746,0.06300644,0.03805376,0.2569874,-0.16212633,0.112384796,0.05595102,-0.38254637,-0.5700807,0.009805187,-0.10351266,-0.26157746,0.06342292,-0.27839148,0.38681784,-0.09762281,0.119948074
1985,0.34849858,0.18061525,0.34299898,-0.152509,-0.10194805,-0.1436683,0.3581957,-0.15018599,-0.491786,-0.27525648,-0.40863407,-0.23889545,-0.027662914,-0.15582667,-0.062082488,-0.004406015
1749,0.16298725,0.06906302,0.38181826,-0.17990382,-0.22651777,0.027041413,-0.11762043,-0.02838827,-0.5142259,-0.18434541,-0.059131183,-0.30171964,-0.07245938,-0.29228663,-0.0051062633,0.1762039
1991,0.31976873,0.34695432,0.33352903,-0.0010550019,-0.21843183,-0.1245501,-0.032346487,-0.26485312,-0.30733728,-0.4324107,0.03976756,-0.2581484,0.12555918,-0.20000976,-0.16520372,0.08085477
1761,-0.12963188,0.14867385,0.3160917,-0.33598858,0.32032302,-0.06841083,-0.14362164,-0.16504094,-0.41947454,-0.5057148,0.013914842,-0.27420723,0.071230486,0.0046865074,-0.18998522,-0.0063361977
1007,-0.46498412,-0.35554773,0.21730612,-0.41336495,0.00981047,-0.15418044,-0.0036476895,-0.18447635,-0.025711896,-0.34126762,-0.5672556,0.08098149,-0.617981,-0.06395402,0.22758183,-0.3549944
1013,0.061658878,-0.010013443,-0.34445104,0.521024,-0.41797903,0.030748475,0.25610173,-0.2502569,-0.11903176,-0.6421355,-0.23970252,-0.13043569,-0.17878282,-0.11458331,-0.17211595,0.37338904
1775,-0.3727457,-0.34987825,0.09755128,0.24520776,-0.30285034,0.52312005,0.32806078,-0.37097335,-0.008970512,-0.3091895,-0.01945758,-0.16824114,0.065060355,0.16221857,0.24601504,0.5038697
1946,0.42673284,0.402053,0.49370125,-0.5392652,0.31944293,-0.3372093,0.39760533,-0.58224386,-0.6500802,-0.42471737,-0.6187353,-0.16110265,-0.04874471,-0.083185956,-0.06506446,0.48377836
1952,-0.07784379,-0.063077845,0.15818922,0.09998312,-0.2514714,0.117564924,0.25439954,-0.24905986,-0.26034743,-0.26322478,0.25644237,-0.19163665,0.37858313,-0.3431215,-0.06270671,-0.16038841
236,0.23253985,-0.44801095,0.06825196,0.47866002,-0.3879548,-0.33757254,-0.2776046,0.00956828,-0.24296373,0.06936937,-0.12470225,0.5307313,-0.09820827,0.5695187,-0.02695149,0.243291
550,0.31531167,-0.1777621,-0.1401187,0.102739826,0.31284234,0.11577088,-0.000777358,-0.23069015,-0.055955,0.07100038,0.05247455,0.1834069,0.3323847,0.05930792,0.27164868,0.016303156
544,0.08702487,0.34763578,0.060056817,0.44632307,0.1549021,-0.01866912,-0.23501071,-0.09966077,0.418235,-0.24359195,0.0433213,0.29725242,0.10079249,0.28542036,-0.013011484,0.4777638
222,0.06563816,-0.030674051,0.031648465,0.41732782,-0.20628974,-0.026959486,0.24793857,-0.003433661,-0.15790537,-0.06468304,-0.057110168,0.30439338,0.2758217,-0.14794314,-0.11092164,0.09171818
234,-0.4556584,-0.053924166,-0.4539258,0.40968883,-0.34180883,0.19855031,0.25638792,0.0933561,0.31072012,-0.37947512,0.025470857,0.64501846,0.11745297,0.3235225,0.2832386,0.22965124
1978,0.1623767,0.2520137,0.1076965,-0.476537,0.085352555,-0.2080817,0.43185845,-0.12221918,-0.31051517,-0.28271088,-0.21161757,-0.44063812,0.07871809,-0.20784873,0.034871962,0.028178778
220,-0.024696985,-0.22634149,-0.05277543,0.42869103,-0.47139332,-0.35006243,-0.23789531,-0.08974461,-0.35153303,-0.11200971,0.11145872,0.4635714,0.007027831,0.4968699,0.3330516,0.090410106
208,-0.36233371,0.10323926,0.24673729,0.33307713,0.37998667,0.014980045,-0.6672778,-0.23078677,0.099611424,-0.4144599,0.09705051,0.62632906,0.19799328,0.060993526,0.25750226,0.06681497
1944,0.12916298,-0.052752625,-0.0009889748,0.16960458,-0.16411795,-0.41756186,-0.05805234,-0.28279346,-0.3771419,-0.43708318,0.25860867,0.016934251,-0.30634686,0.20921965,-0.11206318,-0.09607866
1788,-0.54373187,0.10427714,0.15829833,-0.17302723,0.121044986,-0.060460407,0.48131418,-0.22755551,-0.022736251,-0.20346044,-0.01756871,-0.3122951,-0.38053915,0.27887815,-0.038699757,0.25159416
1950,0.12173713,-0.03488478,0.28351173,0.06919713,-0.18472712,-0.05035139,0.46163,0.032288253,-0.38423932,-0.4024667,-0.057706535,0.018094428,0.022520637,0.023044797,-0.048354596,0.38162556
1005,0.11890228,0.10528323,0.16653581,-0.025278099,0.08587615,-0.17540589,0.09953961,0.13967742,-0.34371963,-0.33021218,0.11613619,-0.15587032,-0.24856053,-0.059342086,0.09577956,0.21090236
591,0.34874347,-0.13625252,-0.26236126,-0.2197152,-0.5835683,-0.07782766,-0.09102126,-0.56936556,0.24839637,-0.19421095,-0.59053594,0.6258615,0.103767514,0.41145638,0.3061209,0.007799345
1763,-0.36030713,-0.049472965,-0.18751211,0.56768167,0.22000283,-0.4038387,-0.09390505,-0.05701676,-0.55573463,-0.799504,-0.092813924,-0.23561148,-0.45989227,0.2787549,0.003183235,0.39031348
1777,-0.47947174,-0.1883688,0.34149212,0.42483187,-0.16688295,0.4403807,0.2807066,-0.2848426,-0.040263057,-0.30882806,0.14015436,-0.48836848,0.08782195,-0.06619871,0.412896,0.42502424
585,0.5173566,-0.113887504,0.2837918,0.18119936,-0.031590596,0.011974894,0.04705692,0.028793637,0.14239872,0.012564083,-0.21266049,0.31024295,0.23395228,-0.23189354,0.23076123,0.063798636
1011,-0.10277055,-0.053914696,0.17651778,0.42275417,-0.1227541,0.10429704,0.22928123,-0.02952898,-0.20148093,-0.56916106,0.09906778,0.25983095,-0.45832282,-0.10988063,-0.0823288,0.38624233
1039,-0.22516434,-0.14441223,-0.02048209,0.06285293,0.0074408725,-0.24355365,-0.22757773,0.072385855,-0.5748568,-0.43759015,-0.19971989,-0.5130381,-0.21805489,0.06880738,0.014624007,0.039935485
1987,-0.08128972,0.2791927,-0.24253759,0.06521834,-0.09986507,-0.27495953,0.2695846,-0.18417826,-0.23323797,-0.45401484,-0.15357895,0.12935027,-0.106646046,0.109168224,-0.21251065,0.0031159914
1993,0.16523449,0.38417065,0.18935092,-0.3361674,-0.029404853,0.10356705,0.2862143,-0.33433604,-0.1678188,-0.49255198,0.0020329403,-0.39130497,0.042726755,-0.12581581,-0.13235913,0.047487024
750,-0.6068571,-0.008179102,-0.4232417,0.20401001,-0.2897693,0.5453291,0.21363829,-0.23069318,-0.043387588,-0.026427351,0.19476321,0.46910465,0.25512445,0.70933163,0.0645164,0.16939703
988,0.17910004,0.16015491,0.17075938,0.3314791,0.1509461,0.037017114,-0.5190625,-0.3395982,0.3285151,0.14786059,-0.118884355,0.1321525,0.21757457,0.21896006,0.109101005,0.27595052
744,0.28294984,-0.09615748,-0.40353954,0.1777328,-0.057709504,-0.3691499,-0.26029816,-0.062221147,-0.17688443,-0.45255917,-0.632801,0.46929583,0.45905825,0.47230908,0.20489852,-0.06766093
1561,0.028746711,-0.25426137,0.31555104,-0.21984692,0.3220759,0.36524904,-0.036298078,-0.52517736,-0.39018732,-0.32991797,-0.49397445,-0.099320054,0.17979284,-0.086391166,-0.65474105,-0.3270497
1207,-0.5876003,-0.35803443,-0.050964106,-0.3111984,-0.49464464,-0.16563487,0.5081399,-0.24531318,0.41624972,-0.008799678,-0.13588524,0.037297286,-0.4097005,-0.24660034,-0.313166,-0.080909155
1213,0.020512598,-0.26146534,0.2021766,0.021174885,-0.24364085,0.19487585,0.5529412,-0.28005105,-0.109711595,-0.38839123,-0.10288592,0.16817884,-0.13789926,-0.38214678,0.033245556,0.49009433
787,0.29524076,0.5165943,-0.08104074,0.15650262,0.17052633,-0.18350966,0.011174845,-0.34799272,0.27004662,-0.0112894485,-0.11842801,0.48249048,0.35995972,0.15439984,0.008133567,0.19541612
1575,0.11388912,0.14830798,0.09635325,0.25324857,-0.25435197,-0.02288742,0.011324182,-0.3266022,-0.26905447,-0.3117977,0.0032989339,-0.14489318,0.0057954066,-0.2875007,-0.28766528,0.28487492
2054,0.34796456,-0.46887407,0.24611533,0.097825795,0.026246818,-0.036737405,-0.032973386,-0.50891006,-0.1387799,-0.12637219,-0.26314756,0.45571306,-0.31205425,0.08657368,0.076265655,0.3071706
977,0.58487064,0.574458,-0.10756846,-0.23185062,0.27893102,0.131003,-0.15413035,-0.45852256,0.10893613,-0.054725368,-0.01150155,0.16422644,0.6643198,0.5834835,0.2244087,0.43119258
2040,-0.39947638,-0.032915846,-0.52888167,0.026592435,0.6742694,-0.6180888,0.25351232,-0.775752,-0.21583074,0.7139701,0.05416178,0.4633447,0.3325764,-0.3670142,-0.4172545,-0.75389713
1549,0.3440461,0.29060537,0.58048767,0.16475059,-0.18664211,-0.10377335,0.11209695,-0.2733856,-0.64209193,-0.60419106,-0.3197839,-0.5265438,0.38634872,-0.65717417,-0.035476506,0.42400688
142,-0.08548676,-0.49227655,-0.5155684,0.35634413,0.11477286,0.052498117,0.26644975,-0.17113917,-0.034141682,0.13509159,-0.25803727,0.20361085,0.5056713,0.05439348,0.26597852,0.42640498
156,0.07641212,-0.20862326,-0.49647275,0.15843622,-0.034479737,-0.17884928,0.03313599,-0.030278359,-0.14797735,0.13769451,-0.4219015,0.395947,0.34270924,0.5105009,0.46284103,0.10489038
80,0.21617198,0.471802,0.11165832,0.2549541,0.1028758,0.057418212,-0.35169363,-0.15786882,0.3577237,-0.12357443,-0.3592815,0.41185093,0.14683938,-0.1561435,-0.07196659,0.17273661
1398,0.07901969,0.3072623,0.5639196,-0.50101525,0.41361246,-0.26994628,-0.011866923,-0.124939404,-0.41517645,-0.49582893,-0.43389976,-0.3535091,0.16410343,-0.30727297,0.076154515,0.3534216
181,0.3531899,0.19477805,-0.5199181,-0.0010653582,-0.3061282,-0.4380675,0.18019354,-0.45894802,-0.065843076,-0.09080827,-0.12861054,0.3907864,-0.14091817,0.52355266,0.35223576,0.21330102
1415,0.15400858,0.23015125,0.061518263,-0.11376362,-0.19325978,-0.16512269,-0.14714946,-0.0069829207,-0.45104846,-0.037166793,0.098676674,-0.4786657,-0.083158694,0.009252351,-0.63686925,-0.07259466
1373,-0.37425232,0.2541707,0.3528447,-0.24967836,-0.020273397,0.123220935,0.39233837,0.15748505,-0.26291093,-0.17006734,-0.37986296,-0.15530892,-0.34979814,0.0010481101,0.3177385,-0.17428038
1367,0.05428942,0.37550572,0.28573924,-0.34622088,0.029370345,-0.36449674,0.3387,-0.11114207,-0.555608,-0.20108469,-0.39424348,-0.24816515,0.24286558,-0.32335746,0.17906992,0.24599253
1401,-0.12932877,0.083331205,0.3319848,-0.39151773,-0.012981759,0.041046552,-0.035010442,-0.2316078,-0.3695632,-0.46209556,-0.24017896,-0.44227383,0.04314188,0.22804123,0.07955936,0.28701928
195,-0.16278777,-0.19075134,-0.33808532,0.25895113,-0.37558103,0.27028733,-0.15474337,0.2841039,-0.2158701,0.030651517,-0.13752612,-0.13556889,0.19956765,0.23991823,0.058246568,0.49518818
1429,-0.65120167,-0.21163489,0.34662974,0.037309874,-0.7920237,0.38288933,0.21303383,0.28207397,-0.028597208,-0.122723706,0.40084234,-0.13963617,0.04394952,0.18285316,0.20905194,0.49391335
43,0.6663832,0.5552156,0.6214423,0.57648253,0.20582318,0.0877626,-0.56834614,-0.34686354,0.51218116,-0.33770195,-0.28062597,0.019121422,0.56605464,0.65727717,0.13096783,0.015260807
5,0.29337138,-0.12400444,-0.0396878,0.19005214,-0.14295061,-0.13577828,0.08486251,-0.3861187,-0.09695981,0.022596473,-0.4011516,0.4066232,0.31459317,0.27972737,0.10802137,0.013926819
426,-0.18915501,0.1400441,-0.38476095,0.07258557,0.3222849,-0.35016727,-0.11484047,-0.7864476,0.1447461,0.38750798,0.3994647,0.50673777,0.7657643,-0.54140157,0.48477805,-0.08424829
340,0.18461025,-0.30584592,-0.19785845,0.20534116,-0.45996973,0.02626463,0.011052176,-0.39853832,-0.31427726,-0.046777822,-0.030466007,0.20329861,-0.16680533,0.042723138,-0.14121169,-0.30197763
1818,-0.5049659,-0.0265324,0.3726865,0.0049902606,-0.5031088,0.20574394,0.6081906,-0.44562912,0.1658047,0.08855775,0.22322737,-0.17818384,0.0020113857,-0.3889621,0.102715224,0.52848876
354,-0.067969285,0.7553462,0.5173411,-0.044396788,-0.17164849,-0.13717179,-0.26705176,-0.36364728,0.7757677,-0.3604194,-0.5304329,-0.4181193,0.11354292,-0.024165224,0.0392273,0.36850697
432,0.033347372,-0.007323261,0.087114505,0.6305223,0.41105637,0.013764436,-0.5151841,-0.13135685,-0.071250394,0.16373691,-0.36737284,0.39097705,0.30716786,-0.12836647,-0.25535622,-0.33938357
1830,0.3885687,0.42270496,0.019334558,-0.48011154,-0.3260053,-0.11443698,0.31778663,-0.49093506,-0.55361515,-0.370145,-0.19004692,-0.1953309,0.105097964,-0.24871176,0.107100144,0.48215204
1824,-0.3181188,-0.66297257,0.53538334,0.29798526,0.26424465,0.70025724,-0.123286575,-0.5204939,-0.50341415,-0.3578372,-0.34873918,-0.6760653,-0.0288153,-0.4230647,-0.2814343,-0.31392395
368,0.20974259,-0.059282955,-0.265614,0.28598955,-0.29188213,0.011467356,-0.030033978,-0.41636503,-0.4363231,-0.16422038,-0.44600978,0.26189098,0.1361437,0.6344627,0.45531386,-0.21496543
1171,0.5449379,-0.51921535,0.5783897,0.2143762,-0.5697568,-0.57687086,0.17448458,-0.19953507,-0.31250274,-0.3244366,-0.05903171,0.4094487,-0.45385033,-0.10823734,-0.2804423,0.1473525
1617,0.4313924,0.19223124,-0.1591754,-0.08162419,0.04651457,0.389207,-0.20660117,0.1742828,-0.043404493,0.29566646,0.2625413,0.3216005,0.25835893,-0.5600589,-0.29402146,0.19969605
383,0.28842458,0.527107,-0.055666655,0.7137841,-0.1985619,-0.38083377,-0.69618255,-0.1686889,-0.17843495,-0.33605534,0.32611188,0.18621904,0.2793979,0.6931417,0.32202607,-0.034983657
397,-0.3534801,0.2192277,-0.5926174,0.38628453,-0.12959138,-0.69537055,-0.5274889,-0.3185123,0.3953002,0.5698045,-0.52009314,0.4300104,0.33531237,-0.47526056,-0.11385929,-0.2140687
1603,0.5196046,-0.08021796,0.5754198,0.09742753,-0.07882901,-0.17386849,0.24415897,-0.39396614,-0.3651188,-0.24459268,-0.022033798,0.03903701,-0.05412194,-0.30430043,-0.4530043,0.2820117
1165,-0.14068542,0.16225246,-0.043057118,0.08647159,-0.17610934,0.15666708,0.2661696,0.120318405,-0.2948872,-0.3347817,-0.027958466,0.38026032,0.39269367,-0.33683154,0.21004012,0.12641622
1159,-0.16820602,0.06136985,0.28663948,-0.3686044,0.22558622,0.30024928,0.09622037,-0.24395014,-0.2392237,-0.09709721,-0.14097625,0.012259278,-0.1998441,0.11426342,0.06253702,0.2888907
1158,-0.16380945,0.08348991,0.23913682,-0.32800695,0.18190874,0.2934048,0.0024252618,-0.19408058,-0.26976296,-0.021539045,-0.10445874,-0.034104362,-0.1490396,0.005270708,0.030185802,0.3459212
1602,-0.0636904,0.0991129,-0.13912037,0.06801986,-0.04568386,-0.4318907,-0.1019566,0.024351021,-0.38063824,0.37434924,0.32318133,-0.13201118,-0.32724434,-0.30755836,-0.33555815,0.14068778
1164,-0.031721294,-0.60423,0.51181704,0.06461486,-0.099783786,-0.02686103,0.3837693,0.11081415,-0.4528165,-0.45910573,-0.10766854,-0.388135,0.3175143,0.06542963,0.27351245,0.5075357
1170,-0.399907,-0.5147036,0.44517988,0.2026375,-0.46832505,0.3166008,0.25713605,-0.011404608,-0.10172673,-0.23941582,0.28263035,-0.19614813,0.33992216,0.015339259,0.44640222,0.4596992
1616,0.0035184068,0.41321883,0.2864553,-0.11818962,0.012841285,-0.016178917,0.26868787,-0.016766787,0.07447291,-0.3737219,0.0808905,-0.14780375,-0.12181694,0.052786976,-0.21541873,-0.21158943
369,0.09330989,-0.5459612,0.16028771,0.12441449,-0.30278778,-0.35788143,0.092557944,-0.4825573,-0.08336293,0.009709976,-0.58762354,0.455248,-0.08318294,-0.1332077,-0.28074786,-0.31599605
1825,-0.15851785,0.4008058,0.079457514,-0.21079491,0.37632975,0.4641795,0.22879553,-0.40028402,-0.26010543,-0.20237939,-0.17218488,-0.26176196,0.4381639,-0.046846163,-0.4901143,-0.031608757
1831,0.2750504,0.4274078,0.19328174,-0.39731467,0.2601026,0.2114531,0.28510246,-0.08598305,-0.06131571,-0.02361164,-0.0013580091,-0.47916275,0.2620567,-0.027132101,-0.40072432,0.119920716
355,-0.28743044,0.10729771,0.038917895,-0.01589434,-0.3349395,0.4728588,0.13916828,-0.46726066,0.5581193,-0.18448538,-0.41689384,0.5789091,0.2500915,0.24999061,-0.00654811,0.050058953
1819,-0.415955,0.22225237,-0.10246495,-0.08720269,-0.30312413,0.107507795,0.5809089,-0.4267223,0.34001336,-0.1176187,0.07967483,-0.26285887,0.16912149,-0.13588198,-0.40227953,0.32915452
427,-0.06722988,0.1324112,-0.0941009,-0.382842,0.16100766,-0.21591754,-0.15914495,-0.047022782,0.1845547,0.064706154,0.24240185,0.49826768,0.36813924,-0.08254412,0.027408997,0.5152857
341,0.23825027,-0.30012643,0.07902478,0.3714079,-0.14396237,-0.0697413,0.1627244,-0.17398208,-0.14035179,-0.16505305,-0.23287427,0.21405905,-0.091410875,0.008526819,0.020410221,0.025120653
56,0.2211621,-0.12984447,-0.43875968,0.3671973,0.55847836,0.082820676,-0.13691473,-0.57065934,0.30485418,0.43389717,0.04571575,0.2263569,0.53924155,0.054304063,0.19699351,0.26242617
4,0.40896297,-0.1612536,-0.15100643,0.5148108,0.021831986,-0.25504282,-0.15935868,-0.19945604,-0.20421256,-0.20407377,-0.5504229,0.377523,0.28749874,0.3017127,0.3409518,-0.011232509
1428,-0.33080572,-0.37411293,-0.07423981,0.15844323,-0.17396988,0.04060767,0.5194705,-0.1493161,0.27761397,-0.20144185,-0.14490981,0.4054847,0.035103228,-0.092689194,-0.09967781,0.20598418
42,0.5492203,-0.25267887,-0.4796776,0.16666165,0.31329027,0.005124286,0.023157371,-0.49641857,-0.21260346,0.15388675,0.15622687,0.13707586,0.65865755,-0.4329827,0.4938924,0.123374954
1366,-0.07993818,-0.15836425,-0.060120516,-0.1334221,0.38440305,-0.5019151,0.03434238,-0.5246588,-0.32200548,0.16425444,-0.11194704,-0.18496889,0.31450424,-0.54543775,-0.27159396,-0.36941767
194,-0.25150266,-0.599283,-0.4570393,0.5288951,0.2129189,-0.13783148,0.5479994,-0.26615015,0.092782706,0.3119788,0.18483064,0.3986752,0.4794019,-0.32096368,0.49812824,0.12517124
1400,0.15332139,0.43365705,0.6320346,-0.4398705,-0.031579275,-0.21560095,-0.04780229,-0.11589976,-0.44996986,-0.2171099,-0.5566112,-0.5584955,-0.03704285,-0.4825992,0.049654793,0.5065645
1414,0.114342086,0.15650877,0.18187138,0.36434573,-0.091751084,0.28380245,-0.09836832,-0.06908916,-0.14687099,-0.41927317,0.012838984,0.052647866,0.30051562,-0.24005437,0.010940674,0.12816119
180,0.48548156,0.053478397,0.49195263,0.6928606,-0.31754193,-0.08343575,-0.15815061,-0.6390795,-0.39626125,0.081236035,-0.06294637,0.62272674,0.19309178,0.083345406,0.31015733,-0.21269707
1372,-0.11027356,0.41184112,-0.52055573,0.2100296,-0.06140738,-0.067789555,0.10437958,0.14344485,-0.16639136,0.15338992,0.58018667,-0.2680838,-0.553351,-0.38510022,-0.1197535,0.4402124
1399,-0.6618499,0.18885893,-0.05304191,-0.09923193,0.07660262,-0.4947767,0.035981048,-0.4314499,-0.47367337,-0.3775546,0.17933947,0.4428453,0.07735448,0.24122855,-0.2857713,-0.43881088
95,0.15676509,-0.14335747,-0.009451786,0.24899167,-0.06783352,0.2826989,0.20424087,0.002528513,-0.38886234,-0.20807308,-0.072012976,0.32223397,0.27873605,0.060082916,0.09237145,0.21653421
81,0.53272533,0.44639853,0.4193038,0.18015124,0.26045516,-0.021424681,-0.60251963,-0.25233603,0.34827974,-0.2763616,-0.080151305,-0.025431283,0.2318379,0.41270903,0.38458398,0.023779472
631,0.21787211,-0.016882656,-0.3977625,0.0073628062,0.6505618,-0.48424384,-0.23973392,-0.45006648,0.15706049,0.51703846,0.13437095,0.078212015,0.3372433,-0.27809647,0.43932745,-0.019676901
157,-0.14179124,-0.31124347,-0.81047356,0.50385743,-0.015455145,-0.04295624,0.04487215,-0.24272451,0.09410843,0.64728516,-0.031557117,0.28048837,-0.11192611,-0.011931412,-0.20043641,0.7538955
143,-0.121838965,-0.6526134,-0.6892689,0.5775514,0.08263227,-0.17809767,0.22966884,-0.23088227,0.04687833,0.17306721,-0.0632553,0.1250589,0.07034745,0.055907223,0.17346874,0.349976
625,0.13690649,-0.34200346,-0.13538748,0.4101736,-0.1914826,-0.07038471,-0.08618039,0.24622166,-0.24328338,-0.16713345,-0.118784964,0.18111908,-0.15847322,0.1812672,-0.123273216,0.07549598
962,0.12908475,0.28907943,-0.3692292,-0.173228,0.068532996,-0.24006747,0.13376005,-0.11570552,-0.0067483354,-0.5122361,0.057158254,0.2993742,-0.13270226,0.45967048,0.18393384,0.24830054
1548,-0.10466986,0.20401184,0.112536125,0.5976731,-0.3116664,-0.05642536,-0.35543883,-0.34039035,-0.43713835,-0.5568805,-0.075027436,0.573637,-0.0051765726,-0.62904304,0.01368365,-0.10296392
2041,0.0048403437,0.03870841,0.36812967,0.56932545,-0.34202307,0.020090558,0.32705274,0.15775974,0.18162644,0.068773836,-0.25422567,0.39503798,0.20531714,-0.09450652,-0.07772061,0.03653195
2055,-0.25427237,0.4212451,-0.14577493,0.2161167,0.0145923,-0.24055474,-0.40305656,-0.13137929,-0.043457843,0.45050865,-0.36492264,-0.0074905534,-0.21419284,0.25811943,-0.21236616,-0.12009752
976,0.2271719,0.35579866,-0.16065417,0.4284603,0.36897746,-0.46148202,-0.6588815,-0.64874566,0.59451586,-0.011226131,-0.039961036,0.39096522,0.054410752,-0.19707751,0.3108294,0.44588298
1212,-0.20021415,-0.25713515,0.11384903,0.14306702,-0.33162552,-0.31885558,0.22685324,-0.10148455,-0.22520077,-0.10497468,-0.1349416,0.057548665,0.04432763,0.09011855,-0.15623783,0.2460836
1574,0.46116298,0.034470763,0.51523995,-0.34029627,0.083759815,-0.12196779,0.10896966,-0.17978905,-0.47934216,-0.2231918,-0.32553518,-0.55943704,0.25238937,-0.49378157,-0.31848755,0.35021716
1560,-0.13012557,-0.26192752,0.018704029,-0.07556309,0.2753697,-0.1506848,-0.1445395,-0.26283106,-0.38984188,-0.19106056,-0.33072987,-0.16877285,-0.15965012,-0.36912143,-0.36134657,-0.10789249
1206,-0.07981618,0.21135451,0.11972687,-0.42095828,-0.059452202,-0.2126352,0.27871978,-0.035833083,-0.18485966,0.07631759,-0.04956427,-0.55208373,-0.008892108,0.2880078,-0.22891478,0.025222925
779,-0.0025888158,-0.34537756,0.25685903,0.7086879,0.4950418,-0.21422844,-0.30489212,-0.21467993,-0.1015722,-0.07913427,0.10778722,0.49182776,0.21751212,-0.39962295,0.14124799,0.38894126
745,0.40261474,0.09741103,0.06844823,0.46466002,-0.5089605,-0.24545966,0.034209725,-0.17113003,-0.26459476,-0.06483161,-0.10004464,0.6420727,0.43063042,0.21587859,-0.09843287,0.12286553
989,-0.31224877,0.018719843,0.094021045,0.31235898,0.45905685,0.119876824,-0.51139045,-0.63669646,0.21043608,-0.30343428,-0.401262,0.66186476,0.17696416,0.29385567,-0.11696047,-0.3441716
1992,0.27821237,0.40155247,-0.07516185,-0.5318214,0.31742498,-0.12778302,0.32683015,-0.4213853,-0.42319527,0.124622874,-0.12116771,-0.27686626,0.002922832,-0.10870481,-0.11275984,0.14315833
1038,-0.018623628,0.09240212,0.14197445,-0.028327588,-0.28794214,0.0070307287,-0.17234626,-0.41719398,-0.37774056,0.23733035,-0.5094622,-0.5727929,0.2252514,-0.6951473,-0.29260725,-0.1839725
1986,0.38426176,0.2880625,0.34451628,0.0020407783,-0.20750721,0.123771526,0.094881676,-0.31748223,-0.55598116,-0.34914494,-0.33040226,-0.43168628,0.1800154,-0.25199226,-0.40672332,0.28019866
1776,-0.27478516,-0.53150475,0.5390341,0.37361628,-0.06009522,0.3011266,0.41023475,-0.33840045,0.09842971,-0.27681705,0.3293864,-0.3341674,0.0938653,0.072303206,0.32582346,0.38411525
1010,-0.40093827,0.21359044,0.04812404,0.20695166,-0.07990166,0.020340797,-0.12577711,0.03815367,0.33013785,-0.58661497,0.46764505,0.4136661,-0.19793636,-0.20467053,-0.1740226,-0.20254184
584,0.0024712333,-0.20722397,-0.34056908,0.28775072,-0.18972223,0.2042272,-0.20279416,-0.035603914,0.15920661,-0.5066409,0.114747345,-0.22640021,-0.2687218,-0.078343675,0.47058317,0.37178415
1004,-0.007371655,0.20571642,0.13027747,-0.24581228,-0.11462459,-0.07300365,0.4198651,-0.1879378,-0.29000077,-0.37261602,-0.27977073,-0.21939729,-0.006843922,-0.05463466,0.10218962,0.4213593
1762,-0.08457694,-0.0140195545,0.3611672,0.16815358,0.09781859,0.16445568,0.13454536,-0.045503978,-0.33621952,-0.32995898,-0.22695649,-0.22497468,0.20508559,-0.30223355,-0.05424631,0.1992588
1951,0.29567063,0.23472892,0.126256,-0.092527665,0.088246055,-0.155111,0.3854803,-0.18734218,-0.4157844,-0.22798878,-0.18239532,-0.3683455,0.17540957,-0.31135422,-0.12986593,0.32259622
1789,-0.027871327,-0.15814826,0.05110636,-0.0014869635,-0.050352644,0.040842526,-0.057905164,-0.24190038,-0.38387987,-0.24681988,-0.24362105,0.078336366,-0.0036308456,-0.38604847,-0.13620587,0.2003668
1945,0.2941041,-0.14510825,0.16277292,-0.18200064,-0.09731493,0.06125397,0.13748826,-0.06919021,-0.061065476,0.04523798,-0.1870595,-0.15757315,0.016529568,-0.009771088,-0.09991591,0.13959993
209,0.010625376,0.07084927,-0.19543213,0.48500285,-0.09429772,0.056928482,-0.03747273,0.118708424,-0.22217143,0.04985321,-0.05138142,0.3071876,0.0520535,0.34125257,0.118933365,0.7461481
221,-0.115410484,-0.22075708,-0.36432678,0.17338099,-0.23424502,-0.42877036,-0.09166011,-0.10487672,-0.17270435,0.10120019,-0.04431509,0.33427706,0.015859019,0.40692267,0.52814317,0.18866673
547,0.28496984,-0.6204748,0.27062547,-0.0394437,-0.5401689,-0.4386646,0.058648515,-0.4335694,-0.26998216,0.054263026,-0.69994813,0.5839981,-0.08577633,0.1782054,-0.10097201,-0.45535398
1979,0.19272576,0.2539349,-0.26068017,-0.23589964,0.18220119,0.03259889,0.2760456,0.20958687,-0.363199,-0.34093428,-0.1679989,-0.1806711,-0.035084914,0.20576829,-0.079203635,0.43473476
235,-0.4539722,0.8132982,-0.56754476,-0.049637288,-0.81655097,0.75858086,-0.18927534,-0.4536739,0.43586317,0.18719524,0.2528171,0.33159804,-0.18758151,0.50300664,0.21189806,0.67471564
1799,-0.27204603,-0.04713618,0.49722838,0.092240214,-0.17023629,0.18710075,-0.18483235,0.05034721,-0.50023025,-0.3139182,-0.18898894,-0.50166744,0.025246209,-0.056102812,-0.23732436,0.37520254
1941,0.44703454,0.3659049,0.085133806,-0.30661386,-0.13111398,-0.07537591,0.2820304,-0.36391428,-0.46688262,-0.1764483,-0.095559485,-0.38229966,0.2196568,-0.06955654,-0.012244317,0.5141907
219,-0.12139689,-0.0289819,0.32330748,0.6770619,0.009408249,-0.36314064,-0.13841482,0.058494758,0.33908492,-0.21861374,0.23681687,0.34897485,0.14022201,0.0749628,0.14213842,0.4182307
1955,-0.1849043,0.32855237,-0.25508243,-0.6189792,0.19206247,-0.27829078,0.6895632,-0.06901167,-0.33024868,-0.6430184,-0.5478024,-0.18078163,-0.3127437,0.2205353,0.32986888,0.36453608
231,0.08826033,-0.012525161,-0.1491786,0.2567474,-0.22110687,0.06641692,0.16421498,0.0022671705,-0.15009136,-0.19548576,0.04322388,0.4359279,0.22754155,0.14914021,0.024238413,0.03754425
225,0.198497,-0.3335878,-0.40370828,0.45435703,-0.19527341,0.26961172,-0.20578048,0.09469522,0.19930868,0.040828753,0.32374543,0.5078434,0.3976217,0.66978925,-0.1847127,0.114114605
1969,0.44887507,0.2559073,0.29513946,-0.03994391,-0.13150164,-0.14991462,0.28257376,-0.324445,-0.54545635,-0.169584,-0.1884581,-0.59957445,0.19457614,-0.19426931,-0.12535475,0.42083445
1982,0.36519334,0.12944236,0.36172417,0.6181911,-0.35709855,0.019605016,0.12090131,-0.28690806,-0.5110414,-0.28319204,0.22803624,-0.15562911,0.1277482,-0.24438237,-0.09087705,0.34158173
1028,-0.23140815,0.2315009,0.2635452,-0.5306984,0.05502829,-0.021756746,0.6079005,-0.21666962,-0.37239993,-0.574891,-0.25714245,-0.49090752,-0.28528717,0.3010472,0.56733936,-0.034770258
1996,0.331472,-0.02831956,0.030602053,0.11693393,-0.041244686,0.13673185,0.19928092,7.5027347e-06,-0.45090336,-0.31708604,-0.25124517,-0.70756733,0.067761935,-0.28607622,0.020196104,0.43845972
1766,0.06813115,-0.2933211,0.18545967,0.5807976,-0.3572878,0.12494726,-0.00536335,-0.25686112,-0.15051831,-0.86772794,0.1501779,0.031437047,-0.10696666,-0.31171224,-0.3967874,0.015292156
1000,0.20141006,0.069162145,-0.1619277,0.013603504,0.29325888,-0.2740892,-0.29879597,-0.29984686,0.349772,0.130145,-0.273791,0.040822357,0.50096446,0.2887909,0.13701826,0.27809706
594,-0.22450632,0.18538658,-0.6026602,0.5576615,-0.18750818,-0.121851034,-0.42213437,-0.02890892,0.087327644,0.05963523,0.3331816,0.15653288,-0.040260527,0.38379452,-0.28858694,0.255125
580,-0.07992605,0.07977112,0.20223965,0.41621223,-0.21646693,-0.08300348,0.021460354,0.11287068,0.059176676,-0.20757,-0.04390878,0.37736738,-0.017715538,0.010280254,0.3784994,0.14673094
1014,-0.22592771,-0.35931665,0.2003355,-0.20982336,0.0660571,-0.32364625,-0.0060541634,-0.48497504,-0.48180714,0.24652138,-0.14588436,-0.36884743,-0.15567951,-0.02662964,-0.08744293,0.2466793
1772,-0.2712565,-0.1271037,-0.53846073,0.057578065,-0.5130194,-0.1977654,0.353795,-0.31237394,-0.09175882,-0.33846334,-0.04437144,0.2285388,-0.5118871,-0.22819634,-0.023277186,0.6138004
769,-0.39464453,0.3058313,-0.07671884,-0.13878258,0.052929956,0.11776794,-0.6024373,-0.56503075,0.615893,-0.4642904,-0.5766343,0.38038307,-0.5342675,0.5696312,0.36952654,0.07066968
741,0.12725227,-0.083763145,-0.08799867,0.51564974,-0.39254394,0.03213717,-0.08027858,0.025700921,-0.37254992,-0.27018175,-0.0965863,0.59838057,0.1181416,-0.1851091,0.2475262,-0.30613193
999,0.28906468,-0.1450634,-0.10751039,0.10303952,-0.062488977,-0.15796317,-0.2950675,-0.24459271,-0.27346787,0.033215567,0.00486499,0.011486993,0.558023,0.20110913,0.26070386,0.123723425
1558,-0.098853834,0.4654051,-0.28747115,-0.38427395,0.22342643,-0.15776798,0.40015718,-0.3917718,-0.27297628,-0.09259307,-0.22529283,-0.14724915,-0.055467978,0.23675531,-0.20634082,0.23514467
2051,0.07956638,0.39733532,0.28801486,0.48057225,-0.10111052,0.029292174,-0.3034318,-0.47017843,-0.070085734,0.071970634,-0.4167011,0.34525958,0.6220198,-0.25663623,-0.19715594,-0.1693308
2045,-0.3135582,-0.24953894,-0.22120629,0.65392035,-0.2222667,0.08824753,0.16901328,0.033230133,-0.25795877,-0.23395906,0.11360166,-0.004353446,-0.08949288,0.28333235,0.4935889,0.40636337
796,-0.28719866,-0.13584009,-0.12739521,0.2562551,-0.101550326,-0.18413459,-0.3221024,-0.22139461,0.38639656,-0.017669136,0.09298379,0.08234647,0.26838112,0.39489004,-0.2935053,0.23445244
1202,0.09690034,-0.29959834,-0.13055106,0.2456143,-0.52673495,0.47086972,0.46411434,-0.086592205,0.5748031,-0.75719136,-0.15496232,0.066548474,-0.0013120987,-0.3424567,0.5344793,0.3403248
1564,-0.24327414,0.110635825,0.00704665,-0.44989696,-0.17296195,0.18293564,0.38620374,-0.4040393,0.0022360273,0.30593652,-0.46775818,-0.0047116093,0.1618184,0.1854939,-0.35405588,-0.4116245
1570,-0.10417676,0.04596172,0.083684884,-0.14734235,0.018739728,-0.17493726,-0.3029472,-0.32270843,-0.1911815,-0.575947,-0.04181978,0.36790556,-0.07030803,0.034310807,0.07937744,0.224402
1216,0.046787314,-0.029697344,0.1883868,-0.18820435,-0.0037608272,0.12686108,0.102214694,-0.32988113,-0.23876122,-0.09605772,-0.28493407,-0.17759567,-0.08218986,0.12203171,-0.0041835885,0.0130010005
782,-0.017475875,0.6782474,0.7336282,0.20134203,-0.049281653,-0.5554538,-0.51194465,-0.25936916,0.116827324,-0.31645912,-0.4460641,-0.68368363,-0.3204034,0.46623167,0.13543063,0.09663517
1389,0.063357726,0.007048356,0.2010649,0.41336575,-0.04683306,-0.052430965,0.025361884,0.02508275,-0.09584118,-0.52153563,-0.0034459096,-0.07979996,-0.2601651,-0.23304185,-0.28949338,0.31752008
85,0.29678112,0.18998,0.054779395,-0.14956571,-0.1450999,-0.07091664,0.0043155514,-0.18956701,-0.31791797,-0.26548317,0.052889243,0.14280935,0.32579473,0.20704606,-0.035641473,0.13608989
609,-0.17419486,0.051047083,-0.041107573,0.15809903,0.48493388,-0.35306373,-0.25368673,-0.061532512,0.059598718,-0.019816635,-0.0026923427,0.5680208,0.22474189,-0.011170906,0.051846266,0.35021645
91,-0.11608435,-0.015605293,-0.10494029,0.17565009,-0.03977442,-0.3537596,0.13637196,-0.29512164,-0.5764788,-0.057829976,-0.24600689,0.42157826,0.5149138,-0.37901542,-0.37453875,-0.2785119
621,0.3597259,-0.24831572,-0.23180094,0.29476622,0.07369489,0.10756921,0.1510261,-0.043238748,-0.39986682,-0.1734259,0.11721327,0.3431378,0.1941723,-0.11441434,0.12483297,0.33196968
153,-0.29258654,-0.54075325,0.49004883,0.25628725,-0.2070752,-0.0283915,0.31463182,0.10588213,-0.091685675,-0.37299982,0.19226043,0.026754571,0.37554136,0.21398741,0.26180476,0.53957665
635,-0.11369827,0.39220196,-0.13191602,0.11246085,0.14721376,-0.19124334,-0.3949872,0.059754606,0.27651647,-0.20668027,0.12209938,0.4139027,-0.11497851,0.20165949,0.18245678,0.15096071
46,0.1726823,-0.28397626,0.0068180026,0.41736484,-0.17903067,-0.014076734,-0.13163093,-0.33687544,-0.12916572,-0.12250678,-0.6082537,0.6394287,0.15980217,0.6799286,-0.001233905,-0.2677053
806,0.053553354,0.1913551,-0.11615821,0.29655585,0.5279202,0.22779183,-0.42815235,-0.4163093,0.16435644,0.058553174,-0.07072654,0.06814253,0.42338866,0.28236988,0.17692323,-0.12319149
1438,0.58974886,-0.33625278,-0.52191806,0.6601985,-0.31885874,-0.12555781,0.50914246,0.16415288,0.25282034,-0.21816133,-0.593968,-0.049327534,-0.08892851,-0.338857,0.010227338,0.64238846
52,0.5252071,0.42531422,0.54568,0.291969,0.20594536,-0.13654989,-0.5259669,-0.35357374,0.4664932,-0.33905697,-0.2616281,0.2844719,0.34411108,0.47795352,0.39426884,0.059481617
1376,-0.028981162,0.1506672,0.3827219,-0.47750616,0.1082195,0.0421502,-0.053015225,-0.26891384,-0.39249903,-0.120816216,0.0055326405,-0.38206297,0.11884722,-0.19374469,0.1408659,0.04720127
184,-0.061037347,0.099798284,-0.40406343,0.43739086,-0.49891382,-0.3232648,-0.010404651,-0.019488065,0.36843306,-0.18174054,-0.39477086,0.5707326,0.021358997,0.32308415,0.21720888,0.22315876
1410,-0.24550323,-0.24018125,-0.09056006,-0.06248589,0.017398065,-0.064515874,0.2562866,-0.13289812,-0.18190314,-0.106795914,-0.3916851,-0.19480632,-0.14131352,-0.4393355,-0.008950393,0.10056221
1404,-0.0354767,-0.16908148,0.39908093,0.07116451,-0.16201304,0.09592999,0.57411426,-0.28291044,-0.12574333,-0.27447587,0.5022471,0.4416073,0.54713535,-0.06946726,0.21101601,0.34502855
190,-0.065798745,-0.45303044,-0.63729024,-0.06488859,-0.1046073,-0.24699123,0.3892785,-0.3023535,0.15795988,0.0034337328,-0.4354546,0.54703194,0.42918321,0.28384465,0.54893106,0.66315717
1362,-0.06628699,0.2201224,0.35047227,0.37611383,0.032700434,0.3693338,-0.2665283,-0.21562389,-0.5452045,-0.6057353,-0.30122006,-0.37995416,-0.1538152,-0.14582232,-0.3725131,-0.08305201
1835,0.48021096,-0.2730244,0.5410848,0.103335604,-0.25592718,0.09004461,-0.26508865,-0.23827477,-0.44423154,-0.4974387,-0.395346,-0.45644787,-0.1939937,-0.7995694,-0.42933717,0.25516862
379,0.34319693,-0.15812498,-0.021771627,0.660111,-0.012758861,0.10057098,0.15219407,-0.081886,-0.3001891,-0.1853306,0.26921225,0.16271141,0.42627436,0.08830309,0.15390612,0.64912087
1821,0.24084441,0.19345307,0.39527985,-0.03384632,-0.049075235,-0.14020148,0.068169676,-0.33836517,-0.5640202,-0.0060621654,-0.31509614,-0.4639042,0.018472508,-0.24960423,-0.2893755,0.055502776
1809,0.30973154,0.2930672,-0.17820641,-0.5513002,-0.49820787,-0.18307014,-0.059011936,-0.5847619,-0.5074393,-0.25889912,-0.06331514,-0.28801882,-0.24088317,-0.08826917,-0.0427571,0.5260055
345,0.38132,0.4139618,0.38860255,-0.0029835985,0.13175215,0.1300164,-0.16914767,-0.24294275,0.33280426,-0.24190444,-0.10259477,0.10909405,0.5389402,0.41763473,0.034109194,0.29081908
423,-0.018837368,0.33028588,0.24122965,0.79935366,0.1492781,-0.4617842,-0.78428704,-0.34602407,0.53469664,0.056695994,-0.08863232,0.36234495,0.52327543,-0.1493747,0.25704244,0.57322454
437,0.3332616,0.03336152,-0.17083912,0.06729401,0.20650409,-0.25798815,-0.033052485,-0.14794004,-0.14745128,0.00127289,0.38639873,0.19308494,0.37165892,0.1834986,0.21555108,0.3384532
1148,-0.47320902,-0.5436409,0.51435137,-0.11088059,-0.28559506,0.4193853,0.68010813,-0.2517977,-0.0027088756,-0.6286293,-0.05431276,-0.18152425,0.31484497,0.20155612,0.3739031,0.51934755
1612,-0.09706249,-0.26273572,-0.32434925,0.12427337,-0.2216641,-0.4024978,0.124268204,-0.10852387,-0.3557691,-0.20811139,-0.158092,-0.3191957,-0.48786178,-0.010387561,0.14352019,0.045921724
386,-0.27949828,0.14079173,0.016850471,0.5782379,0.005589511,-0.09549947,-0.5495088,-0.25124893,0.118172646,-0.1158661,-0.39149043,0.50228125,0.4343258,-0.45046973,0.24029717,0.31929347
1174,-0.32332173,-0.6145571,0.22754848,0.43326935,0.10084237,0.21932703,0.54408467,0.14702463,0.03906154,-0.34885263,-0.14393659,-0.11795853,0.01912068,-0.24071911,0.0016708657,0.7054504
1160,-0.13789731,0.17396468,0.2653658,-0.31941938,0.1345972,0.21946467,-0.030205179,-0.05566001,-0.32075542,-0.060558602,-0.14323634,-0.0040533147,-0.12611125,0.045780156,0.05355835,0.32802013
392,0.009323558,-0.057132043,0.043346606,0.08488869,0.03318083,0.17422292,-0.18514617,-0.03953586,-0.2830507,-0.2241133,-0.05125165,0.4055509,0.08092504,-0.08379054,0.014658764,0.06280108
1606,0.009207894,0.11635044,0.2736854,-0.30721888,-0.17489477,0.22633258,0.07186949,-0.26155543,-0.21830294,-0.50502986,-0.34037086,-0.05602998,-0.13235024,-0.18547553,0.15883274,0.32054713
1161,-0.7545166,0.03697676,-0.46744892,0.31059867,-0.7006672,0.31256407,-0.046150032,-0.4634341,0.0049659424,0.0660623,0.16959801,-0.18442835,-0.17019285,-0.061953854,0.055991136,0.41211873
1607,-0.4609467,-0.7440375,-0.0029112615,-0.19076203,0.048880167,-0.026501447,0.00048880087,-0.67324173,-0.2668712,-0.1271425,-0.61488384,-0.14645368,-0.1722254,-0.5820222,-0.39081293,-0.055098318
393,-0.2683846,0.1875811,0.004297431,0.13668153,0.064377956,-0.1702916,-0.55091375,0.02495608,-0.04736361,0.19094741,-0.37185612,0.31280482,0.14047591,0.3615217,-0.05812861,-0.13960023
387,0.2724018,0.10335192,0.14163291,0.6069761,0.079464406,-0.26037,-0.29069906,-0.3292814,0.23984562,-0.14734548,-0.083324835,0.4246681,0.12686963,0.080943406,-0.49728855,-0.20550688
1613,0.056575105,0.1928918,0.15572014,-0.4856847,0.44057506,-0.43724948,0.5161026,-0.13008921,-0.37036607,0.09467848,-0.464686,-0.34183136,0.41528392,-0.4474681,0.3073386,0.09472213
1175,-0.27876696,-0.0252659,0.29410246,0.48748845,-0.6128734,-0.09331778,0.2786278,-0.4226964,-0.14189169,-0.20432404,0.14897552,-0.15209036,0.024656015,-0.5159022,0.26095113,-0.0945225
1149,0.17960684,-0.23814861,0.30804715,0.33466494,-0.54166466,0.13110322,0.27467832,-0.053683292,-0.033655595,-0.38567075,0.10914566,0.026370361,0.074293226,-0.056802224,0.02782985,0.511817
436,0.2656451,0.088116094,0.20375277,0.06942579,-0.43201208,-0.39076704,-0.7676073,-0.11697185,-0.17035402,0.14388135,-0.10666445,0.7472171,0.0068031843,0.51536566,-0.16424924,-0.56581306
350,0.2933879,0.094548166,0.43891802,0.27576703,0.08883424,-0.11947946,-0.0148264365,-0.23738103,0.07333397,-0.16536227,-0.16627762,0.3972475,0.22082634,-0.06392014,0.23709446,-0.013164413
344,-0.0953027,0.076724164,0.3385748,0.3367238,0.009402312,0.14356434,-0.22780561,-0.060524788,-0.19355181,-0.1540295,-0.118582815,0.0026580223,-0.03599662,-0.097167335,0.30774882,0.1226907
1808,0.09504537,0.28385046,0.037820026,-0.30949667,0.24129933,-0.0022390299,0.1973368,0.14707227,-0.1598967,0.037986144,0.021493664,-0.15417221,-0.08257002,0.09945361,0.0190139,0.2338642
422,-0.08117616,-0.1910424,-0.31222466,0.5934595,-0.24054818,-0.38852206,0.20701705,-0.1506048,-0.16550377,-0.1185883,-0.010463303,0.5374327,0.27451545,0.30787626,0.37967342,0.24273227
1820,-0.15309542,0.3127789,0.06771417,0.062345244,0.027074035,-0.31766695,0.22524261,-0.25383162,-0.39143923,0.09168779,0.08541327,-0.19981991,-0.09673884,0.05498261,-0.16103128,0.050165337
378,0.09568059,0.11260075,0.073934205,0.33714044,0.19319543,-0.33851984,-0.22881494,-0.0060269996,-0.024364231,-0.13387544,-0.1568496,0.5083961,0.3406233,0.1912935,0.032701362,0.29056308
1834,0.15544842,0.17787874,0.5137561,0.076364286,-0.09638374,-0.239217,-0.16114458,-0.5578587,-0.39350918,-0.26691535,-0.2571147,-0.44547147,-0.07343778,-0.2284505,-0.30473927,-0.21668534
191,-0.18579152,-0.37925488,-0.15726511,0.36444074,-0.21641049,0.39488724,-0.017142512,-0.02338334,-0.10732284,-0.2013801,0.21331571,0.16974613,0.065978065,0.25149077,0.36045024,0.4537726
1405,-0.060958564,-0.1434643,-0.008519213,0.49292535,-0.3057035,-0.13240507,0.2271375,0.042177726,-0.081534445,-0.18703446,-0.237482,0.28227744,-0.0073007015,-0.23685633,-0.16468628,-0.020493578
1363,-0.18116482,0.3593461,0.10609653,-0.594027,0.123936154,0.121869996,0.67739964,-0.5070431,-0.20417951,-0.691001,-0.39260733,-0.43975368,-0.35377237,0.28346443,0.57901734,0.020070659
1377,-0.22071637,0.10343737,-0.23811072,0.11529963,-0.15738149,-0.17625335,0.11476079,0.04982157,-0.4952473,-0.3989655,-0.06790869,-0.0632223,-0.12748073,0.14425725,0.11273062,0.3849551
1411,0.41279393,0.00416564,-0.10463469,0.056066558,-0.056427266,-0.19340597,0.4035147,-0.14761262,-0.15627258,-0.0007281791,-0.26432472,-0.5048083,-0.032141272,-0.5271091,-0.110625386,0.3288193
185,-0.071610615,-0.0022966077,-0.30695456,0.6365594,-0.31342077,-0.53670776,0.5588456,-0.5116513,-0.28604746,0.18538657,0.22062068,0.5921023,0.44628185,-0.21459374,0.31192628,0.01943738
1439,-0.041373994,-0.16392459,0.17211667,0.14969213,-0.42782077,0.03438663,0.2995042,-0.03863234,-0.09882264,-0.28459293,-0.028717414,0.09300648,-0.18668528,-0.11232338,-0.0637746,-0.026783243
813,0.34605467,-0.16545975,0.06256459,0.07791637,-0.21244986,-0.1934325,0.07336286,-0.5021202,-0.12822334,-0.063465044,-0.44759914,0.46644184,0.41854095,0.42881003,0.2983363,-0.1896615
53,0.25509682,-0.4873978,-0.6155985,0.32486767,0.4097781,-0.11632339,0.0054601687,-0.11888766,0.16811688,-0.03388049,0.23287594,0.008574021,0.3688589,-0.020206599,0.04306593,0.2478268
807,-0.023911081,-0.04156202,-0.32133666,0.6995701,0.15710078,-0.10805305,-0.5158405,0.15778728,-0.21545064,0.5797032,-0.5724727,0.66706014,0.1049422,-0.61589813,0.17316163,0.06883215
47,0.51576614,-0.07058354,-0.26065072,0.13972315,-0.40417024,-0.2686187,-0.22027285,-0.4619066,-0.3440648,-0.2956766,-0.49417964,0.38368663,0.4780167,0.3092803,0.22985947,0.031227907
152,-0.28391203,-0.12410174,0.1409502,-0.014415637,-0.3410017,0.02302067,0.053098198,-0.20470235,0.25271466,-0.057228863,0.33492273,0.09216261,0.11118486,0.13438386,-0.13302657,0.43945825
634,0.041480955,-0.35915667,-0.6395643,0.33656222,0.122714914,-0.29966888,-0.29643673,-0.015904263,-0.47712433,0.19751932,-0.06619259,0.106286496,0.05788557,0.1385084,0.24873243,-0.1145022
620,0.04741323,-0.0343266,-0.05075878,0.1967769,0.23262814,0.01613684,-0.27421004,-0.13086273,-0.11152067,-0.23568848,-0.1494428,0.5577535,0.27121356,0.1658837,-0.11795972,0.25128785
146,-0.6946671,-0.6938897,-0.5230515,0.6021406,0.19398196,-0.22072938,0.40119576,-0.033194717,0.05005634,0.4668888,-0.116572835,0.3579419,0.54769194,-0.60329604,0.65686125,0.37643245
90,0.53307635,0.018486049,-0.16732079,0.32809752,-0.40247095,-0.2323013,-0.51744694,-0.22641382,-0.3728547,0.22269925,-0.53654516,0.1572369,0.3627283,0.03089154,0.3374386,-0.2643715
608,0.26730746,-0.03591673,-0.037891135,0.5017785,-0.02312119,0.035109226,-0.066998,-0.2500174,-0.059894178,-0.54588014,0.30553997,0.32518154,-0.088859715,0.095531575,0.32808486,0.18824656
84,0.0838073,0.26986566,-0.11185663,-0.056898132,0.028072186,-0.24129823,-0.01184263,0.05170496,0.05398631,-0.40350163,-0.31621605,-0.03613515,-0.12073178,0.12773763,0.13834085,0.35784507
1388,0.30254135,0.47010112,0.118658535,-0.38534984,0.22341855,-0.32387358,0.28580606,-0.20728418,-0.55271584,-0.15016328,-0.13981892,-0.273304,0.07358911,-0.3124972,0.19395807,0.1413946
1571,0.12911217,0.13285314,0.1269484,-0.09640221,0.19702737,0.094484545,-0.024733776,-0.23539531,-0.3300561,-0.13797313,-0.102564916,-0.10628745,0.033549894,-0.291343,-0.4667355,-0.08522668
1217,0.006471771,-0.3427143,0.370427,-0.0013371921,-0.3914443,-0.06818822,0.33539814,-0.13169307,-0.38832194,-0.27335623,-0.12559529,0.07854624,-0.11668611,-0.23114052,0.07271923,0.24206097
1203,0.24646802,-0.25028262,-0.2543449,-0.17227541,-0.7116413,0.41113544,0.62721807,-0.15713517,0.7480181,-0.54733294,-0.19028153,-0.6803942,0.11421349,-0.6342613,0.27891204,0.77204955
797,0.34742883,-0.039779935,0.6042205,0.53369534,-0.041289356,0.049549263,-0.1294302,-0.21219453,0.40150887,-0.16965227,0.12934618,0.11741363,0.20457076,0.1712117,-0.011942701,0.46455202
1565,0.015697863,-0.09484736,0.27713287,0.2516516,-0.35077843,-0.30569315,-0.22245082,-0.3478419,-0.27030858,-0.058092177,0.098930866,-0.3689019,-0.16984896,0.06021051,-0.012007836,-0.11309234
2044,-0.15999877,-0.20908895,0.20987105,0.34584004,-0.05168186,-0.18194345,-0.22298102,0.064908035,0.13592711,-0.072002746,-0.030548817,0.71575415,-0.1521167,-0.24747477,0.10817372,0.29442972
967,0.25068927,-0.4754346,-0.40330073,0.046981473,-0.44755226,0.07909954,0.53275996,-0.15724559,0.08329906,-0.41101506,-0.32076854,0.30482802,0.015651826,-0.038473584,0.14352392,0.41609532
973,0.13542141,0.5155538,0.46620372,0.016616499,0.25121847,-0.26328042,0.024655262,-0.109479606,0.21692988,-0.17093506,-0.3538011,0.011020102,0.085610144,0.17560339,-0.06986293,0.46584028
2050,-0.12529105,-0.022893328,0.13070427,0.41802338,-0.17174444,0.13459556,-0.50035495,-0.053673368,-0.38014394,-0.45757195,-0.0032778638,0.31105536,0.51621366,-0.12878232,-0.009706651,0.16994227
1559,0.018485313,0.19730821,-0.15028344,-0.12596698,-0.31640685,0.14270194,-0.25393945,-0.018899933,-0.295398,0.016219746,-0.0071802097,-0.085093535,-0.0054298625,-0.4612137,-0.011442997,0.40076035
740,-0.015318557,-0.0809903,0.035106055,0.070309505,-0.3305125,-0.4496399,-0.5905585,-0.3076402,0.023114214,-0.2710245,-0.29060775,0.76771677,0.22359496,0.3013042,0.24155293,0.2049146
1015,0.06471796,0.12800841,-0.07674051,-0.21278404,0.2758376,0.14789279,0.44428945,-0.0696816,-0.22109209,-0.23689625,0.033574086,-0.39446327,0.016693762,0.2246511,-0.046788696,0.12558044
581,0.20233978,0.33582,0.16388805,0.0965858,0.062334888,-0.15941113,-0.027372733,-0.08815687,-0.018381871,0.0003585899,-0.2360653,0.44065726,0.26294822,0.036546063,-0.29919654,0.021258496
1773,-0.11706906,-0.26486653,0.35364464,0.056362215,-0.37979463,0.31213325,0.457315,-0.28787768,-0.21631813,-0.5039654,-0.13136981,-0.3725708,0.14293224,-0.07176256,0.46183106,0.38765752
1767,-0.21336068,-0.24362838,0.042547047,0.23596129,-0.17053331,-0.061176706,0.3492078,-0.043071583,-0.36420077,-0.13135989,0.14122717,0.31710058,0.012550104,-0.34404913,0.27352422,0.5511656
1001,-0.046114303,0.018850705,-0.02483448,-0.107184134,-0.1175924,0.005935942,0.21970761,-0.07547447,-0.21226795,-0.08429273,-0.10100852,-0.3424265,-0.025076034,-0.18126366,0.09040362,0.07678924
1029,0.06716567,0.08959688,0.036273785,0.2259171,0.2934535,-0.15441896,0.035295542,-0.2366392,-0.5433101,-0.13916807,-0.35010937,-0.36024162,-0.2572658,0.08140691,-0.01881596,-0.16355507
1997,0.18579969,0.09089315,-0.21619111,-0.3437295,-0.44274676,-0.20855322,0.19061106,-0.7930126,-0.5015995,-0.5520637,-0.25469962,-0.37579823,-0.23866333,-0.19965108,0.04413492,0.625146
1983,0.3267609,-0.1919614,0.22169612,0.01346903,-0.08196289,-0.037433255,0.24987541,-0.3308959,-0.3119787,-0.43219644,-0.042033374,-0.4067759,0.378318,-0.04317824,0.28407577,0.67301714
1968,-0.05302218,0.17732413,0.11655418,-0.28912598,0.5082322,-0.12276793,0.302015,-0.3257556,-0.30809873,-0.1682247,0.0037364636,-0.20081158,-0.09373729,0.25285408,0.046052255,0.33485258
224,-0.26673687,0.15390824,-0.055130553,0.20538312,0.33995798,0.19842596,-0.1855336,-0.422683,0.32734025,-0.20040227,0.27782342,0.29495388,0.23902667,0.16159053,0.37084773,0.06329419
556,-0.49598044,0.7673252,-0.21885066,0.18636924,-0.47946742,0.5021182,-0.6015755,-0.34712452,0.09272708,-0.30020317,0.28457832,0.31555715,-0.16046706,0.5198707,0.47369242,-0.027743874
1954,0.31001672,0.17470805,-0.17070822,-0.16890419,0.052479837,-0.4259257,0.10005418,-0.20179938,-0.52734697,-0.11575111,-0.15002215,-0.23824444,0.12476756,-0.3291022,0.018563656,0.22261935
218,-0.20532446,-0.22178048,0.20975694,0.29222602,-0.14779556,0.11852637,-0.03150997,0.09421493,0.12955205,-0.40861303,0.24671328,0.2913006,0.22195777,0.06998647,0.621164,0.11282857
1940,0.16307148,0.34704575,0.054404736,-0.14348534,-0.076896325,0.20858292,0.20376353,-0.17486767,-0.4041284,-0.11405304,0.111892596,-0.6474157,0.034465842,-0.15819569,0.20715736,0.39494118
1798,-0.16523015,0.11516769,0.43173528,0.23133919,0.0038427836,-0.043353554,-0.19290517,0.198972,-0.37796867,-0.31900114,-0.017836928,-0.323291,0.09888112,-0.26608732,-0.2908047,0.23955774
1956,0.0163741,0.33037156,-0.11795139,-0.34394413,0.013965433,-0.09543807,0.5090387,-0.19888046,-0.29718786,-0.59833866,-0.04562683,0.009737042,0.10332023,0.5179127,0.029805472,0.12682743
568,0.31427616,-0.08131875,-0.19007,0.40263045,-0.040976733,0.26644024,0.057660073,-0.008519906,-0.3348016,-0.30360362,0.06532293,0.45223725,0.25900987,0.10977423,0.14736903,0.18626608
1942,0.14329058,0.3439621,-0.0096706115,-0.34002522,-0.05383847,-0.1484787,0.16273391,-0.14223848,-0.37287846,0.0015067987,-0.42668962,-0.5728084,0.116430104,-0.06157604,-0.10372244,-0.056207098
226,-0.04656806,0.01606365,0.03558913,0.6448752,-0.31340608,-0.37367508,-0.30320606,-0.056027737,-0.073897526,0.13659184,-0.08863494,0.60080576,0.25134063,0.24291769,0.24953182,-0.006674685
540,0.38776165,-0.16702922,0.1417201,0.046340823,0.051071834,0.12564695,0.122652166,-0.056912463,-0.3649775,-0.18038468,0.044224586,0.4117236,0.0022380985,-0.38176477,0.28798917,0.17847984
554,-0.116416246,-0.6304573,-0.1734954,0.38908708,-0.2994187,0.06538436,0.50436836,-0.37242484,-0.15213688,0.11408088,-0.029360987,0.19334395,0.8761726,0.30717787,0.5262403,0.37831977
232,-0.251973,-0.34241796,-0.75810856,0.1062314,0.03322108,0.090980686,0.10967357,-0.12991768,-0.092800915,0.13500926,-0.0429648,0.03300008,0.050446175,0.16797638,0.11463836,0.6226604
1995,-0.16835777,-0.0059820856,0.45341226,0.34270486,-0.18869944,-0.0075322753,0.49404144,-0.28228432,-0.10267715,-0.4344624,0.06707835,-0.3652392,0.029198652,0.1428134,0.117503166,0.37328547
1981,0.058856066,0.7483174,-0.13995385,-0.7059821,-0.07159248,-0.33205783,0.64462674,-0.2840075,-0.27405965,-0.523632,-0.05276361,-0.32519,-0.197827,0.08550277,-0.10164422,-0.3543151
1759,-0.23313157,-0.04957013,0.065029055,0.019686092,0.09195487,-0.24119484,-0.047220726,-0.056105945,-0.4233966,-0.3048493,-0.047032457,0.032036044,-0.006860648,-0.016798206,-0.13695936,0.080816254
1771,-0.031094583,0.06560584,0.33899078,-0.5266215,-0.29822794,-0.4085208,0.21746822,-0.2601751,-0.3456304,-0.07487962,0.18884172,-0.5691675,0.3256176,-0.032077666,-0.033281337,0.64644814
1017,-0.17039299,-0.42429394,0.099196576,0.16843511,-0.036709324,0.3099287,0.03653599,-0.050648343,-0.3630658,-0.3530557,-0.29157808,0.009513786,0.050666664,-0.24191941,0.13375695,0.0811765
1003,-0.51858866,-0.20257948,0.085152775,-0.17218001,-0.62364656,0.30226928,-0.27322677,-0.586739,0.0928147,-0.19691393,-0.51885027,0.2318362,-0.19978328,0.06846366,-0.35316914,-0.0726454
597,0.3058737,-0.010527862,-0.0542885,0.29364815,0.12439546,-0.08582275,-0.22700065,-0.28629786,0.016977929,-0.044566493,-0.37169144,0.374245,0.21138987,-0.12643825,-0.22985132,0.19550478
1765,-0.047361214,0.10419076,-0.0690865,0.37532967,0.13932951,-0.20625085,0.043948315,-0.102167636,-0.30449894,-0.34319216,0.10748411,0.021437744,-0.23815386,-0.07502649,-0.16146713,0.067951806
1598,0.09765424,0.32575852,-0.18277685,-0.34145775,0.16272986,0.05733611,0.11817651,-0.22598705,-0.51603997,-0.20649613,-0.25894883,-0.2858147,0.13550629,0.10672258,-0.15878403,0.122739755
742,-0.049900874,0.033680905,-0.59877294,0.3048776,0.63887894,-0.44922397,-0.022251789,-0.5842564,-0.020292751,0.12625796,-0.09509352,0.3905016,0.17429256,-0.16228269,0.5668574,0.16433412
756,-0.4207043,-0.3882953,0.20758581,0.16585803,-0.15983754,-0.1053341,-0.2679077,-0.45025554,0.325762,0.32764363,-0.2677729,0.31145692,0.43834206,0.29157034,-0.35974225,-0.11640781
1229,-0.28662914,0.017789396,0.06526112,-0.21923909,-0.060526248,-0.14437477,0.072411165,-0.1972575,-0.33576748,0.121254995,-0.1276228,-0.2707245,-0.1541668,-0.09364622,0.18068725,-0.015301741
2046,-0.40223137,0.03076496,-0.22642893,0.0007565244,0.16961698,0.0037090012,-0.5789118,-0.2172539,-0.55606365,0.10528671,-0.14866862,0.3103557,-0.19829741,0.34495908,0.32343405,-0.029524125
2052,-0.3535704,-0.12997061,0.275506,0.23310277,0.4056485,-0.119750224,-0.4773515,-0.1492212,-0.05254183,-0.079888955,-0.3362739,0.4151497,0.19783635,0.041634396,-0.27786592,-0.022908743
959,0.3353965,0.64226,0.15187134,0.25589252,0.3147018,-0.3920674,-0.025203492,-0.6303584,-0.10659765,0.15094851,0.04594262,-0.117441066,0.14189497,0.59560823,-0.39126462,0.64024323
1215,-0.1646428,-0.13550724,0.08926252,-0.21434657,-0.06454876,-0.12864533,0.076090544,-0.39187855,-0.24267605,0.048321497,-0.078430235,-0.23386052,-0.17185178,-0.14522281,-0.05867086,-0.1297502
781,0.37950101,0.320972,-0.31230265,0.20697041,0.020813791,-0.29721943,-0.37733093,-0.29468745,-0.083372705,0.10599048,-0.42390284,0.19167775,0.13103168,0.11646714,-0.2025718,0.19376726
1573,0.058485005,-0.06274261,0.28913292,-0.062633395,0.25957096,-0.42546794,0.17087485,-0.33190855,-0.5573515,-0.034684077,-0.20438522,-0.11237868,0.40924183,-0.64064467,-0.43587208,0.105399735
1567,0.032787953,-0.101396106,-0.090851896,0.27110448,-0.062343314,-0.0034836463,-0.040711977,-0.43875405,-0.41686004,0.08204571,-0.5044247,-0.0922894,-0.07504074,-0.50703245,-0.17014936,0.13611507
795,0.113916606,-0.45401227,0.29424843,0.31879693,-0.14386582,0.18999045,-0.01492629,-0.22961497,-0.40714732,-0.54122084,-0.20841692,0.49341246,0.32425776,0.1300755,0.061856877,0.058830615
1201,-0.05444097,0.12829274,0.16697797,-0.37574646,0.09438811,-0.3589554,0.23915315,-0.16251113,-0.192203,-0.2573272,-0.119452134,-0.034801513,-0.19652213,0.07137763,-0.13816331,0.2696229
92,0.33289224,0.59357005,0.22665812,0.32215774,0.24264029,-0.205106,-0.40695214,-0.20125015,0.7223626,-0.069275305,-0.12678483,-0.03520402,0.42707524,0.58226746,0.16976269,0.65253973
178,-0.31441683,-0.20838907,-0.6761287,-0.261349,0.49931398,-0.33477706,0.283703,-0.06392921,-0.21502276,0.313122,0.25112307,0.37685084,0.39813933,-0.15769361,0.29541275,0.19879043
86,0.09947507,0.48141187,0.03702863,0.15525016,-0.047571898,-0.53947586,-0.27682146,-0.1977439,0.21565817,-0.11409165,-0.41383582,0.5558143,0.065903045,0.39197758,0.22423142,-0.26698503
150,-0.43461755,0.48297182,-0.4040219,0.2523885,-0.4540826,0.43048444,-0.10477315,-0.61859226,0.2583452,-0.17184967,-0.20186228,0.5468489,-0.15638517,0.75607693,0.399509,0.16637301
144,0.032234356,-0.061565835,-0.31890213,-0.15828249,-0.2991197,-0.19276561,-0.06390963,-0.08351696,-0.1604344,-0.18255559,-0.26180267,0.4180592,0.30387866,0.4150944,0.38383782,0.34990123
622,0.61418366,-0.5422951,-0.30559194,0.63586736,0.416767,0.33735594,0.011301613,-0.379706,-0.27295646,0.11915539,-0.031864055,0.19802482,0.33161435,-0.44513443,-0.0352627,-0.13713829
51,0.2703003,0.46499968,0.042044763,0.4193785,-0.11435418,-0.21427327,-0.31764686,-0.4491351,0.13094023,-0.12274009,-0.45491275,0.13041219,-0.11665129,0.029202776,0.20835195,0.1566559
811,0.018351354,-0.33113572,-0.8446351,0.56337345,0.01743152,-0.29353458,-0.36299118,-0.2958475,0.24162897,-0.04583229,0.019524708,0.3225615,0.10878398,0.21428075,-0.17853594,0.6494974
3,0.5749518,-0.12878975,0.2079059,0.10872601,-0.40215588,-0.2539701,-0.30019063,-0.4413094,-0.57823426,-0.077483706,-0.15069081,0.56959766,0.45057786,-0.052887555,0.43505192,0.09294867
1349,0.19132559,0.016289476,0.15000656,0.19442903,-0.23808007,0.26942363,0.24613456,-0.31773233,-0.4943531,-0.56876224,-0.30755943,-0.3527421,0.33225194,-0.4768614,-0.66981375,-0.07526973
45,0.2196921,0.5837319,0.07446232,0.56563514,0.026126558,-0.122522354,-0.6243718,-0.12853481,0.29073614,-0.3835125,0.021179369,-0.3076091,0.10276744,0.49503854,0.24840403,0.44671828
805,0.17955612,-0.039827075,0.09504524,0.42959994,-0.4204718,-0.359126,-0.027923558,0.08871583,0.006883051,0.13084385,-0.26231468,0.52337015,-0.073834494,0.08608372,-0.30755705,0.5911386
1361,0.56864357,0.00952802,-0.008146694,0.039539397,-0.6333258,-0.16244128,-0.15131865,-0.10663269,-0.41079426,-0.20528574,0.06680203,0.10050317,-0.16590734,-0.5576591,-0.24633598,0.2016014
1407,0.0072637936,0.18583387,0.2511558,0.18008108,-0.42358994,-0.17509942,0.17493363,-0.20967096,0.040576413,-0.3514168,0.1756734,-0.3011279,-0.1629732,-0.057340425,-0.045855466,0.038736623
193,-0.15117125,0.33445105,-0.07349743,0.32905278,0.05633088,-0.17831826,0.13133907,-0.062085163,0.33199438,0.2575621,0.33151847,0.33889195,0.25731704,0.38334963,0.27584636,0.61190695
187,-0.36227387,-0.46044886,0.40310088,0.3648378,-0.48898494,0.35136005,-0.011719298,-0.2878797,0.101144396,0.27681237,0.49624386,0.282654,-0.04886371,0.22905318,0.5078017,0.24250193
1413,0.50145125,0.0055983746,-0.110239856,0.24718432,0.09705675,0.1125807,0.38908678,-0.3905483,-0.12002888,-0.40468287,-0.08348813,-0.35805094,-0.3407344,-0.36411068,-0.15374361,0.5526396
1375,0.3172334,-0.08015684,0.72223735,-0.34781718,0.3656451,-0.11998651,-0.5469313,-0.5754274,-0.46587077,-0.38065574,-0.37484956,-0.629013,0.043345354,-0.65518016,-0.47700912,-0.37758628
79,0.20089735,-0.061126933,-0.40991038,-0.13313217,-0.121985815,-0.5053589,-0.15328097,-0.18300265,-0.3867318,-0.34682834,-0.21924663,0.4528115,-0.03022256,0.6065817,0.26642916,-0.23841113
839,0.34432316,-0.46116754,-0.28492525,0.28467688,-0.46121508,-0.20326054,-0.20658952,-0.5843201,-0.50537795,0.0530748,-0.42217627,0.13035007,0.36393392,0.42602974,0.20674285,-0.12949373
1822,-0.46690795,0.009998804,0.25345296,-0.35232696,-0.4811698,0.55372924,0.51113075,-0.30403364,0.19629325,-0.6042854,-0.32835072,-0.0216602,0.2748538,-0.058663577,0.36068708,0.4863907
408,0.31099877,0.15350795,-0.27657887,0.39565068,0.377069,-0.48936,-0.35176307,-0.36639246,0.53390014,0.38844025,-0.26844865,0.53386873,0.5783568,0.32953024,0.48717612,-0.1459648
1188,-0.69254774,-0.16855003,0.23267907,-0.48148394,-0.7262544,0.50292534,0.41837263,-0.5428381,0.08871188,-0.3474527,-0.23985736,-0.29470158,-0.08301792,0.12541734,0.23535703,0.5730804
1836,0.19749038,0.18027464,-0.025687637,0.28063306,-0.35771507,0.23497504,0.05128621,-0.18802868,-0.056237824,-0.11814618,-0.42613104,0.22020803,-0.25594094,-0.12692411,-0.56112266,0.12917571
352,-0.25148562,0.56833684,0.5021749,0.08460037,-0.18166628,0.2907326,-0.6071576,-0.5573172,0.72711736,-0.11148142,-0.264293,0.59284014,-0.3015517,-0.11281191,0.46262702,0.2736927
420,0.026730876,0.20225698,-0.20041884,0.40995365,0.12735178,0.68311757,-0.31378245,-0.14650442,0.25804216,0.4864808,-0.14237417,0.20158035,0.09738521,-0.09129294,-0.71571225,-0.27508005
346,0.55403167,-0.06670634,0.48015478,0.24265587,0.420925,-0.28670272,-0.5535793,-0.41907412,-0.4888003,0.19332586,-0.66875255,-0.13101041,0.5853937,-0.51633865,0.25537223,0.26551297
1639,-0.5572228,-0.028464036,-0.060050167,0.28975254,0.37204185,0.1809763,-0.21924351,-0.02149207,-0.37092105,-0.39327553,-0.08848599,-0.16696832,-0.025460029,0.39599323,-0.6254621,-0.22743648
391,-0.20814054,0.030439708,0.14192204,0.09452988,0.116219126,-0.14045542,-0.2170229,-0.2623196,0.46375895,0.0721239,-0.21734725,0.4128098,0.20564526,0.13561837,0.09329173,0.11118932
1605,-0.27436206,-0.5727336,0.05646563,-0.316992,0.13270181,-0.6396873,0.10905414,-0.25987524,-0.06278459,0.27196997,-0.23265895,-0.15174587,-0.045240782,-0.30130953,-0.46280512,-0.111817256
1163,-0.06572565,0.15446872,0.27667135,0.19438988,-0.07374621,-0.24965654,0.074927576,-0.3529464,-0.2741113,0.18391383,-0.08222427,0.15530682,0.14923075,-0.33614388,-0.15959963,-0.190579
1177,0.29451823,0.0108880345,-0.15783966,0.0909488,-0.20576756,-0.031367797,0.013001744,-0.069285996,-0.51849,-0.3078351,0.011040388,-0.031571314,0.045469586,-0.3058014,0.24132614,0.34109807
1611,0.20440736,0.4563285,0.3094253,-0.094733395,0.14279474,0.1509482,0.30466706,-0.009454126,-0.34703413,-0.28309557,0.07898288,-0.34458894,0.13671187,-0.20955873,-0.16841428,0.3984657
1176,-0.032528415,-0.3712748,-0.056296576,-0.25836617,-0.39276344,-0.17629865,0.27710813,-0.1042342,0.087378025,-0.41117048,0.24566555,0.02604063,-0.006469018,-0.09235738,0.07381911,0.39242592
384,0.35335064,-0.30951336,0.13848895,-0.22664209,-0.07215515,-0.6828352,-0.6645546,-0.30862653,-0.24346176,-0.23846929,-0.21527413,0.7242369,0.523856,0.027114479,0.21171512,0.31189921
1610,-0.055941366,-0.41308373,0.3208937,-0.23313019,-0.11271403,-0.4572055,0.18014492,-0.29282787,-0.20216556,0.09935877,0.030198032,0.0007088839,-0.57285506,0.00019542873,-0.16229174,0.10042868
1604,0.04583076,-0.31596065,-0.104923114,-0.09338457,-0.25449207,-0.39440572,0.044365276,-0.3535882,-0.33057132,-0.23913167,-0.33224946,-0.013507536,-0.09735192,-0.17316674,-0.2613198,-0.0001332364
390,0.44002637,0.5104178,0.07725971,0.24336584,-0.0120467665,0.027380833,-0.2997105,-0.35626897,-0.031783152,0.15873408,-0.1978238,0.052651726,0.2433016,-0.01819109,0.03245448,0.009914905
1162,0.14200664,-0.38616133,0.56541777,0.28459433,-0.5088761,-0.16103965,0.25596842,0.090295665,0.088338874,-0.46502784,0.27814242,0.01171959,0.09295126,-0.008745396,0.06086382,-0.1433206
1638,-0.25286576,-0.16909571,-0.15825097,0.18685122,-0.3893149,0.2774466,-0.28117487,-0.48748863,-0.24588935,-0.19064972,-0.18986653,-0.22399262,-0.2264894,0.38727888,-0.22441584,-0.09237267
347,0.040849093,-0.08479912,-0.025880488,0.28457242,-0.3508418,-0.17435738,0.021613682,-0.32539985,0.07870627,-0.15322864,-0.3955644,0.39963955,0.10358503,0.5514575,0.38254532,-0.07618665
353,0.22728406,0.0032134913,-0.37768093,0.40009233,-0.6578659,0.018874682,-0.20091946,-0.6762503,-0.008438521,-0.07939276,-0.55091745,0.5371336,-0.041230693,0.5070647,0.040179536,0.027297728
435,-0.39183834,0.12645721,-0.036496695,0.48964554,0.46106339,0.01377038,-0.5346134,-0.43023464,-0.13552426,0.011971329,-0.24250144,0.82978964,0.5874676,-0.34282044,-0.16311769,-0.38722867
1189,-0.20768672,-0.24177238,-0.1052281,0.036790702,-0.4156089,0.15331371,0.40978134,-0.25832447,0.038592324,-0.6193634,-0.2060317,0.107409336,0.020379657,0.25107738,0.061176438,0.6653036
1837,-0.08078663,0.09077931,-0.13962442,0.077818215,0.022217743,0.12858899,0.29432872,0.21370937,-0.2513745,-0.049667716,-0.3598882,0.042058837,-0.4052021,-0.022915397,0.012543594,0.47882
1823,0.17612605,0.042055998,0.31946906,0.2891787,-0.26161784,-0.055444617,0.24998522,-0.1953536,-0.40674657,-0.3938287,-0.10139488,-0.33511096,0.024552006,0.038685467,-0.0881365,0.26900023
1412,0.3886501,0.0064183786,0.31094885,0.13034618,-0.1994134,-0.22119471,0.28878874,-0.19533241,-0.3126212,-0.13961314,-0.23827532,-0.4171298,-0.11670997,-0.47165293,-0.27598172,0.33857942
186,-0.3479608,-0.17085047,0.0055755544,0.41569254,-0.22734863,-0.21549569,-0.280769,-0.27204144,-0.046241652,-0.29819474,0.42364737,0.13033135,0.36908513,0.04307577,-0.07077528,0.3603806
78,0.19220074,-0.29516426,-0.059929635,0.3976582,-0.44029027,-0.23856828,-0.066515945,-0.33281973,-0.041377835,0.045854222,-0.5102286,0.31266078,-0.065483466,-0.27623415,-0.28052258,-0.1465248
1374,0.42926347,-0.3062736,0.5996319,0.35947454,-0.14257875,-0.036411088,0.1143605,-0.44697306,-0.4783643,-0.5008204,0.07046897,-0.5039552,0.2741147,-0.5208532,-0.012820905,0.37094423
1360,0.19124272,-0.050174873,0.46030352,0.28920868,0.2143932,0.22065797,0.30453905,-0.11604219,-0.2739002,-0.4710434,-0.17454274,0.014629452,-0.029891144,-0.615256,-0.075869076,0.4348618
192,-0.42931288,0.39561665,0.04697769,-0.045506835,-0.22734554,0.16666782,0.20835282,-0.56482804,0.67252743,-0.039476447,-0.053480994,0.2478067,0.02920873,0.52044904,0.116378024,0.42009178
1406,0.09227293,-0.20630436,0.118433505,0.27008194,-0.2843755,-0.096392415,0.25967845,-0.3879601,-0.2565611,-0.16854396,-0.4182832,0.18190683,-0.06824407,-0.3641942,-0.3124917,-0.26530683
804,0.12188028,-0.3781035,-0.30669257,0.11816909,0.24328093,-0.40271613,-0.4515011,-0.2978323,-0.21989672,0.13587585,0.002870805,0.4165147,0.6687722,0.40185854,0.43226245,-0.21763808
44,0.4324272,-0.28917825,0.09778132,-0.05601913,-0.091324866,0.05539971,0.07194992,-0.42906636,-0.19780855,0.22810538,-0.45444548,0.6910341,0.33576325,0.5425927,0.0857875,0.1461744
1348,0.45604485,0.26967472,-0.10833439,-0.42424312,0.045091864,-0.1146993,0.27461097,-0.036422353,-0.46421903,-0.46505097,-0.021715982,0.024458643,0.22798543,-0.1355314,0.06971047,0.21212767
810,0.24585843,-0.0100420695,-0.39472046,-0.009295055,0.12057377,-0.6040671,-0.06964572,-0.19114055,-0.16160984,0.09728449,-0.28701064,0.47571576,0.556302,0.43424004,-0.018732103,0.030154418
50,0.02781581,-0.23468883,-0.50491726,0.3520743,-0.018642785,-0.57388777,-0.48004472,-0.36674932,-0.12149891,-0.1262454,-0.4808457,0.43134716,0.055997778,0.14629997,0.44572616,0.13794713
2,0.4514308,-0.3437965,-0.47866163,0.22685082,0.016444648,-0.005611592,-0.06747385,-0.3516142,-0.09125802,0.3281275,-0.011939204,0.24927038,0.409594,-0.32786635,-0.15239002,0.32761294
145,-0.10318538,-0.2156739,-0.33371577,0.576007,-0.28286695,0.09978764,0.27739877,0.14196657,0.1316853,0.20344613,-0.042059567,0.2640936,-0.2488416,0.010635794,0.26440114,0.44211322
623,-0.058509827,0.23700935,-0.519807,0.07533374,0.04347994,-0.24366,-0.112247586,-0.06364418,-0.21831407,-0.007100331,0.018775648,0.35696867,-0.12125857,0.44871572,0.22269931,0.605152
637,-0.4323936,-0.3917576,0.31925213,0.13705441,-0.597648,-0.0059711374,-0.44655457,-0.14245073,-0.2745617,0.026202759,0.43908542,-0.035069145,0.3657596,0.2379852,0.5852457,0.04765236
151,0.1488399,-0.31388506,-0.08161696,0.58726406,-0.29514053,-0.3356133,0.13050877,-0.019015456,-0.051759437,-0.21356525,-0.4166022,0.5371512,0.10534551,0.16177827,0.30130944,-0.093522474
179,0.03587183,0.0049709603,-0.19299589,-0.02193596,-0.36021096,0.07460404,-0.009635044,-0.23996039,-0.12427473,-0.023331989,0.4570491,0.05235403,0.27119085,0.18272628,0.41990167,0.5505634
87,0.5969897,0.43078092,0.28786498,0.56733674,-0.14814556,-0.012910223,-0.4469602,-0.12363102,0.4592278,-0.5293925,0.13294174,0.2247819,0.17335887,0.029966433,0.14353414,0.20712748
93,0.16280015,0.053668514,-0.12294185,-0.11803493,-0.04392124,0.07751405,-0.19058686,0.05778722,-0.040554248,-0.26661322,-0.20733155,0.14042418,0.42060935,0.23274505,0.05702872,0.13562225
1566,-0.64328116,-0.085550085,-0.14204143,0.0717937,0.04967327,-0.45688012,-0.25998133,-0.55999607,0.35641447,-0.09342466,0.32162723,0.11499873,-0.09220168,-0.051259115,-0.4293324,0.25186467
1200,0.16190542,0.50047874,-0.28440458,0.52310425,-0.6204098,0.6194046,-0.3707627,0.55940163,-0.4986286,0.57961017,0.4360233,-0.25872862,-0.7924607,-0.6419334,0.2456063,0.850758
794,0.024517335,-0.31208384,-0.24246511,0.06613771,-0.4369428,-0.105308875,0.16026416,-0.25041354,0.21710646,0.093761325,0.045035694,0.3619595,0.52882236,0.5827906,0.32116377,0.7345341
780,-0.5782091,0.26146582,-0.4527119,-0.12611265,0.3921408,-0.009148089,0.12282112,-0.21817124,-0.13589859,0.510695,-0.29176822,0.4781173,0.1013213,0.21341832,-0.089855246,-0.4036456
1214,-0.13087489,0.21379623,-0.03834606,0.2264638,0.11343669,0.03818691,0.12887314,-0.061579704,-0.20194136,-0.2632477,-0.082084015,-0.18341824,-0.36413318,0.25605804,-0.13137543,0.08427544
958,0.26444197,0.41531107,0.043235052,0.38700226,0.120715804,0.1228862,0.05782544,-0.17675364,-0.11583613,-0.18702054,-0.10482036,0.17682669,0.39520657,0.08770774,-0.006913395,0.49599215
1572,-0.4066269,0.46271288,0.22969973,0.35319817,-0.097222775,-0.30629677,-0.07094188,-0.17895594,-0.5904298,0.34344685,-0.5876934,-0.0663366,-0.2673362,-0.61765826,-0.54628193,-0.65375215
2053,-0.06767948,0.0071300664,-0.13803868,0.39686668,-0.095521085,-0.18005252,0.0016129282,-0.04822142,-0.51235163,-0.21346167,-0.07596436,0.35271382,0.13003151,-0.08669225,-0.16219375,-0.13195834
970,0.22747996,0.30085868,-0.051447988,-0.07640775,-0.3634948,-0.6318386,0.077955715,-0.6292769,-0.12344517,-0.48769203,-0.18595958,0.44965512,0.33123514,0.5131925,0.13836274,0.029540863
1228,0.13108481,-0.055565372,0.2941466,0.25525993,-0.105262615,0.1291755,0.26262587,-0.33112192,-0.44257793,-0.3613055,-0.029312681,-0.018749075,0.03330194,-0.31970015,0.0057798577,0.2852031
964,-0.018685792,0.42799824,-0.09519935,-0.29197896,0.09934005,0.32362545,-0.08881833,-0.49008718,0.42906746,-0.4664823,-0.15941887,0.30366552,0.39092243,0.5308427,0.18781783,0.436389
2047,-0.13843,0.053258583,0.12992889,0.41833624,0.099261366,-0.19066595,-0.21694618,-0.022170948,-0.122277774,-0.46797445,-0.07796533,0.017258141,-0.019344218,0.3015191,-0.0074529164,-0.14241484
757,0.17695409,-0.13567321,-0.32590336,-0.08448709,0.3429265,0.026909215,0.00954175,-0.3153985,0.22749901,-0.0019255127,-0.10366192,0.34973103,0.34351388,0.45833886,-0.01641833,0.24129136
743,-0.14370115,-0.21809384,0.17267358,0.49462435,-0.084503375,-0.09878971,-0.032647785,-0.084036075,-0.05191051,-0.15439855,-0.49596798,0.22351827,-0.29840583,0.012262668,-0.35144722,0.07714255
1599,0.2897929,-0.14691047,0.46000493,0.20184241,-0.35955724,0.21740307,0.066763714,-0.424826,-0.4745886,-0.32719505,-0.15656736,-0.26515606,0.18347576,-0.28374732,-0.32560557,0.055144183
1002,-0.03565183,0.14376618,-0.037831005,0.58323133,-0.54915696,-0.06732062,-0.23784761,-0.32955986,-0.09000104,0.048746645,-0.5725001,0.24602158,-0.51269525,-0.54544103,0.25963125,-0.14693296
1764,-0.18133624,-0.047010142,-0.12233835,0.30721492,-0.005949256,-0.13836613,0.0015002775,-0.38802972,-0.27956536,-0.44038093,-0.036387775,0.0767034,-0.083931156,0.111604445,0.1377699,0.012334327
1770,-0.6668431,0.34235194,-0.6257825,0.045868732,-0.47241735,-0.21407512,0.23915637,-0.018671704,-0.38257563,0.36376673,-0.04246669,0.2151598,0.05460693,-0.45007604,-0.23288782,0.11174698
1016,0.016812308,-0.6074925,0.20886348,0.02801387,-0.16638607,-0.08230743,0.16375808,0.0017410723,0.25820082,0.1323736,-0.2405857,0.6005358,-0.45835122,-0.36410007,0.3436523,0.38134795
582,0.28236392,0.060583785,0.25012255,0.16928467,0.03811231,-0.04069105,-0.26386383,-0.32913134,-0.18250675,-0.25917137,-0.01106168,0.3934305,0.105412036,-0.05561451,0.33816135,0.10730867
1758,0.0011704465,-0.21563698,0.13406666,-7.0504844e-05,0.28526288,0.03668588,0.106529936,0.018381856,-0.23562342,0.014689827,-0.1883116,0.07489301,-0.18357818,-0.3123692,0.08421179,0.11525062
1980,-0.19495204,-0.15061066,-0.21602559,-0.34536147,0.2476673,0.11988687,-0.29209262,-0.30787253,-0.35289097,-0.33535087,-0.116534755,-0.45933744,-0.0623024,-0.29347494,-0.260185,-0.09921004
1994,0.32155153,0.110010274,0.14372152,0.1333257,0.029165965,0.052434664,-0.034352966,-0.07833124,-0.40359312,-0.40356877,-0.027694458,-0.04567468,-0.043317217,-0.3615935,0.13488758,0.32127452
555,0.5886673,0.4211882,0.664028,0.23222174,0.22549327,0.23716669,-0.61376846,-0.39293933,0.5030851,-0.37693933,-0.21938513,0.14223462,0.3251435,0.1092243,0.3056964,-0.07646088
233,-0.08353024,-0.09464395,0.04485218,0.6421958,-0.2505384,-0.57170254,0.07481186,-0.14512607,-0.316143,0.15057406,-0.18747558,0.42129982,0.16432871,0.1792484,-0.08576435,-0.21104208
227,-0.33477524,-0.49096012,-0.56610805,0.09589189,-0.1822305,-0.3589906,0.030555587,-0.5791905,-0.20794976,0.37413898,-0.05950986,0.15766338,0.43576497,0.49532133,0.6278728,0.01336405
1943,0.32163274,-0.11296315,0.20732597,-0.24736358,-0.2761948,-0.1957237,-0.0314392,-0.21853754,-0.46298108,-0.48483258,-0.37537643,-0.32024106,-0.20467044,-0.4723159,-0.015694294,0.25604495
1957,0.41482663,0.48818815,-0.19872195,-0.21213461,-0.4056415,-0.035586137,0.19828893,-0.2774955,-0.5679622,-0.4140004,-0.29585084,-0.20878206,0.18443385,-0.12791869,-0.17877984,0.32455355
240,-0.22903612,0.17896482,-0.11267661,0.24844217,0.09639904,-0.26387814,-0.14738426,-0.30338287,0.43648216,0.1511874,0.33442718,0.2928647,0.36958167,0.047945295,0.2926471,0.10432989
254,-0.13961352,-0.63263863,-0.66721165,0.74575007,0.29738435,0.5659195,-0.12272056,-0.38526687,0.08830513,0.28417838,0.040504485,-0.15764138,0.7055809,0.037550516,0.6744691,-0.18762934
1918,-0.36609882,0.38281894,-0.3462822,-0.5016287,-0.33992666,-0.56510496,0.47191742,-0.46330664,0.39225087,-0.5013602,0.6473031,-0.11371273,-0.36794752,0.38268977,-0.36065307,0.31152695
1930,0.29900566,0.31921095,0.18956965,0.018578433,-0.269233,-0.33919418,0.04421481,-0.41193235,-0.2726994,-0.084890425,-0.13746026,-0.17534597,-0.2060815,-0.29965827,-0.17100038,0.14288522
1924,0.3023041,0.2983069,-0.14363943,-0.51527727,0.4830768,-0.13002703,0.33057383,-0.25899985,-0.3841958,-0.085514665,-0.21358497,-0.32373306,0.15436593,-0.09471758,-0.2346494,0.05672717
1717,-0.26886138,-0.15704039,0.14159343,-0.038422316,0.04627533,-0.19295983,0.0658382,0.07595149,-0.53376865,-0.3651971,0.18137823,-0.06424999,-0.14934935,0.3182384,0.0050874883,0.016348772
1071,-0.37950015,-0.31101298,0.26977807,0.3748147,0.11888667,0.078686506,0.10509285,0.10350287,-0.10515394,-0.32812908,-0.16950294,-0.17194182,-0.10730012,0.19429082,-0.33881512,-0.14999145
1065,0.3880275,0.19941258,0.3685231,-0.14510639,-0.13719033,-0.27025476,-0.009687099,-0.6134747,-0.49237454,-0.40856233,0.00848714,-0.46206024,-0.08784828,-0.41757727,-0.018082473,0.15357746
1703,-0.39751428,0.1837717,0.23423702,-0.26046592,0.23363052,-0.13296273,0.15964426,-0.24415663,-0.4970802,-0.75790066,-0.20355007,-0.4543369,-0.21703583,0.4630511,0.49086973,-0.2365029
297,0.66307443,-0.14821969,-0.4652191,0.6121478,0.36131632,0.22297412,0.05370042,-0.37864795,0.07725074,0.41434276,-0.22450192,0.36935747,0.43685323,-0.30254787,0.16869138,0.2080576
1059,0.6727157,0.6075564,0.25543705,-0.31762296,-0.21065034,-0.1503483,0.2815157,-0.33916792,-0.3733782,-0.1522708,-0.21785364,-0.38693938,-0.094391085,-0.21736845,-0.43587726,0.17385942
724,-0.102151014,-0.035048798,-0.31675842,-0.0075445087,0.0003526473,0.10251047,-0.26221314,0.14678885,-0.30268845,-0.2635704,0.06272282,0.30308428,0.2737225,0.46016037,-0.0359654,0.010330496
730,-0.2857739,-0.29330266,-0.05717446,0.028863458,0.2145242,-0.15644951,-0.55126935,-0.1630592,0.15580027,-0.11805855,-0.06782538,0.68681663,0.14112642,-0.15030682,-0.17115085,-0.45458204
718,0.0627392,0.104694225,-0.30130276,0.05296513,0.06274695,0.06652487,-0.22337817,0.061376452,-0.16323127,-0.2225745,-0.14477564,0.19685967,0.18668428,0.3638601,0.2792495,0.12674186
1298,-0.20230788,-0.20097876,0.15887876,-0.14247453,-0.07593245,0.11746619,0.21067958,-0.32955664,-0.061883666,-0.40242082,-0.36402044,-0.26623824,-0.32716113,0.13489598,0.05249039,-0.29185227
1273,-0.06071894,0.17100972,0.18575253,-0.20176385,-0.21589915,-0.047648925,0.33200485,0.122013085,-0.12645538,-0.39398608,-0.100380056,-0.052715845,-0.2040692,-0.050024226,0.23436166,-0.034800787
1515,0.023686433,0.529443,-0.16215914,-0.21829188,0.008505137,-0.021441845,0.11644277,-0.29825374,-0.5017203,0.0019324761,-0.22193913,-0.25327677,-0.036386162,0.28280616,0.040884096,0.19727394
1501,-0.32956037,-0.18447267,0.14465797,-0.26427332,0.4121916,0.431437,0.010802199,-0.062185686,-0.3788173,0.08572809,-0.31346843,-0.18040755,-0.07701588,0.18020855,-0.049760114,-0.091475524
2008,0.23707882,-0.13188376,0.045223232,0.4082103,-0.039272808,-0.18688834,-0.28971127,-0.32993868,-0.10464519,-0.24414834,-0.32885376,0.23220018,0.1454566,0.2308305,-0.14358659,-0.21329941
1267,0.22637175,-0.13355961,0.3135284,0.0020356746,-0.21111572,0.28988302,0.36824152,-0.42074805,-0.19834454,-0.5075003,-0.29731256,0.14499134,0.12718825,-0.12858471,-0.10874404,0.3141418
903,0.19012626,0.16358852,-0.28392044,-0.07955297,-0.08976722,0.07058177,0.05415493,-0.11643291,-0.13313644,-0.3223038,-0.14532149,0.11218904,0.43129894,0.321606,-0.031096045,0.2274489
1529,0.2573361,0.19084345,0.28640184,0.04593596,-0.078309014,0.32392222,0.07620686,-0.41116807,-0.4100683,0.08573726,-0.29305437,-0.23114738,-0.17134865,-0.39889288,-0.5236706,-0.034636192
2020,-0.2340916,-0.37860045,-0.18041089,-0.024475796,0.09062433,0.08105174,0.1644286,-0.18426564,-0.53133625,-0.23805305,0.09453418,-0.02400082,-0.12064771,0.19859698,0.36374113,0.0810464
2034,-0.10330473,-0.07233678,0.15194441,0.3897222,-0.0037548896,0.05077889,-0.06456045,0.09418323,-0.30904937,-0.30699286,-0.32172593,0.003166428,0.03849323,-0.05623259,-0.20851907,0.046954278
650,0.20138347,-0.07242084,-0.5954468,0.36253953,0.22430065,-0.43626708,-0.014672943,-0.19949241,0.07871344,0.237197,0.00044066456,0.58915144,0.13398896,0.31224954,0.43067965,0.10008724
136,0.2800677,0.3213167,0.0194589,0.10261959,-0.10030681,0.0117470585,-0.27882323,-0.15244374,-0.35180798,0.18918495,-0.14917527,0.39626706,0.47806692,0.057553295,-0.124850936,-0.08920335
122,0.45217577,0.41104028,0.39388737,0.34914094,0.030693175,-0.289767,-0.4341239,-0.33194903,0.31993446,-0.2694538,-0.3999299,0.2986459,0.3842965,0.6786833,0.53911746,-0.02256956
644,0.082211845,-0.076692544,0.035297334,-0.040931713,-0.1522656,0.2274385,-0.040846758,0.26820308,-0.2177284,0.048599366,-0.2741938,0.14397272,0.08489489,-0.22319688,-0.4478218,0.14186618
1307,0.35930082,0.2716317,0.101847656,0.07962153,-0.25190383,-0.18384224,0.19804852,-0.17891109,-0.5248678,-0.21179979,0.41490665,0.0018385598,-0.03621922,-0.3191572,0.057034615,0.33967212
693,-0.12961833,0.29010454,-0.17093176,0.29963598,0.22187692,-0.15407835,-0.44660705,-0.09909132,-0.19178693,0.16599938,0.34262684,0.2706343,0.07187262,0.38033724,-0.07125085,0.010736613
1461,0.38422254,0.01262734,-0.00081183744,-0.17440794,0.061782077,-0.10729865,0.26860902,-0.2620787,-0.40881658,-0.2804527,-0.15609398,-0.32326245,0.009167414,-0.5190362,0.11827276,0.28994521
1475,0.331093,-0.1671086,0.34916267,0.3193635,0.066603504,0.087573804,0.18951024,-0.11416282,-0.2633746,-0.2778666,-0.19883667,0.16500475,-0.055973712,-0.29037964,-0.2144493,0.135806
687,-0.03853551,-0.050265007,-0.22735217,-0.114585705,0.027413901,0.18929069,-0.47001207,-0.05104795,-0.27252403,0.09706334,0.01122715,0.2860313,-0.054319497,0.2739307,0.27095947,-0.18283102
1313,0.34680185,0.04921561,-0.056944095,0.1674838,-0.2891648,-0.18551089,0.25370976,-0.29247057,-0.39825833,-0.32319573,-0.37611657,-0.0004757073,-0.05906361,-0.53364205,-0.22231905,0.026671736
37,0.18708389,0.308874,0.12267801,-0.19798662,0.07501533,-0.11234139,-0.112879425,-0.1276812,-0.23412247,-0.3034863,-0.29784247,-0.2980762,0.06286207,0.045590334,-0.07464186,0.263448
1449,-0.025276452,0.37375298,-0.019548303,0.30856878,-0.17220037,0.3726248,-0.19052976,0.18418454,-0.09089589,-0.27844706,-0.2667679,-0.094615474,-0.40145162,-0.30301178,-0.56396705,-0.3776088
863,0.0035392533,0.46669182,0.22898352,-0.04676747,0.14364949,0.042762395,-0.35583392,-0.22551517,0.37500745,0.12804657,-0.085672066,0.25309336,0.28283536,0.4360887,-0.28177014,0.27042994
1878,-0.0047750426,0.16096365,0.36483935,-0.28318924,-0.12671797,-0.28955984,-0.19665405,-0.023340695,-0.07212839,-0.27294508,-0.35240626,-0.22575219,-0.23575626,-0.17211454,-0.30811018,-0.08742482
334,0.018674742,-0.3820156,0.15435527,0.6117963,0.17570755,0.520512,-0.3692542,-0.25436714,0.059134446,-0.3585788,0.03657436,-0.68340087,0.4684743,0.5553986,0.44271216,0.21123594
452,0.16426706,0.056089148,-0.089814976,0.47797874,0.06558848,0.06814397,-0.2552296,-0.30019498,0.32166407,0.1296157,-0.16343097,0.48888317,0.3233775,-0.03376637,0.06168326,0.37008572
320,0.3825324,0.44912708,0.32763004,0.09167483,0.07944974,0.17161262,-0.17342201,-0.28599182,0.42806318,-0.18237536,-0.09659174,0.2426749,0.5769809,0.5006713,0.0682605,0.18188971
1844,0.3470025,0.017171627,0.20219839,-0.01291648,0.107344724,-0.09801411,0.106609315,-0.19267528,-0.2714632,-0.4499176,-0.19861728,-0.014890592,-0.10220199,-0.114814535,-0.38496026,0.23138355
308,0.26047975,-0.016259337,0.25592384,0.4154124,0.11237456,-0.08647749,-0.20768836,-0.07593361,-0.3533596,-0.24840236,-0.25485462,0.46503663,0.48765355,-0.07121095,0.15923564,0.10656314
1850,0.047896426,-0.089415744,0.35153458,0.046762384,-0.30888355,-0.28189912,0.51461554,-0.5308271,-0.3196605,-0.29100585,0.07246312,-0.3995685,-0.18394072,0.059534803,0.07513723,0.3683977
1688,-0.07890352,0.10258491,-0.23252581,-0.118210785,0.086812764,0.26059696,-0.14848673,0.11578956,-0.48928362,-0.016566712,-0.022810435,-0.06183968,-0.046288088,-0.1200235,-0.007880577,-0.052788608
1663,0.24443626,0.13587983,0.009172868,0.08791888,-0.101674706,-0.09187733,0.26316246,0.029911898,-0.32285005,-0.17073385,-0.011408675,0.102013394,0.009005318,0.0927285,-0.17128433,0.2914022
1105,-0.5182503,0.122384086,-0.18449134,0.31811896,-0.13647336,0.18100953,-0.09822997,0.067967504,-0.3611989,-0.5798891,-0.06166303,-0.19057362,-0.022159949,0.0025555734,0.23883814,-0.07000095
1111,-0.017165277,0.18253161,-0.088068955,0.23259197,-0.3201593,-0.2365214,0.31873536,-0.063210815,-0.21468006,-0.3272892,0.26417065,0.13787103,-0.04652775,-0.0759424,0.08449946,0.48790225
485,-0.30320236,-0.12708613,-0.09157493,0.68809,-0.1966275,-0.59167075,-0.30235767,-0.023936937,-0.07909835,-0.20716146,0.2767451,0.31360942,0.38503107,0.41945505,0.034910962,0.48179615
1677,0.13177015,0.10662761,0.35938895,0.28563005,0.53732264,-0.015371729,-0.38999456,-0.20814344,-0.31814516,-0.35758135,-0.25203443,-0.52601254,-0.32090658,-0.52666146,-0.4235544,0.07037911
1887,0.26411682,0.2600077,0.13233946,0.18362701,-0.13455261,-0.24216339,0.2679298,-0.36847585,-0.4434532,-0.5012446,-0.0827788,0.07250949,-0.024645545,-0.24219874,-0.31527713,0.18897024
1139,-0.49765703,-0.49913207,0.33808914,0.43612766,-0.2718355,0.1578816,0.33074257,0.29264304,-0.21685545,-0.35710523,0.18319461,-0.22407675,-0.14685796,0.2868704,0.39472416,0.5360658
1893,0.13415743,-0.108531974,0.3032377,-0.054256696,0.05380738,0.09085203,-0.09944198,-0.4531497,-0.37181678,-0.17986621,-0.4198955,-0.1832366,-0.20095927,-0.23399454,-0.5381779,-0.3634068
1892,0.05645594,0.12980087,0.379519,-0.4229234,0.14473253,-0.32111853,0.2390871,-0.22148077,-0.058297902,-0.35137403,-0.1358056,-0.20604326,0.077489026,-0.0553054,0.00092390896,0.22426726
1886,0.5445979,-0.12440471,0.22141679,0.42084017,-0.39406183,-0.06276445,0.049999718,-0.2503358,-0.26531512,-0.5838519,-0.08761832,0.12546518,-0.42170537,-0.192849,-0.29593277,0.113403365
1138,-0.17436904,-0.3679639,0.25152457,0.573423,-0.1573332,0.5162649,0.26226905,-0.2278121,-0.018181272,-0.11980185,0.36072728,-0.01462674,0.4259689,0.20930758,0.32621294,-0.034868132
484,0.04836893,-0.27421066,-0.06668169,-0.01915803,0.2224711,-0.14213046,-0.57588947,-0.05723686,-0.01044444,-0.023532467,-0.08367354,0.25552985,0.37989733,0.3719784,-0.35924193,-0.11650767
1110,0.39358968,0.18072936,-0.0033055944,0.16445647,-0.029849999,-0.09424135,0.090092644,-0.019168606,-0.017237185,-0.29040974,-0.042780526,-0.25092927,-0.120489605,-0.4250366,-0.28226632,0.20414664
1676,0.039500915,-0.12677944,0.42585278,0.26833218,0.22907314,-0.17016459,-0.5088416,-0.3093491,-0.4868668,-0.21305758,-0.100260474,-0.60009176,0.13344759,-0.49761975,-0.53687686,-0.016620383
1662,0.48062915,0.188695,0.06073518,-0.27741683,-0.09870788,-0.01904402,0.1480258,-0.11686274,-0.49118623,-0.3179128,0.06394683,-0.2576239,0.13034046,-0.46800536,0.12502539,0.22496358
1104,-0.394283,-0.22639216,0.19334689,-0.03532453,0.017067118,-0.2320597,0.18657796,-0.039616052,-0.37433895,-0.20794533,-0.24235527,-0.21139932,-0.077523105,0.22602868,-0.02040677,0.08087318
490,-0.3061174,-0.50552404,-0.41174442,-0.108427346,0.37258595,-0.4063417,-0.12612157,-0.26753047,-0.45131224,-0.08089152,-0.08853363,0.14812091,0.4450281,-0.4644759,0.010873441,-0.04614433
1689,-0.069098175,0.14420082,0.47801778,-0.0262811,0.2324882,-0.026822189,0.10001321,-0.31218517,-0.46305338,-0.09035549,-0.009989168,-0.41606918,0.22888768,-0.5345434,-0.09221611,-0.08711974
1851,-0.30755413,-0.32731247,0.09899582,0.11483125,-0.34964633,-0.16528378,-0.007437809,-0.23922245,-0.3392055,-0.1108072,-0.36182752,0.12412196,-0.097996674,-0.07588764,-0.11607879,0.082537405
309,0.12410294,0.17604853,-0.35754505,0.2443548,0.09708082,-0.32463175,-0.07085241,0.21046995,-0.078696616,-0.4061582,-0.25856942,0.2150669,-0.013608383,0.38822022,0.2409551,0.2619996
1845,0.21434113,-0.015630344,0.14779192,-0.26684955,0.1470585,-0.23407114,0.08302814,-0.27010658,-0.2873924,0.05155475,0.1417386,-0.14364271,0.21640018,-0.19997449,-0.18010269,0.09015034
321,0.21448378,0.1583496,-0.44052568,0.1434315,0.08157764,-0.2775665,-0.083082624,0.017761813,0.20390992,-0.5056041,-0.12900586,0.5098209,0.117054924,0.3492796,-0.06402129,0.31568813
335,0.28817883,0.064441234,0.013764019,-0.094867066,0.014120138,0.12249571,-0.06597795,-0.064033344,-0.096260406,-0.099273324,-0.090850085,0.02834171,0.3608646,0.13765953,0.06848858,0.03752424
1879,0.28016114,0.6020324,0.7038525,-0.49594763,0.3192325,-0.44695118,-0.109932624,-0.1347208,-0.051266573,-0.4641143,-0.5585305,-0.48475215,-0.1467198,-0.65881,-0.41831142,0.044366546
453,-0.34295082,0.6025714,0.27798495,0.52562994,0.1608977,-0.35713848,-0.3631592,-0.52293634,0.08198758,0.25576937,-0.71562475,0.5007217,0.14629288,-0.6407327,-0.3582271,0.34249017
1448,-0.12468177,-0.24017484,0.32443503,-0.0023078355,-0.32375368,0.14494854,-0.028467627,-0.5749222,-0.15714183,-0.25636226,-0.2248739,-0.030472986,-0.34504244,-0.36248198,-0.044391204,-0.011145379
22,0.3642547,-0.18579932,-0.44973195,0.15459879,0.021999054,0.0053863153,0.007022757,-0.11529809,0.025022423,0.25197503,-0.09218423,0.14861365,0.5445819,-0.13019526,0.10583016,0.39382574
876,0.30563352,0.27405033,-0.26799136,0.39262605,0.32565993,-0.18010442,-0.57186115,-0.19392636,0.24989814,0.26262388,-0.025189346,0.07863276,0.32690814,0.4501754,-0.23913881,0.34443888
1474,0.3859887,0.1429796,0.14061745,-0.085498,-0.17268863,-0.011330581,0.24898867,-0.16580926,-0.11321805,0.04703171,-0.38754427,-0.2985057,-0.050378293,-0.26922646,-0.20675564,-0.15814155
1312,0.3342776,0.1558393,-7.042289e-05,-0.44120598,0.16834833,0.15469046,0.5998538,-0.24686326,-0.41841015,-0.45105985,-0.20194219,-0.04488489,0.23376995,-0.12308581,0.27454105,0.5880921
686,0.21667083,-0.09629566,-0.06868409,0.5087006,-0.42893112,-0.26544338,0.069961034,-0.047205333,-0.3526265,-0.4473037,-0.24456762,0.6066215,0.14309059,0.10216516,0.3551902,0.0091830455
692,0.19604118,0.398552,-0.21669137,-0.07765601,0.48978016,-0.309284,0.16101655,-0.2639125,-0.28089732,0.21675381,-0.101210795,0.45650712,0.2757818,-0.06139499,-0.07312825,0.0044074818
1306,-0.01321153,0.42760295,0.45783713,0.18062542,-0.4261155,0.105215274,-0.251694,-0.09813526,-0.6420078,-0.19049266,-0.32026303,-0.58510613,0.15637283,-0.50863403,-0.21128924,0.18716812
1460,0.40548778,0.29101276,-0.20971137,-0.3155497,-0.014626107,-0.24932319,0.2585887,-0.12802331,-0.6143295,-0.20557049,-0.20765102,-0.20646878,-0.120560676,-0.23227964,0.055695098,0.337233
123,0.054420043,0.009150935,-0.09662299,-0.04307568,0.1772429,-0.09162224,-0.18922207,-0.3287192,-0.038365353,-0.19387834,0.08869482,0.17309508,0.102401674,0.28357568,-0.23908491,0.017167367
645,0.4898399,0.012738297,0.039156433,0.08446966,-0.22122017,-0.1554422,-0.010727651,-0.17398168,-0.4311882,-0.107654646,-0.27081713,0.5543278,0.27692658,0.44663498,0.22465488,0.10690505
651,-0.03781699,-0.050237227,-0.22629447,-0.113990426,0.023629041,0.19443578,-0.4638399,-0.05901706,-0.26658776,0.10136447,0.0202618,0.273987,-0.06459859,0.27335507,0.25390756,-0.18772565
889,-0.06358959,0.42769074,0.24425074,-0.10730988,0.33446404,0.014630898,-0.5789853,-0.27327257,0.32555154,-0.5403823,-0.20480886,0.27815416,0.1291937,0.3305098,0.060975846,0.10052109
137,-0.24226427,-0.6466477,-0.052381244,0.25388974,-0.19403796,0.62666893,0.07940884,-0.57859826,-0.5880178,0.09707809,-0.16282676,0.0010904197,-0.103166446,0.50175714,0.37025493,0.19452786
2035,0.5014357,0.4371273,-0.15324877,0.08323317,-0.29073167,-0.048338387,-0.060264654,-0.24430902,0.22805342,-0.34984988,-0.38509813,0.3058537,0.16176431,-0.21350947,-0.11536109,0.3804002
902,0.4028174,-0.2871562,-0.018496795,0.10654195,0.60912746,-0.22409119,-0.41150063,-0.5976859,0.45558757,0.55996895,-0.33647826,0.21720742,0.6653358,-0.18505129,-0.01128264,-0.022388062
2021,0.12759429,0.20695812,-0.37380964,0.24258886,-0.24743317,-0.13294531,-0.16180559,0.09950229,0.3571907,-0.10008719,-0.04537219,-0.024447737,0.11433355,0.15359093,0.027606206,0.41121653
1528,-0.14925697,-0.109349646,0.35047358,-0.3613931,0.43594414,0.2544719,0.080306284,-0.188583,-0.4903427,-0.6170119,-0.36071745,0.08351248,0.13932453,-0.55048126,-0.30202228,0.22243789
2009,-0.12569034,0.0719137,-0.2054333,0.21781623,-0.35118258,0.060937937,0.06468356,-0.08400174,0.19367152,-0.12418478,0.06962475,0.2035375,0.19906336,0.13267821,0.12042373,0.48426378
1500,-0.55848175,0.046921004,-0.3160561,0.0002394095,-0.21846485,0.006807371,0.2483512,0.181239,-0.12591982,-0.21784697,-0.10317024,0.0006013446,-0.28320062,0.0147344535,0.17211132,0.20282577
1266,0.23129363,-0.06679522,0.31112742,0.12568443,0.25152987,-0.16484672,0.34072095,-0.09727405,-0.14940304,0.11358478,0.0130340895,-0.5669246,-0.11619835,-0.071856394,-0.09042566,0.074918784
1272,-0.23008773,-0.0303408,0.39907023,-0.054085672,-0.39467317,0.40781668,0.34860104,0.13983756,0.06349143,-0.4380337,-0.09436953,0.013315994,0.44373104,-0.12139466,-0.0016051666,0.35509574
1514,-0.09703632,-0.12697323,0.4670037,-0.27904218,0.564234,0.13324678,-0.5057965,-0.62148136,-0.4524866,-0.12496437,-0.4680424,-0.42379874,-0.2393124,-0.2068482,-0.20271897,-0.17515859
1299,-0.56362545,0.1060755,0.2977159,-0.2932241,-0.35037872,0.32808346,0.6040944,-0.24446607,0.09659132,-0.51853454,-0.5021408,-0.20921662,0.23377137,-0.00070319313,0.16873142,0.5888886
719,0.20413525,-0.0104531,-0.09634596,0.1742619,0.058122862,-0.41253054,-0.44163883,-0.057534214,0.19430724,-0.47347486,-0.33165333,0.6309404,0.41250664,0.63005716,0.2344076,-0.48837864
731,0.4081582,0.27931893,-0.34667405,0.32432547,-0.055387143,-0.59020764,0.022543257,-0.3930751,-0.16154867,-0.19769159,-0.14700541,0.6374956,0.073667735,0.20799811,-0.048525024,-0.22138976
725,0.16895822,0.19894458,0.25647807,-0.11022296,0.033253003,0.10922448,-0.15304181,-0.6043221,-0.38009688,-0.05874912,-0.18733196,0.5452395,0.503395,-0.12508462,-0.16817923,-0.11959383
1058,0.57549196,0.42437297,0.3420421,-0.39938456,0.14214778,-0.23122574,0.31830424,-0.33633822,-0.35830644,-0.15658012,-0.23204002,-0.34633493,0.022954954,-0.18637949,-0.25189698,0.25647914
1064,0.2434346,0.26641476,0.19755569,-0.59917986,-7.5110875e-05,-0.11720201,0.76633894,-0.27801442,-0.062338077,-0.29493287,-0.23715642,0.0014495285,-0.04942484,0.17106824,-0.11434813,-0.15472054
296,0.06966599,-0.23498495,-0.21602894,0.038596965,-0.10734248,0.0031579032,-0.12650113,-0.06456112,-0.0956669,-0.22381257,-0.23702325,0.27480015,-0.0183388,0.06991091,0.104525305,0.06032704
1702,-0.5529263,-0.24282141,-0.24147013,-0.12627617,-0.05962632,-0.014043927,-0.15856542,-0.10013245,-0.44209936,0.1911566,-0.20898342,0.18198994,0.053182654,-0.46684486,0.147073,-0.15911454
1716,-0.32605523,0.035866536,0.6412346,0.1500285,-0.069721445,0.040781412,-0.16509601,0.015847959,-0.2838606,-0.5899625,-0.063671835,-0.42223457,0.13315208,-0.42119464,-0.3593357,0.06874632
282,0.112633534,0.013796834,-0.53822917,0.059186507,0.09128674,-0.20888016,-0.11062857,0.07469817,0.10340557,-0.09257507,0.07758236,0.17631054,-0.01155369,0.1892181,-0.046580352,0.19842143
1070,0.09660185,-0.05408098,-0.27468336,0.45157042,0.1349598,0.4078132,-0.043307494,-0.17513958,-0.23399906,-0.71966165,-0.053193007,0.19101037,0.017535662,0.17528571,-0.12816738,0.03307779
1925,0.15707915,-0.0511454,0.009940781,-0.22010942,-0.08541603,-0.12512341,0.17960705,-0.27270842,-0.08267459,0.14242421,-0.24300191,0.05158699,-0.12737738,-0.220782,-0.020366244,-0.13160838
269,0.32998934,-0.040955424,0.22593696,0.39643025,0.24262543,0.047810584,-0.086519614,-0.08495706,-0.0052363765,-0.08070807,-0.048631962,0.4788018,0.1342312,0.20339137,0.030442707,0.14451183
1931,0.32274854,0.13803062,0.29747403,0.006839236,-0.4326935,-0.2390838,-0.02866354,-0.594474,-0.26249936,-0.023960296,-0.2714771,-0.117541164,-0.19697432,0.17280877,-0.22873203,-0.2742953
1919,0.34578058,0.46600595,0.07153247,-0.57679284,-0.02447165,-0.25053626,0.21870162,-0.36046436,-0.48639223,-0.19499347,-0.067974776,-0.58943474,0.2888334,-0.046024647,0.1443739,0.47520196
241,0.057505652,0.20103738,0.016246468,0.4496165,-0.15156735,-0.029130269,0.15476923,-0.15468328,0.18343748,-0.40926474,-0.0006545632,0.6451819,0.32749745,-0.0949217,0.27307817,0.3133864
527,0.43375316,-0.3601921,-0.19766934,0.16900147,0.30418444,0.2706968,-0.020389182,-0.28482693,-0.31078184,0.10006644,-0.25447777,0.36123616,0.49010295,-0.28283966,0.29229426,0.26997432
257,0.27221936,0.38354608,0.44746166,-0.0146956965,0.27474174,-0.19089557,-0.33609465,-0.30302194,0.3889481,-0.34393156,-0.20876065,-0.099419944,0.34801084,0.5283485,0.2814075,0.28451064
525,0.29387125,-0.21131305,0.04773569,0.31654847,-0.13198008,0.543286,-0.09355246,-0.15515818,-0.25971907,-0.6112262,-0.15403144,0.17628554,0.12618981,-0.34183404,0.32311577,0.28094733
243,-0.08086034,-0.09991792,-0.4522482,0.40204778,-0.09329917,-0.2694221,-0.0049885917,-0.222803,0.110727385,-0.15664582,0.20621264,0.39006293,0.3930349,-0.18819983,0.21034406,0.29107958
1927,0.27208006,0.19297622,0.03981829,0.3561774,-0.20579197,-0.006267965,0.3207805,0.15489079,-0.11866657,-0.54016954,0.19583686,0.094514824,-0.21009383,-0.22805479,-0.07552612,0.36138865
1099,-0.5236106,0.18974571,0.22365427,-0.012926209,-0.036271174,-0.2672838,0.023613984,-0.2428333,-0.29919094,-0.106975645,-0.28301597,-0.62213826,0.048187397,-0.14052567,-0.5769961,-0.373536
519,0.5675843,0.7443694,0.507351,0.24712153,0.20403992,-0.19358222,-0.6431255,-0.47186914,0.62254894,-0.28481847,-0.36106902,0.3489393,0.31059384,0.38888255,0.3930366,0.5589741
1933,0.47070754,0.4398406,0.057875,-0.55264986,0.074949585,-0.027363688,0.6421153,-0.4100725,-0.3672648,-0.5114601,-0.2858594,-0.3183966,0.21713074,-0.057458278,0.15792993,0.40271172
1700,0.38520905,0.25302035,0.039639853,0.084083855,-0.059105046,-0.0036273887,-0.043952893,-0.24490112,-0.51909643,-0.08627346,-0.22402047,-0.2089766,0.20842981,-0.28659788,-0.16515939,0.2266739
294,-0.06972164,-0.31513393,-0.5563989,0.43202698,0.2519664,0.61479574,-0.10973846,-0.364582,-0.21157607,0.27917552,-0.19683038,-0.058340993,0.62861407,-0.05295961,0.40827626,0.32707602
1066,-0.25222293,0.29800078,0.1160491,0.18890157,0.29023227,-0.34738225,0.0071926573,0.026669487,-0.41454524,0.025071027,-0.52000916,-0.19434871,-0.004227315,-0.549944,-0.4003204,-0.06979462
1072,-0.21941662,-0.35511827,0.24634458,0.060616236,-0.06694033,0.26030147,-0.10492688,-0.46740243,-0.40792203,0.06385953,-0.5772922,-0.08928909,0.2907799,-0.5182478,-0.64599276,-0.331775
280,0.013497941,-0.5992259,0.3557942,0.58870596,-0.071561426,0.34111255,-0.03959308,-0.35991767,0.2953269,-0.21872942,-0.14526094,-0.41160175,0.460945,0.5467618,0.15144481,0.60796076
1714,0.0844429,-0.37093365,0.38247228,-0.08124327,-0.34377888,0.013246462,0.14210838,-0.22716393,-0.51101995,-0.3419193,-0.3054563,-0.17045896,0.2581983,-0.51170844,-0.4624566,0.19754592
1728,0.17829171,-0.16525573,-0.10762249,-0.27211285,-0.039761018,-0.10479922,0.3356278,-0.27885425,-0.16636772,-0.48292282,-0.12253597,0.10720562,0.03209229,-0.17435949,-0.15685314,-0.042178277
733,-0.025760965,0.42253235,0.14254929,0.22649212,-0.023474725,-0.1480701,-0.032100264,-0.0010594499,0.3579628,-0.2716427,-0.14043027,0.3002633,0.03962277,0.062039357,0.070009515,0.35435998
727,-0.44562238,-0.2763476,0.1606731,0.73597354,-0.048254125,0.42397064,-0.24370651,-0.23053315,-0.25925526,0.41284502,0.22560434,0.034273136,0.043476876,0.3807125,0.5841083,0.016876556
928,0.2756968,-0.11820697,-0.5422391,-0.09710056,-0.26466858,-0.42634514,0.076295085,-0.18352793,-0.477904,0.035840478,-0.31381598,0.5101958,0.45900357,0.40201402,-0.12017986,0.10882096
1264,-0.1987901,0.046046197,0.27954486,-0.13540219,-0.2799844,0.44643608,0.32319856,-0.49901456,-0.002063085,-0.23210587,-0.54807276,-0.03686449,-0.12205564,0.20472182,-0.26775447,0.043771457
1502,-0.08807055,0.21964146,0.08859417,-0.567866,0.33808202,0.35073605,0.37963194,-0.26912457,0.13091533,-0.18307287,-0.32650158,-0.30271488,0.123064615,-0.007430938,-0.32035506,-0.4426068
1516,-0.3331066,0.08151839,0.3138918,0.07274417,0.030854376,-0.26604274,0.08382682,-0.08588314,-0.6290302,-0.066976525,-0.6522105,-0.1411121,-0.052687753,-0.80315804,-0.13643672,-0.3389162
1270,0.4326196,0.75287646,-0.11124508,-0.33347642,-0.095930845,-0.041593384,0.051187538,-0.7086589,-0.70686316,-0.09178104,0.29740298,0.034344424,-0.23060817,-0.06435385,-0.07885767,0.46284178
1258,-0.15722603,0.04862013,0.24388602,-0.3428676,0.015245678,-0.12836345,0.27851003,-0.12349864,0.01644469,-0.3679262,-0.11664237,0.108233444,-0.3059962,0.31074125,-0.0986394,0.07588098
2037,0.1528031,0.0059105065,-0.02432857,0.267186,-0.005436527,-0.13457651,0.13444436,0.048480004,-0.15629627,-0.2786209,-0.2983582,0.21786717,0.092352524,0.10310176,-0.06058518,0.1784081
2023,-0.019902745,0.19033457,0.08362993,0.42022267,-0.006186908,-0.05269366,-0.17206003,0.1119962,0.18577315,-0.23689918,-0.15738887,0.4323722,0.24809892,-0.15997119,0.0539281,0.12110115
647,-0.448744,-0.04763351,0.19793007,0.44761124,-0.6358791,-0.2832149,-0.5985616,-0.103336394,0.2090892,0.22593342,0.36386546,0.46291527,0.32512608,0.3079186,-0.5888056,0.068144836
121,-0.20819873,-0.47426528,-0.112123124,-0.068995215,-0.60006845,-0.13732477,-0.11087492,-0.46469876,-0.026396824,0.042166244,-0.5399369,0.36839938,-0.22002439,0.43586594,-0.36353338,-0.4132003
135,-0.5077677,-0.74668455,-0.747337,0.49989417,-0.08828438,-0.5025062,0.10710374,-0.6335136,0.3142836,0.5243101,0.28839004,0.4635292,-0.47906512,-0.26853725,0.13148926,-0.29693145
653,0.20821261,-0.16414402,0.031627104,0.037299205,0.0132542355,-0.4406097,-0.60558784,-0.48717868,-0.35914445,0.18559062,-0.38887376,0.7651486,0.6747824,-0.25829366,0.32770386,-0.4360007
1489,0.17001681,0.077402726,0.22434615,-0.04112499,0.021666968,0.17818479,0.44445565,-0.12496358,-0.15373838,0.085931666,-0.029423928,-0.009232594,-0.2047678,-0.3086184,0.12869005,0.21300025
109,0.1129952,0.66378266,0.6238398,0.662572,-0.12170283,-0.450702,-0.5967018,-0.45835677,0.6017447,-0.32257223,-0.2788078,0.6739833,0.17376994,0.42003047,0.5749025,0.12817036
684,0.6756446,-0.27039313,-0.061875813,0.5593662,-0.1950926,-0.013087554,0.025661381,-0.0721519,-0.06836572,0.035121243,-0.24767041,0.64369917,0.12367075,-0.05192335,0.3124065,0.21568345
1310,-0.19957548,-0.028206632,0.14199567,-0.09545185,-0.22823422,0.026777407,0.08092881,0.089584626,-0.06272098,-0.3354118,0.32731676,0.14870626,-0.15549174,-0.2607661,-0.20163578,0.22524202
1476,-0.18662569,-0.2683153,0.26975074,0.22623426,-0.7033115,-0.3895622,0.39530173,-0.37057164,0.13245088,0.19780473,-0.2682774,0.049714778,0.30153468,0.12235153,-0.63873607,0.18617472
1462,0.45510235,0.14313783,-0.21677785,-0.1252916,-0.2531117,-0.16039658,0.10032526,0.08706512,-0.4077129,-0.11579263,-0.39417604,-0.57799184,0.13956797,-0.64015055,-0.24227409,0.41296694
1304,-0.04970196,0.34963965,-0.25350943,-0.36639464,0.2123507,-0.14684759,0.43360522,-0.39195293,-0.41161314,-0.05470228,-0.13448569,-0.16340518,-0.0023448947,0.19153476,-0.17808348,0.27392125
690,-0.03584725,-0.019059462,0.05871902,0.48381984,-0.2747948,-0.14731115,0.10235013,-0.06217681,0.20927869,-0.23098248,-0.09886932,0.49874535,-0.5682404,-0.3308954,0.38059434,-0.28151283
848,-0.045994997,-0.091689356,-0.18602209,0.6632211,-0.07914106,0.07236296,-0.5321971,-0.38333625,-0.35679018,0.004274613,0.018467152,0.2872443,0.05894524,0.12434209,-0.2764392,0.07765852
20,-0.12749068,0.056042504,-0.3829809,0.16805778,-0.14065337,-0.25002268,-0.48904562,0.1018077,-0.07440792,-0.5444474,-0.5547683,0.44295248,-0.14396371,0.7414998,0.5635735,-0.26316896
860,0.22213508,-0.002868432,0.23495264,0.11065088,0.35613292,0.2533271,-0.2395709,-0.31231755,0.21736479,-0.23363914,0.20848633,0.16692123,0.3001035,0.21405688,-0.049162537,0.16092439
1338,-0.43644935,0.33215415,0.5796919,-0.5561502,0.37172624,0.065158725,-0.40801656,0.11044515,-0.23735516,-0.33517632,-0.71011204,-0.576408,-0.12696274,-0.060934737,-0.32935435,-0.024036843
874,0.50165874,0.73077077,0.31591424,0.058729295,0.26140606,0.35988742,-0.010354965,-0.3689587,0.24584667,-0.5077601,-0.030258127,0.065168224,0.47268924,0.49570632,0.09897432,0.011948457
323,-0.06796034,-0.12524194,-0.04430989,0.06536483,-0.15741284,0.047936507,-0.13692138,-0.19692099,0.11346033,-0.16346093,-0.16231927,0.15420426,0.041455,0.12228608,-0.11098474,0.029570255
445,-0.22701864,-0.4294016,0.49601224,0.5210977,-0.38806787,-0.48578802,0.18027787,-0.12590243,0.51962054,-0.64281285,0.40974805,0.5672044,-0.5195019,0.027785731,0.14217193,0.3905187
451,0.05151846,-0.20462859,0.42005685,0.21895227,0.07139519,0.2096803,-0.546449,-0.31525025,-0.0029153146,-0.28329968,-0.079766914,0.43100247,0.44880733,-0.16138402,0.18730839,0.14135258
1853,-0.21298869,-0.062121525,0.41431248,-0.49484557,0.023387292,-0.22196165,-0.20467405,-0.33390817,-0.018955955,-0.3083563,-0.13439395,0.102860056,0.022635117,-0.54621005,-0.48275256,0.23867197
479,-0.37779197,-0.7200913,-0.67465293,0.19732176,0.40409312,-0.50001734,-0.80149686,-0.70961237,0.17856997,0.53326035,0.051543947,0.67284834,0.1954465,-0.32271376,0.059918478,-0.21114412
1847,-0.2539704,0.06347189,0.13067517,0.18475142,-0.101646185,0.12831852,0.3775123,0.028697878,-0.015993766,-0.45090246,-0.007972668,0.3710256,0.013643886,-0.015127727,-0.21845977,0.2564118
1674,0.4190647,0.24143499,-0.21878006,-0.0050826455,-0.23970383,-0.16574125,0.018163927,-0.6042369,-0.3575074,-0.34545174,0.11253168,-0.1877819,-0.59799033,-0.091653146,-0.59512067,0.01788725
1112,-0.02219416,0.25031662,-0.1622199,-0.0031106148,-0.5647893,-0.099055074,0.28753486,-0.05211092,-0.16042355,-0.41980204,-0.29072374,0.3841092,0.26766777,-0.21892652,0.20373987,0.40439996
486,0.12129181,0.10054305,0.3263418,0.26780817,-0.06497473,-0.26929083,-0.6565892,-0.21976137,0.23418073,-0.21996635,0.09701616,0.6579932,0.35335708,-0.24689265,0.5010941,0.4044569
492,-0.350537,-0.044837978,0.23208462,0.07413933,0.0077255405,-0.100145034,-0.5632043,-0.109801814,-0.3208728,0.0914658,-0.03174357,0.54609174,0.40060765,-0.07568996,0.25699577,0.21082951
1106,-0.37139732,0.0831572,-0.1967191,-0.25520545,0.2247422,-0.01848797,0.35011846,-0.07459491,-0.3960269,-0.43856043,-0.24440749,-0.27652305,-0.39585516,0.41473895,0.5582261,0.3072925
1660,-0.27412295,0.06536661,0.33292487,0.38352928,-0.004055608,0.10770667,-0.00019115768,0.06376256,-0.41640595,-0.2655052,0.084580705,-0.49338195,-0.008792442,-0.2666482,-0.5292766,0.023603965
1648,-0.0069731944,-0.5628537,0.46538258,-0.2920677,-0.47471377,0.16025238,-0.032206964,-0.24727687,-0.40928167,-0.088055365,-0.41194502,-0.10175126,0.4275144,0.07149592,-0.22708042,0.37126935
1890,-0.26615152,0.534477,0.060141135,-0.26444176,0.10531736,-0.3791669,0.48300943,-0.5954467,-0.43734103,-0.25015545,-0.21243449,-0.55106765,-0.34300777,0.5962706,0.05172164,-0.21453325
1884,-0.29864523,0.27100796,0.18510151,-0.3333089,-0.12270186,0.4943676,0.24873914,-0.57208,-0.19105521,-0.07609452,-0.21319962,-0.47148892,0.22121656,0.14921442,-0.6163013,-0.40002513
1885,-0.0910154,-0.12366069,-0.003366912,0.09063938,-0.23121704,0.059078496,0.41437292,0.12779108,0.05614925,0.02169255,0.26537755,-0.0019810095,-0.18185708,-0.26711416,0.0035912464,0.19559105
1891,0.08655808,-0.241589,0.11023991,0.20203498,0.03391714,0.1285778,-0.06453218,-0.13522494,-0.5837024,-0.58025825,-0.22116028,0.21203212,0.20697804,-0.3781162,-0.16788472,0.17082717
1649,-0.19291429,0.5458489,0.34826854,-0.48161748,0.51049376,0.0012295464,0.5189041,-0.33929953,-0.36148015,-0.55882245,-0.21375504,-0.64689267,-0.28039128,0.33320135,0.50170845,-0.09149521
1107,0.1701634,0.07162659,-0.24525072,0.10218144,-0.29894093,-0.23295933,0.320087,-0.16566336,-0.250908,-0.4397202,0.08547968,0.16625604,-0.16393587,-0.16641946,0.266366,0.44318855
493,0.10145631,-0.33225152,-0.40956798,0.16564178,-0.399994,-0.10132677,-0.602368,-0.03482799,-0.28913158,-0.08044765,0.09724914,0.37477517,0.6616241,0.607984,0.47257274,0.21787274
1661,0.11576952,0.64719564,0.30670786,-0.31415275,-0.3117727,-0.1844721,0.22956541,0.38547856,-0.55020744,0.036963947,-0.2955125,-0.3437481,-0.07400092,-0.19943921,0.27918407,0.21917444
1675,0.01370913,0.5161179,0.29681316,0.06927416,0.1386216,0.18612567,0.47854063,-0.29119813,0.23906955,-0.10799047,-0.22827995,-0.17923759,-0.5479044,0.58488154,-0.19250777,-0.1636462
487,-0.20322844,-0.33743647,0.119482376,0.045853045,0.034010135,-0.08725452,-0.679584,-0.28159067,0.1369835,0.26025254,-0.055160694,0.545948,0.27569625,-0.36321414,0.1774312,0.2326874
1113,-0.32436937,-0.21230185,0.19607642,0.09175496,-0.38975435,0.53116876,0.2068663,-0.1451159,-0.40654397,-0.15793161,-0.06766435,-0.27782413,-0.3100663,-0.11901423,0.34344575,0.5254931
1846,-0.19641407,-0.10564988,0.09715002,-0.16217412,-0.16485119,-0.005940822,0.004449216,-0.030809997,-0.19042845,0.04219086,0.043405496,0.10297173,0.051194,-0.25548348,-0.1764259,0.033923957
1852,-0.14486352,0.112224296,0.21443185,0.024860399,0.08880875,0.13336888,0.4048086,-0.3595872,-0.1263708,-0.24627236,0.009580051,-0.41956082,0.14148216,0.41184607,0.13463096,-0.36028638
478,-0.0033376615,-0.28287113,-0.22881539,0.50776184,0.005070188,0.30185443,0.464136,-0.061954346,0.14821784,0.06424196,0.29722905,0.4405304,-0.043249857,0.043601852,-0.02600427,0.57999164
450,0.26616952,-0.66257185,0.04638306,0.3202857,0.32454047,-0.31496057,-0.59549457,-0.08709325,0.22882324,0.25861412,-0.010401641,0.5072943,0.21073286,-0.2893918,0.25602347,0.35924378
336,0.35160103,-0.029354962,-0.12072996,0.045601726,-0.28870022,-0.16873358,-0.15994741,-0.38381794,-0.18116029,0.09944061,-0.6423858,0.28447902,0.46454737,0.5526468,0.22261348,-0.19624962
322,0.046580184,-0.14116181,-0.038083453,-0.062312752,-0.48731902,-0.24280919,-0.0026810998,-0.48085675,-0.020845374,-0.13146378,-0.48015442,0.44280824,0.19030523,0.570168,0.28469858,-0.18213215
444,0.36454958,-0.37156242,-0.48500085,0.4969542,0.30870503,-0.13600963,0.20377804,-0.4063737,-0.27990738,0.4261321,0.6036022,0.50394243,0.45042908,-0.32730544,0.28911793,0.09927932
1339,0.40419897,0.26044115,-0.18250534,-0.14457297,-0.08647459,-0.37834197,0.34965667,-0.10791742,-0.53557146,-0.38361305,0.055494543,0.3042589,-0.15679404,-0.03665874,-0.04906378,0.12591505
35,-0.067378394,0.11758348,0.52543575,0.18175693,0.17404447,0.3607148,-0.41668496,-0.54701227,0.2447192,-0.19064851,-0.28271,0.51999706,-0.14723474,0.09244763,0.11300577,0.124094315
21,-0.013994743,0.10423867,0.045259234,0.23916091,-0.21292607,-0.07331273,-0.054094784,0.026057787,0.21360376,-0.08448333,-0.09160256,0.46696606,0.25434956,0.2702244,0.13858566,0.32315522
1463,-0.1812276,0.21150133,-0.021092176,-0.13360317,-0.331053,0.40153134,0.31597823,0.10556407,-0.05957734,-0.17415144,-0.17372015,-0.08347121,0.2436901,0.1615088,-0.05641751,0.50415766
691,-0.15927164,-0.22063449,-0.36561766,0.4589496,0.27148917,-0.055196878,-0.40730038,0.05805868,0.045908242,-0.12089404,-0.3373742,0.25562826,0.14562547,0.42148498,0.029994495,0.11664562
1305,0.13776426,0.24112158,0.15109813,-0.3245283,-0.0033389044,-0.29341027,-0.2005798,-0.07221753,-0.22917542,0.16993365,0.40406698,-0.03465253,-0.16320437,0.1635948,-0.07707387,-0.09809956
1311,-0.07694604,-0.101998195,-0.015153076,0.14420682,-0.17028698,0.056477316,0.23558678,-0.18586978,-0.5206815,-0.24260955,0.0602119,0.11935783,-0.05604054,-0.053611733,-0.22454056,0.650724
685,-0.10248065,-0.31885105,-0.5509608,0.44284773,-0.32541934,0.10599814,-0.02599608,0.11673426,-0.052290164,0.47219697,0.35911128,0.39400858,-0.008898418,0.15136336,-0.06935354,0.0095005315
1477,-0.10676558,-0.06766238,0.017127747,0.16636764,-0.025768165,-0.28872398,-0.054830175,-0.11654955,-0.34982932,-0.11064295,-0.058004003,-0.51973754,-0.24260809,-0.12714186,-0.03610158,0.011949511
108,-0.33109394,-0.031742275,-0.5061076,0.01615351,0.3040173,-0.71695733,0.18630363,-0.5974284,0.082974255,0.4739176,0.21254626,0.48653737,0.06398798,-0.22553672,-0.43207797,-0.6222873
1488,0.13849135,-0.042316947,0.20585437,0.017771473,-0.09458306,0.11347165,0.17839831,-0.25795573,-0.14894517,-0.34368694,-0.014712367,-0.032671455,-0.23767166,-0.37015387,0.129602,-0.08556939
134,-0.22739027,0.1000965,0.027026583,0.4410312,-0.15133478,0.061231878,-0.3260678,-0.34574267,-0.34557998,0.17299381,0.28249237,0.14415859,0.010272477,0.1598275,0.15207921,-0.25069737
652,0.42971578,-0.10389443,0.17767102,0.48004466,-0.17566305,-0.11579373,-0.08358516,0.31724626,-0.3910294,-0.014448002,-0.20520492,0.33329618,-0.08974125,-0.1936662,-0.21599992,0.4015484
646,0.58209884,-0.39907974,0.12693861,0.10072929,-0.6912697,0.10225075,-0.72938037,0.027886922,-0.5669945,0.4272539,-0.057524905,0.69183636,0.12772568,-0.23636897,0.50295377,-0.12411376
120,0.08751271,-0.19674194,-0.321089,0.20217675,-0.1272452,0.002216082,0.09539336,0.04830743,-0.2624551,-0.0583258,0.0276615,0.24712074,0.2968597,-0.1282052,0.26678765,0.03297543
2022,-0.2622806,0.11509435,-0.08231657,0.44427702,-0.33733082,-0.27344483,-0.17250726,-0.08626041,0.7312162,0.08517982,-0.31070483,0.327681,-0.25645852,-0.13978224,0.2768939,0.28914285
1259,0.14242171,-0.32048747,0.06658595,0.060732484,-0.082957745,-0.30111334,0.16142805,-0.12537321,-0.36179557,-0.3259325,-0.2843368,0.03908864,-0.5685549,-0.026811676,-0.040619154,-0.035484392
915,0.1618893,0.32568642,0.028967336,-0.035668537,0.47120157,-0.3228993,-0.0009248254,0.0033009083,0.39181772,-0.31909153,0.105762854,0.5732703,0.13068317,0.20001386,0.17978254,0.6698162
2036,-0.0734796,0.018179651,0.28760567,0.6912992,0.21197596,0.16008204,-0.5466672,0.14922534,0.3276271,0.263865,0.27156305,-0.0050833663,-0.3914961,0.16393691,-0.17106546,0.24200457
1517,-0.60493845,-0.55468315,0.19355863,0.12597711,-0.01643564,-0.06918273,-0.18807673,-0.4817435,-0.28698918,0.52367467,-0.72118115,0.3753181,-0.25821826,0.16685346,-0.20891635,0.048843864
1271,0.030600822,-0.025923094,0.11787246,-0.25986752,0.030745149,-0.2226072,0.16867258,-0.010756555,-0.29913592,-0.09995698,-0.08712691,-0.57323307,-0.240639,0.13432452,0.028631646,0.28856647
1265,0.010211791,-0.07102987,0.20741612,-0.051259175,-0.12443684,-0.1644311,0.20983143,-0.19786067,-0.29503477,-0.39825734,-0.2769416,-0.21564536,-0.23214047,0.16318336,0.016145548,-0.12186115
1503,0.16306502,-0.052447367,0.3417603,-0.064311914,0.055718657,0.17094025,-0.045470797,-0.25030634,-0.3600709,-0.2837104,-0.19812287,-0.11996003,-0.037047386,-0.4624518,-0.021330597,0.32570025
726,-0.17143795,-0.039268233,-0.35543972,0.3646163,-0.24667507,-0.3614132,-0.059098568,-0.21718608,0.007206047,-0.4798621,-0.07051756,0.5325817,-0.011288893,0.6525698,0.51663595,0.11733053
732,0.09674622,0.105625466,-0.07098418,-0.10054854,0.07029736,0.2554743,-0.38949746,-0.3014151,-0.16802612,0.09914258,-0.08730843,0.3465438,-0.017519595,0.36083707,0.1859572,0.17825308
1729,0.3203608,0.1291627,0.23684357,-0.24308352,-0.23584685,-0.21158536,0.27777734,0.24247281,-0.353531,-0.10397359,0.059174214,-0.29075888,0.30788147,-0.4383741,-0.1425146,0.46589467
1073,-0.066368945,-0.0015201892,0.51650804,0.3860883,0.07562831,-0.015320607,-0.3458783,-0.25513163,-0.18703485,-0.19891952,-0.60893184,-0.366717,-0.37829673,-0.4026287,-0.54509264,0.13981135
1715,-0.035019457,0.17152356,0.6427233,-0.04952594,-0.13773161,-0.061086558,-0.11729246,-0.41196653,-0.3903293,-0.40173432,-0.30799228,-0.43448672,0.3105264,-0.61186206,-0.5889247,0.054703988
281,-0.29107898,-0.68926334,-0.6137863,0.52068764,0.31344,0.6417715,0.23771356,-0.6580839,0.31932962,-0.044916168,-0.2573229,0.2298696,0.66679436,0.009257104,0.42640945,-0.24539533
1701,-0.58920616,-0.2965326,-0.21038504,0.15641153,0.1924422,-0.25103712,0.4812307,-0.22993252,-0.3070355,0.008934033,-0.13288915,0.3218656,0.25546816,-0.5358644,-0.14211446,-0.18030043
1067,-0.26424614,-0.16874361,0.121583015,0.20749658,-0.33723885,-0.046385452,0.36592078,0.014317584,0.010747019,-0.0675004,-0.3899433,-0.1827011,0.14847125,-0.25337085,0.038214467,0.070150085
518,0.14130753,-0.029701022,0.09188973,0.15953954,-0.16887341,0.25310582,0.13287765,-0.33658913,-0.39438024,-0.11072594,0.19871563,0.1296307,0.27018774,0.3339966,0.34335175,0.47956336
1932,0.27286026,0.47271308,-0.07294493,0.065472774,-0.045210943,-0.2794624,0.3177061,-0.023999158,-0.38079563,-0.36487785,-0.36968973,-0.015375521,-0.13098064,-0.055267844,-0.051020697,0.32697275
1926,-0.019169288,0.29953146,0.3085113,-0.31334588,0.07614871,-0.018553587,0.45268235,-0.19639681,-0.2721137,-0.09125451,-0.10879251,-0.2459464,-0.024287185,0.086829364,0.030112049,0.07340789
1098,-0.1690171,0.14776306,0.0045247218,-0.24214879,0.31004044,-0.50274444,0.23551357,-0.111875124,0.07741629,-0.2204841,0.53816825,-0.13400894,-0.016745523,0.3101303,-0.4642414,0.29997382
524,0.32460833,-0.18033251,-0.1652242,0.23167996,-0.16368245,0.022096971,-0.11049708,-0.095914975,-0.18021941,-0.4100738,0.1506041,0.4200073,0.08902489,-0.12897466,-0.13387762,0.2649389
242,0.35174552,-0.20928295,-0.40013474,0.6430529,0.03279065,-0.25428215,-0.079781264,0.028616853,0.026533395,0.031636767,0.02227921,0.11855178,0.18591015,-0.11725653,-0.06002018,0.21142711
530,0.46577692,-0.1237179,-0.6796025,-0.024237482,0.07872141,-0.04909691,0.11117274,-0.092400506,0.29587117,0.2304875,0.25197777,0.19241756,0.39609525,-0.13655157,0.12026722,0.5659024
1922,-0.070328645,0.15858266,0.09303577,-0.20491037,0.41546938,-0.17284867,-0.045450952,-0.19323905,-0.4420045,-0.06404964,-0.06484466,-0.11381637,-0.32558367,0.005797262,0.013925725,0.18304677
1936,0.6893774,0.16178346,0.7372015,0.48688743,0.17579412,-0.66964537,-0.35154003,-0.4098193,-0.23684837,-0.102989405,0.56198233,-0.40059304,0.5596876,-0.32854187,0.5111721,0.63606477
1088,-0.340843,0.40775287,0.29823235,-0.6488478,0.47054416,0.13977847,0.58603024,-0.13502112,-0.02738649,-0.5199115,-0.28902006,-0.20604932,0.0005905851,0.33893365,0.32095408,-0.18674828
246,0.2757359,-0.14804222,-0.09295538,0.45007044,-0.45135716,-0.29763886,-0.34901682,-0.13050234,-0.29942515,-0.09974401,0.14356788,0.5180691,0.2045326,0.49213842,0.1797145,0.297408
520,0.12224567,-0.11768531,0.12843874,0.2861407,-0.091811284,-0.17674331,-0.21494016,-0.06199119,-0.19977656,-0.14593318,-0.20229745,0.15217519,0.056243896,-0.027673755,0.14184833,-0.03917723
1739,-0.08066638,-0.15286528,-0.07858982,0.09361515,-0.27826124,0.006043897,0.04071554,0.25389746,-0.4886461,-0.4724161,0.051423226,-0.01390648,-0.39442196,0.018047787,-0.006569388,0.03400201
1063,0.22063528,0.18700208,0.07320056,-0.41958436,-0.07316077,-0.42840642,0.03910903,-0.23173274,-0.5136983,-0.13802555,-0.10374969,-0.3288822,-0.15522067,-0.0474475,0.055404484,0.13053027
1705,-0.20168053,0.21115886,0.048606496,-0.10101612,0.08050963,-0.17813839,0.14396207,-0.016352171,-0.30003408,-0.24896094,-0.21202867,-0.25979018,0.08461049,0.12069311,0.020260489,0.1501627
285,0.052610777,0.14899208,-0.11817774,0.29170543,-0.13140225,-0.06916325,0.12423988,-0.13570946,0.027559958,-0.24514347,-0.33056292,0.6441337,-0.0589938,-0.23867907,0.17523436,0.5184226
1711,0.13769451,0.016635217,0.14053535,0.08274282,0.091686085,-0.13795593,-0.2515444,-0.1335195,-0.3776537,-0.32328728,-0.15536797,0.23003532,-0.12599781,-0.23042595,-0.0369123,0.2746101
1077,-0.414389,-0.47935686,0.08169495,0.13469778,0.28468123,0.21417314,-0.27031308,-0.23993464,-0.35328373,-0.1518562,-0.61664325,-0.36294055,-0.07967322,-0.66000974,-0.46242404,-0.23796475
736,0.12281941,-0.42179853,-0.6155544,0.6048055,-0.7400815,-0.26369786,-0.21293525,0.27041233,-0.21829675,0.0854375,0.12563887,0.4463933,0.31209332,0.5207033,-0.10456844,0.28759158
722,0.15441431,-0.09535876,-0.26176375,-0.09456168,-0.08011988,-0.22848739,-0.19584456,0.15993784,-0.50260675,-0.105346374,-0.21054558,0.26790065,0.26413828,0.1654173,0.12471617,-0.11244208
2032,-0.09391955,0.075485766,-0.1666004,0.1817533,0.08516225,0.0331444,-0.33308926,-0.0038203187,-0.083343655,-0.26403353,0.01574405,0.16105947,0.09254212,0.13566032,0.009904418,0.46238974
911,0.25638396,-0.4669118,-0.47406054,0.39116445,0.3259692,0.006251194,-0.08538345,-0.13602775,-0.21573856,0.2437436,-0.23348589,-0.06397115,0.11398029,0.052926123,0.06393003,-0.1354813
1249,0.2091233,0.38815367,0.019358125,0.024059592,0.12217123,-0.084496155,0.15412305,-0.1654911,-0.2064601,-0.156405,0.028239615,-0.449175,0.0028072,-0.21424697,-0.029083656,0.16072193
2026,0.15716471,-0.119673334,0.30628526,-0.0028384177,0.012907957,0.11245869,-0.49247247,-0.3966014,0.10892827,0.0075795185,-0.3424475,0.54231477,0.18370129,0.08603628,-0.14032201,0.21534877
1507,0.3939671,0.08005853,0.009217732,-0.24914278,0.2177694,0.3061356,-0.14277945,-0.030340647,-0.38962513,-0.5934345,-0.22280167,0.21227969,0.30794168,-0.4168257,-0.10924064,0.15821597
1261,0.10042155,-0.50202876,-0.1305867,0.22208823,-0.34573328,0.42250183,0.48878315,-0.17407092,0.5147038,-0.6597086,-0.28901374,-0.2971455,-0.13576256,-0.27889818,0.4045082,0.45437318
939,-0.56683594,0.381938,-0.18994255,0.21606812,0.04941248,-0.53816617,0.09502732,-0.1983586,-0.22476092,0.39309588,-0.60640323,0.57889783,-0.21332827,-0.22679774,-0.39125612,-0.33110642
1275,0.27315834,0.04593175,0.20510526,0.27056405,-0.08188065,0.06539188,0.22824056,-0.23022415,-0.3467684,-0.20942265,-0.21133584,-0.2294933,-0.11928757,-0.27985942,-0.05926772,0.41759646
1513,-0.25155726,-0.36449027,-0.054199282,-0.11711192,0.28448915,0.018167255,-0.16720894,-0.3542935,-0.15844814,0.24653088,-0.10085988,-0.6037401,-0.17975402,-0.061255995,-0.64151144,0.0004173233
118,0.417453,0.04129918,-0.18106426,0.05800345,-0.31784832,-0.24561246,-0.3832379,-0.16965276,-0.43680888,-0.043489706,-0.28759417,0.29811805,0.12982816,0.48369348,0.27629617,-0.19806162
1498,0.33216643,-0.05135061,0.3551842,-0.015146647,-0.10402644,0.147091,0.04697003,-0.17073809,-0.25938836,-0.42015082,-0.21404058,-0.34466803,0.040473633,-0.2720834,-0.034488667,0.21988022
124,0.33379006,-0.12761357,0.23854564,0.0995927,-0.24774417,-0.36005282,-0.19055116,-0.22581545,0.24479453,-0.2055333,-0.059807647,0.33014357,0.47902596,0.36333007,0.61757064,0.13109593
656,-0.090723515,-0.4619429,-0.0042767636,0.36097023,-0.38320914,-0.2535775,0.2805403,-0.025043115,-0.30892313,-0.3512232,-0.04980933,0.40474954,0.22512087,0.4908311,0.494718,0.12732066
130,0.037386633,-0.033966705,-0.15878105,0.60807365,-0.59331834,-0.047075074,-0.3206147,-0.007190983,-0.43982714,-0.05859085,0.114246935,0.5752098,0.13920724,0.36696225,0.32165217,-0.09206762
1329,0.32162,0.08696786,0.4829218,-0.05461869,0.14863645,-0.006067008,0.38075098,-0.1221281,-0.34876782,-0.21845087,-0.060042545,-0.2389382,-0.076107435,-0.35500488,-0.20472941,0.36009848
25,0.20407611,0.5838055,-0.002012913,-0.019195277,-0.06849404,-0.25829703,-0.049791593,-0.07222668,-0.36899272,-0.14164273,-0.22436386,-0.2434437,-0.13623418,0.1614432,0.089604676,0.19680418
865,0.4071425,-0.5900244,-0.56838226,0.24599138,-0.0004963768,0.05389791,0.004686813,-0.47093487,0.035815693,0.13633773,0.30800492,0.24240969,0.25881535,-0.01696925,0.06560387,0.065157734
31,0.2745002,-0.34541455,-0.37852278,0.26846778,0.3284533,-0.040692713,-0.48123702,-0.43219897,-0.3997797,0.459188,-0.13185634,0.35709196,0.25232488,-0.038244102,0.31364518,-0.3179593
871,0.28900787,0.7318434,0.26285475,-0.1504548,0.24579513,-0.060392484,0.05776669,-0.045468245,0.36034143,-0.075184055,-0.42779028,0.46608132,0.22618763,0.2631693,0.74561524,0.3741075
1473,0.16694711,-0.1562997,0.14574397,-0.14222513,0.10421205,-0.16699868,0.14425357,-0.12248023,-0.22872287,0.13164565,-0.41146815,-0.35353386,0.18030187,-0.21517375,-0.08591038,-0.1132399
681,0.1530663,-0.08468038,-0.09170906,-0.044749446,0.05905376,-0.097033784,-0.3016406,-0.13748679,-0.049970508,-0.13198306,-0.18628857,0.2952642,-0.018161096,0.43934998,0.15916951,-0.13228676
1315,0.3568247,0.24855731,0.30303004,-0.11197126,0.18951987,0.05668351,0.1647638,-0.30883363,-0.29027164,-0.14628589,0.050565474,0.00064572337,0.16283049,-0.30709577,-0.35120177,0.027219826
19,0.39885584,-0.21556474,-0.41815856,0.41667944,0.4559117,-0.10499525,-0.18929851,-0.46173757,-0.020620016,0.41065085,-0.35347277,0.04167984,0.728045,-0.077211626,0.1976976,0.04745506
859,-0.26226684,-0.05166773,0.2660437,0.3699501,0.28891876,-0.3623183,0.25237688,0.020143906,0.15645702,-0.081710555,-0.46269724,0.23699032,0.06811615,-0.16866928,-0.16786051,0.67651206
1301,-0.13201909,-0.46938705,0.35033387,0.40851882,-0.3997055,-0.22774595,-0.18224627,-0.19115043,-0.19526169,0.057183363,0.68728167,-0.16895518,-0.33883655,-0.049866326,-0.27990514,0.5289341
695,-0.42371395,0.10271476,-0.22020185,0.2188114,0.034357116,0.029933805,-0.07436234,0.04830682,-0.16456763,-0.40308267,0.13705803,0.22140537,0.21785332,0.4167526,0.119269066,-0.10462579
1467,0.38578665,-0.010378551,0.6316559,-0.06944572,0.031329736,-0.31542942,-0.10175175,-0.6003809,-0.43861154,-0.020582287,-0.119281605,-0.37908077,-0.09958042,-0.6052927,-0.22347927,0.19618943
1856,0.56844825,0.647706,0.4882186,-0.4487835,0.3524841,-0.07481084,0.45672435,-0.37446514,-0.41762072,-0.03135053,-0.08001665,-0.6956139,0.25548464,-0.30744052,0.053456835,0.2986255
1842,0.21478009,0.42200625,0.10864102,-0.080116056,-0.2591212,-0.3218109,0.26007536,-0.45983458,-0.5424289,-0.46109393,-0.24508102,-0.11984061,0.14804603,-0.28979096,-0.2620764,0.38095254
468,0.08283182,-0.2885803,-0.5256473,0.68076795,-0.17534071,-0.25556612,-0.32294056,0.02991422,-0.50859725,-0.017109368,0.014958182,0.028804705,0.48548678,-0.1372883,0.096958354,0.15640983
440,0.14230454,0.3024631,0.621696,-0.0015525805,0.27950513,0.32084903,-0.20303835,-0.38917705,0.33168793,-0.4719605,-0.5504055,0.6422919,0.35817635,-0.13928382,0.18603085,0.16384795
326,0.112234466,0.06093156,0.25444642,0.077250175,0.31968406,-0.14667477,-0.486935,-0.20202175,-0.43082672,-0.10475744,-0.4488331,-0.08229319,0.23197342,-0.31015065,0.20971592,0.10996794
332,0.5517817,0.20953423,0.09057196,0.3311557,0.18994655,-0.28083044,-0.27688536,-0.49285144,-0.32799122,-0.105502814,-0.537899,0.28440058,0.6433928,-0.19955511,-0.025347944,-0.04169695
454,-0.020063017,-0.09320884,0.2124107,0.19984108,0.07749995,0.23791051,-0.5516553,-0.13051881,-0.37437135,-0.639203,-0.03460046,0.5894158,0.5518669,-0.23551805,0.065965675,-0.25494573
1895,0.07002359,0.089651056,0.077448614,-0.16763355,0.05921237,-0.053268358,0.32794282,-0.035825003,-0.32589933,-0.44197983,-0.19695738,-0.45872852,-0.19524936,0.012502243,0.24663769,0.28757456
1659,0.09294916,0.47722846,-0.27566376,-0.39086378,-0.08203054,-0.09383193,-0.5053437,-0.17170252,-0.42374554,-0.12810542,-0.015373695,0.2951222,0.16111125,-0.19940224,-0.069394544,0.106651925
1881,-0.076748185,0.22577547,-0.08287469,-0.14840032,-0.12877817,-0.061204668,0.20984979,-0.18931612,-0.13269943,-0.29599315,0.1668143,-0.15429635,0.13438946,0.21456937,0.01388874,0.46268398
1117,0.43758813,-0.041642305,0.12629113,0.08127711,-0.1572184,0.07343552,0.4494805,-0.40335533,-0.5154661,-0.42137668,0.07689864,-0.22221926,0.42775005,-0.17843972,0.33891574,0.6185676
1671,0.20986375,-0.014669938,0.20145105,0.3076278,-0.23648031,-0.051293474,0.31183743,-0.004658092,-0.19953342,0.14876513,-0.19936219,0.108027495,-0.22040336,-0.42272225,-0.086681314,0.0038404816
1665,-0.1312173,0.28922606,-0.11476824,-0.7177549,0.39514667,-0.48919585,0.18115842,-0.13723719,-0.49191514,0.0027140153,-0.120152,-0.047727454,0.35169473,-0.59063554,-0.2377492,-0.11891367
497,-0.10753917,-0.04053425,-0.2913064,0.4188688,0.0029848237,-0.4494933,-0.56755984,-0.563426,0.1600114,0.2868945,-0.35095057,0.81476235,0.38368702,-0.22922365,0.13562469,-0.26418105
1103,-0.05337046,-0.379676,0.18908386,0.4831265,-0.46575993,-0.14937085,0.46191096,0.15826164,-0.19771858,-0.12268779,0.094308496,0.3802752,0.4686603,-0.15562817,0.10980077,0.26994798
1664,-0.19974141,-0.015559226,0.18956555,-0.15422107,-0.28464845,0.042610176,0.32696113,-0.33030334,-0.2301812,-0.55739594,-0.27209967,0.10951835,-0.014595068,0.11264131,-0.032710314,0.36725897
1102,-0.57107794,0.7398024,-0.623489,-0.13098891,-0.8300311,0.5148351,0.08946829,-0.7599233,0.4135655,0.20732678,0.4723363,-0.28418013,-0.21790555,0.08159931,0.06617228,-0.03781902
496,-0.14952365,-0.19940265,-0.48151818,0.36759695,0.18717742,-0.35816687,-0.23568672,-0.4953488,-0.24973093,0.0897154,0.3126796,0.61963457,0.1762066,-0.2792812,-0.16611572,-0.6004129
482,-0.25163254,-0.039886296,-0.43522558,0.45799965,-0.00066185213,-0.29491305,0.50529224,-0.025082668,-0.31415188,0.042696156,0.038332403,0.43751532,0.46074328,-0.32165796,0.22787493,0.4109785
1116,-0.40604594,-0.5964487,0.31634298,0.24456944,-0.5559725,0.4545828,0.36524013,-0.23122597,0.28745535,-0.026436038,0.21250087,-0.3142649,0.22725509,0.36961523,0.13298456,0.53397405
1670,0.14748861,-0.021748582,0.52447534,-0.013809913,0.028186973,0.17012347,-0.332317,-0.306183,-0.40372255,-0.2856458,0.042843964,-0.41958722,0.037775625,-0.15903543,-0.34057114,0.10186701
1880,0.04283391,0.04780342,0.22639382,-0.31030476,-0.23787457,-0.046214897,-0.109117866,-0.5444315,-0.2006351,-0.38613382,0.16159363,-0.36465085,-0.034079276,-0.4080617,0.09122297,0.061821565
1658,-0.5022578,0.04834217,0.12541783,0.1797561,0.08473622,0.14201854,0.12118448,-0.070565484,-0.09493285,-0.6421254,-0.31271318,-0.21769485,-0.36633843,-0.04480969,0.24051164,0.08407712
1894,-0.19268161,0.21861778,-0.110377766,0.0957704,0.01774703,-0.14032456,0.095896,-0.13268162,-0.4317862,0.016984107,-0.53325796,-0.041140717,-0.16048619,0.0045303986,0.05655195,0.0099168755
333,0.13812135,0.14601597,-0.24647799,-0.16037162,-0.0052479096,0.085680164,-0.06924023,0.07641954,-0.15323801,-0.4104474,0.13097294,0.3340573,0.21282594,0.3083419,0.019786986,0.19655994
455,-0.25767082,0.38239676,-0.24358991,0.07209049,0.26838788,-0.29923946,-0.47810468,-0.3300773,-0.029380081,0.071656816,0.05542698,0.34217694,0.081406675,0.6502615,-0.1383713,0.22101483
441,0.08155299,0.028408894,0.030925073,-0.21016449,0.017699126,0.14166497,-0.18421085,-0.24392478,-0.14052492,-0.025691457,-0.035500642,0.25357231,0.36075988,0.1302521,-0.12780368,-0.0629597
327,-0.26899406,-0.47236305,0.12214218,0.014832288,-0.06380977,-0.40115616,-0.35942924,-0.1600313,0.23840119,-0.40829512,-0.19302216,0.05552372,-0.13904132,0.11332398,-0.49460468,-0.18152456
1843,0.16781569,0.063556604,0.18971291,-0.08006274,-0.37436938,0.3025828,0.13698937,-0.49466884,-0.49595323,-0.25566834,-0.20096453,-0.056427274,0.15604404,-0.19589055,-0.09185735,0.37847772
469,-0.28833273,-0.12227634,0.3057195,0.40776405,0.10691437,-0.3417813,-0.7859099,-0.6753089,0.17289442,-0.00023894059,-0.3909645,0.5555296,0.42224497,-0.5501058,-0.5126738,-0.17915751
1857,-0.054300483,0.1781359,-0.08892864,-0.45938587,0.10418268,-0.048956424,0.06819384,-0.0818606,-0.41955903,-0.0014295527,0.02485282,-0.31041288,-0.24113132,-0.21342638,0.24506657,0.3874885
1300,-0.03182924,-0.04771743,0.112118304,-0.17470673,-0.18279764,0.1721858,0.26781762,-0.42436212,-0.38101107,-0.5020051,-0.47874254,-0.17809856,-0.1934492,0.083484724,-0.018344583,0.29473865
1466,0.29588303,-0.08101382,0.21087866,-0.1075428,-0.109183095,0.04347744,0.1088135,-0.103234954,-0.37220058,-0.35361338,-0.059752654,-0.16841352,-0.10138002,-0.25432688,0.04462835,0.14008355
1472,0.12471058,0.17163587,0.32218122,-0.081422016,-0.19755769,-0.021737123,0.26286316,-0.16426882,-0.15073329,-0.20705463,-0.29292285,-0.3131793,-0.19933833,-0.007513337,-0.10677263,-0.11582762
858,-0.1798953,-0.14179336,-0.416297,0.53992134,-0.08037862,-0.009831782,-0.27695164,-0.32979983,-0.002916514,-0.23854779,-0.17838162,0.533613,0.3837998,-0.46035403,0.27153003,0.16886336
18,0.19606464,-0.1072917,-0.14194657,-0.023944866,-0.067364745,0.11876654,0.05347475,-0.033395972,-0.16277824,-0.007903403,-0.043085236,0.46846268,0.16527222,0.068527594,-0.17878313,-0.08578987
1314,0.041071825,0.11589128,-0.2651115,-0.21552604,-0.12631427,0.06104156,0.107239686,-0.27136272,-0.32517362,-0.32189256,-0.3506864,0.05430885,0.3719392,-0.22418013,-0.5543192,-0.11148301
864,0.45258367,0.15490119,-0.21049173,0.35214943,-0.04616907,-0.17777684,0.08350806,-0.24495861,-0.37763056,-0.23579969,-0.23635614,0.36469993,0.47008714,-0.015617144,0.01353223,0.23822334
24,0.05762401,0.019170886,-0.16061631,-0.120682016,0.15914407,-0.23627594,0.003769243,-0.14790632,0.122671895,-0.05609763,-0.1377592,0.31319603,-0.1861991,0.39421675,0.07189525,0.0998262
1328,-0.2117437,-0.17852312,0.56624055,-0.29069847,-0.26997375,0.047107924,0.66449094,-0.35842335,-0.28405857,-0.34128493,0.02212115,-0.14418076,0.6010215,-0.001160189,0.12627639,0.64696354
657,0.070998155,0.27114564,0.0074448106,0.2571437,0.026455741,-0.12290458,-0.17414248,0.060188193,-0.029455945,-0.028616488,0.092445694,0.24910827,0.11403781,0.21281186,0.21939166,0.21260549
131,0.14451577,-0.26594523,-0.3440484,0.4277926,0.045986686,-0.25560874,-0.1147203,-0.15468575,-0.016984237,-0.31356877,-0.12068614,0.3369938,0.51114166,0.24127714,0.0458393,-0.09871475
125,0.3494235,0.28690824,0.36015987,0.4985688,-0.34058657,-0.1885089,-0.29176134,-0.56097347,0.26025867,-0.38657779,-0.4704221,0.56824046,0.15079184,0.4748504,0.3010752,-0.22137742
643,-0.0688599,-0.07065145,-0.57038945,0.5305916,0.24633206,-0.4396296,-0.3546355,-0.24349368,0.08518975,0.47013947,-0.09371149,0.11314827,0.17038801,0.03378505,0.004883139,0.4052412
1499,-0.0081741335,0.27115515,-0.06781048,0.38382405,0.2893667,0.061511382,0.11962107,-0.060680233,-0.35555828,-0.3405843,0.086566746,-0.23437347,-0.27807495,0.12620613,0.09751353,0.46383712
119,0.10816578,0.14528863,-0.6625894,0.3459429,0.20147121,-0.05895345,-0.11152793,-0.3684251,0.33964851,-0.25475034,0.013062196,-0.09642554,0.0030587518,0.43084714,0.50343895,0.209662
1274,0.24851358,0.22994567,0.24723166,-0.2941255,0.24783489,0.24053212,0.5229422,-0.34842685,-0.09353664,-0.33766797,-0.15052508,-0.10481018,0.0037844,-0.02340836,-0.32335138,-0.041573558
938,0.62620604,0.337875,-0.40466577,0.31030822,0.15279624,0.057792686,-0.05357031,0.2765339,0.2602929,-0.27695656,-0.29795864,0.38636208,0.21729533,0.39483976,-0.042705763,0.52896327
1512,-0.29330787,-0.09278229,0.29988825,-0.4075772,0.05984793,0.02095683,0.14842126,-0.4114039,-0.31858334,0.18724708,-0.22353256,-0.21231647,0.041341987,0.14134996,-0.3547456,0.039192773
1506,-0.53032964,0.37952834,0.19852448,0.14397724,0.24586359,0.36857286,0.50651515,-0.15737854,-0.07391646,-0.6376767,0.034967408,-0.10077039,0.0347834,0.37529713,0.09993263,-0.55348486
1260,0.28821975,0.2038082,0.1905678,-0.43660682,0.24080382,-0.127267,0.488666,-0.39001906,-0.19674215,-0.44856808,-0.12193849,-0.283189,-0.13023141,0.12440468,-0.18695682,0.04574374
1248,0.04744487,0.4895704,-0.8074166,0.07763749,-0.7931141,0.60799134,0.24693622,-0.13521893,0.5857757,-0.8202075,0.40945452,-0.8333198,-0.09667139,-0.58553064,0.74912393,0.19555138
904,-0.0408477,-0.09512041,-0.40367883,-0.16951795,0.057166353,-0.48408636,-0.12845638,-0.043725584,-0.32042596,-0.40673184,-0.39068747,0.5770484,0.30087095,0.7235498,0.06917141,0.29744124
2027,0.06787955,0.4477182,0.15271844,0.2729195,0.11383625,-0.11573956,-0.3303441,-0.031240242,0.6642904,-0.14993584,-0.16346256,0.18597655,0.005935085,0.35565,-0.061276816,0.068071015
2033,0.5114067,0.68429583,0.4341962,0.4933684,-0.17504516,-0.1916284,-0.53083265,-0.2252743,0.3611933,-0.1746223,-0.19033426,-0.12446728,-0.007053534,-0.09888989,-0.012691058,0.029607156
910,0.17483275,-0.010881244,-0.5511788,0.26005808,0.38181928,-0.28544036,-0.334584,-0.5051753,-0.07768382,0.45450982,-0.2186531,0.16694629,0.6127602,-0.15443714,-0.18481524,-0.14767593
723,-0.163228,-0.054127738,-0.06930981,0.3069398,0.13690853,0.12474802,-0.40023425,-0.57311183,-0.048524052,-0.12109538,-0.32508674,0.48649672,0.4358858,-0.058699958,0.1812305,-0.2635709
737,-0.35152903,-0.19793133,0.047827363,0.1757664,-0.063611664,-0.6065075,0.2615753,-0.52608716,-0.35377002,-0.20355737,-0.102470525,0.87521034,0.52291393,-0.042959064,-0.017344743,0.057856165
1710,0.049860194,-0.21190797,0.15871601,0.04430176,-0.19717695,0.080248386,0.09026492,-0.2755198,-0.40660432,-0.12806715,-0.1307673,0.17872442,0.1800697,-0.27869797,-0.20778744,0.0021664912
284,0.07249064,0.047041465,-0.12206716,0.6287399,-0.14348494,0.32652023,-0.40156323,-0.03744703,0.29402778,-0.5524375,0.28937912,0.3534215,0.05167224,0.103358276,0.05664153,0.08426482
1076,-0.14949982,-0.48948684,0.363356,-0.50331,0.3482806,-0.28192383,-0.2538029,-0.6412147,-0.4695629,0.09049378,-0.6097439,-0.41678503,-0.047595773,-0.634723,-0.32053137,-0.35481948
1062,-0.55112886,0.2319999,0.23056965,0.5621249,-0.07395791,0.5194778,0.19624968,-0.36102593,-0.17063181,-0.467428,-0.15339826,-0.23019965,0.07245446,0.4872747,-0.32947662,0.027161198
290,0.1856292,-0.37482166,-0.6192238,0.37397408,-0.098036684,0.036194913,-0.043313254,0.07671282,-0.3008302,0.000881457,0.3511585,0.34651428,0.057158384,-0.023704566,0.1650975,0.5731961
1704,-0.070265174,-0.037885766,-0.21039401,-0.22422652,0.23264079,0.26452667,-0.17847878,-0.0114814285,-0.24238175,-0.3462065,0.021126978,-0.009994909,0.3171077,0.12078501,0.049807463,0.18079334
1738,-0.24374296,0.039170314,-0.30279028,0.22711517,-0.17335498,0.044916593,0.36677384,-0.023716852,-0.19993918,-0.4526758,-0.009398683,0.018059133,-0.33401418,0.24810754,-0.1570076,0.40776983
247,0.14938962,-0.34861487,-0.3310563,-0.054828513,-0.21372773,-0.33376095,0.21242766,-0.43789262,-0.37602052,0.051060885,-0.22816731,0.38276848,0.5066391,0.11944033,0.5418147,-0.23630935
521,0.08923781,-0.35176837,-0.53128624,-0.0088075055,0.34483692,0.096484624,-0.06757565,-0.20572002,-0.28902075,0.24563634,-0.1752387,0.11320606,0.38571817,0.06505183,0.29208076,0.21991211
535,0.11868076,-0.02211178,0.018180132,-0.25100768,0.03060051,0.10195389,0.0339818,-0.15253419,-0.2657813,-0.19260825,-0.030738963,0.26040316,0.23810107,0.4629493,0.21568799,0.1442022
253,0.2992037,0.67936987,0.058355674,0.25262064,-0.022303076,-0.44739717,-0.49528202,-0.43973958,0.3024914,0.113772586,-0.55125356,0.21877035,0.4992434,0.7352723,0.4280213,0.5448948
1937,-0.21884434,-0.1570567,0.39152995,-0.4215723,-0.22078115,0.23821752,0.46783352,-0.03858122,-0.13012342,-0.3101961,-0.18109515,-0.33099502,0.38647553,0.126951,0.10783452,0.5636725
1089,-0.31855133,0.16036205,0.13652287,-0.6508376,0.25416255,-0.11039504,0.15674447,-0.59513265,-0.13603035,0.36113957,-0.44610152,-0.5795747,-0.30819952,0.5201476,-0.19523971,-0.4714747
1923,0.36647928,0.16055962,0.11977075,-0.25026578,0.018518995,-0.08331548,0.023280948,-0.02345957,-0.16677918,-0.2596939,-0.3336738,0.069160186,-0.022937953,-0.09381795,0.016183423,0.04190617
279,0.12107612,-0.06415456,-0.5142974,0.44182804,0.21438067,0.041227754,0.22319908,-0.07514436,0.05617409,-0.13669047,-0.25151387,0.110862195,0.119141676,0.16332357,0.3314502,-0.055947527
1935,-0.35088274,0.23557451,-0.16007319,-0.52193314,-0.08977175,0.22172944,-0.3345189,-0.16905329,-0.32082638,-0.38934174,-0.35531697,-0.5716088,0.2720092,-0.03778066,-0.09176501,0.40632245
1921,0.109549545,0.43096524,-0.29824442,-0.33189225,0.040215485,-0.11372642,0.24175048,0.10398936,-0.42427886,-0.5282282,-0.32534567,-0.010317862,-0.10479035,-0.011988758,0.20805685,0.36485755
523,0.21453984,0.30977497,-0.2329108,0.21876465,0.07680506,-0.21567637,-0.09688339,-0.05916102,0.32373905,-0.15966628,-0.10161421,0.28491825,0.2129274,0.07813619,-0.20380336,0.42862135
245,-0.25373593,-0.39762548,-0.3818376,0.06636349,0.30051723,-0.057547707,-0.12883872,-0.3672727,-0.43942568,-0.12061525,0.27661753,0.14152029,0.003862682,0.42603433,0.4917328,0.029465882
1909,0.23542655,-0.030184347,0.32919794,-0.3672107,-0.06650545,-0.1823087,0.30194455,-0.5481942,-0.34200463,-0.14871417,-0.28600636,-0.34774995,-0.05801944,-0.038706735,-0.17375435,0.31851926
537,0.07501968,0.33877847,-0.50140613,-0.5400463,0.4003792,0.25665587,0.45605955,0.31746,-0.0633995,-0.3095542,0.20955674,0.05519392,0.34727743,0.36450523,0.59947556,0.4509604
1048,0.29597014,0.26723722,0.23723787,-0.34677982,-0.06915291,-0.20090862,0.36290523,-0.38534138,-0.38906828,-0.38400796,-0.21996224,0.024688223,0.09739872,0.19610426,-0.18583296,0.20454925
1074,-0.15883075,-0.19451077,0.2089444,-0.06920265,0.2135053,0.30085507,0.2385762,-0.24879909,-0.44342148,-0.33036092,-0.5920485,-0.15102217,0.1354837,-0.5528712,-0.40599748,-0.47471476
286,0.10375759,-0.44382372,-0.20861435,0.10893953,-0.13860181,0.15097156,0.37302586,-0.27407357,-0.1855691,0.00017312076,-0.41229844,0.4718228,0.59269404,0.41246018,0.64843136,0.28679958
1712,0.30181187,-0.20283982,-0.16816667,0.19682238,-0.38689104,-0.35272643,0.1142778,-0.14640878,-0.08046387,-0.27457136,-0.1870648,0.39411038,-0.36795336,-0.16536069,-0.18929045,0.36241242
1706,-0.39548954,-0.108238935,0.2851614,-0.23526853,-0.1927135,-0.18376628,0.14068452,-0.33565027,-0.14477378,-0.20474285,0.39991114,-0.10692087,-0.33588287,-0.2293049,0.23616366,0.037196267
292,0.32230625,0.5429994,0.26416615,0.0090158,0.07572723,0.35954133,-0.15545802,-0.28071836,0.6266905,-0.22947931,0.0054542404,0.15521538,0.4301411,0.32927927,0.15256572,0.105884545
1060,0.4562385,0.2849654,0.26189017,-0.027630007,-0.054803573,0.044170648,0.26227087,-0.06021137,-0.2070939,-0.19675839,-0.07555768,-0.46244153,-0.047420796,-0.13173987,-0.08545095,-0.15776101
1289,0.15773956,-0.02789979,0.19342904,-0.16447175,-0.03802997,0.024518566,0.22970358,-0.5353639,-0.5464955,-0.07586518,0.13155863,0.10051712,-0.24506857,-0.48570478,0.38068324,0.06784039
709,0.08912179,0.085846566,-0.30367938,-0.31066704,-0.25355157,-0.09942621,-0.4283416,-0.16508715,-0.38704827,-0.20169899,-0.3742818,0.4409926,0.19376057,0.7450998,0.6130502,0.031128874
721,0.062314674,-0.14975454,-0.32019642,0.29566562,0.19346999,0.044553567,-0.4379743,-0.03365274,-0.048081435,0.06191725,-0.47719565,0.25700274,0.41340554,0.22133812,-0.1666946,-0.0944619
735,0.07065424,-0.21899873,-0.438097,0.25294966,0.15735675,-0.55063325,-0.27118394,-0.32796818,-0.3775245,0.22240573,-0.43630773,0.24597262,0.397552,0.4013227,0.17868641,-0.2070043
2025,-0.032745127,-0.03906579,-0.20737495,-0.44424176,0.15330778,-0.24485739,-0.26362023,-0.1832339,-0.20103759,0.20016652,-0.42329112,0.2232475,0.29828122,0.21527916,-0.012245215,0.15262476
2031,0.10399677,-0.16807474,0.2558179,0.1974436,-0.13797712,-0.2580557,0.13579783,-0.5368746,-0.10619112,-0.18939115,-0.2823472,0.3123745,-0.06511445,0.25346205,-0.045782212,-0.06333868
1538,-0.1970125,0.40135437,0.4033534,-0.24607398,0.2137864,0.043132007,-0.4016797,-0.057059847,-0.46703008,-0.5495381,-0.22741224,-0.17120928,-0.15094951,-0.49858564,-0.53910303,-0.3476378
2019,-0.16587007,-0.34652904,-0.06126099,-0.2776271,0.024719637,0.29680148,0.3253743,-0.07681771,-0.4650015,-0.13932876,-0.06501324,-9.501047e-05,0.12621483,0.2112091,0.3810028,0.17809242
1510,-0.15145843,-0.46128184,0.24270694,-0.18043861,0.16485995,0.5556193,-0.2580769,-0.41247037,-0.3216593,-0.0981768,-0.5142286,-0.5466758,0.058913633,-0.26709342,-0.3724937,-0.1804739
1276,0.119692795,0.28214037,-0.5698928,0.039067447,0.00045772662,-0.13754837,0.1725093,-0.21595696,0.14212804,-0.267509,0.14172833,-0.033183977,-0.2680076,-0.12166186,-0.36325607,0.7093429
1262,0.09023692,0.067563675,0.11716929,-0.17986026,-0.051873628,-0.27490425,0.004546736,-0.09431816,-0.29982385,-0.20860305,0.039181683,-0.19975969,0.0716449,0.09855999,-0.01582779,0.07404376
1504,0.27565545,0.17218497,0.25703755,-0.19538893,0.126222,0.08458763,0.02251767,-0.22982946,-0.35592827,-0.14288712,-0.17680778,-0.34348518,-0.13227893,-0.20187959,-0.14015418,0.16707058
133,-0.07405383,0.20774065,-0.35376272,0.3551561,0.03126171,-0.412407,-0.07047342,0.037935194,-0.023601217,0.2697564,0.20683199,0.39983377,0.21816942,0.11726175,0.18296716,0.59357995
899,-0.12098939,-0.2649954,-0.38994643,0.04394505,-0.04913427,0.468141,0.015657945,-0.3699417,0.1648677,-0.34239778,-0.164353,0.46287325,0.28441733,0.3075917,0.28501883,0.357049
127,-0.35371634,-0.57725734,0.3278166,0.33536756,-0.1487885,0.07639611,0.42178342,-0.017127724,0.038524862,-0.1518996,0.12544742,0.10873303,0.30160254,0.12230744,0.37081677,0.50393265
1458,-0.0377897,-0.012470556,0.0885831,-0.11635475,-0.35442737,-0.039370287,0.1911543,-0.09603073,-0.101988085,-0.36336878,0.054804653,0.111725226,-0.15603398,-0.0176765,-0.113474995,0.17092656
32,0.21153562,0.29350328,0.13827957,0.031502653,-0.2867993,-0.49645582,-0.5044452,-0.65070707,0.6743155,-0.36569452,-0.34440258,0.35080066,0.112192646,0.4675212,0.6355968,0.20773874
872,0.2686022,-0.42073876,-0.15449551,0.49487194,-0.47475392,-0.22830766,-0.03360815,-0.34709966,-0.32508242,-0.1356495,-0.2334551,0.40770596,0.21717235,0.5824415,-0.1659687,0.15622766
866,0.0577063,0.114684284,-0.07425445,-0.1340818,0.03760481,0.024167987,-0.18225054,-0.06879818,0.067604974,-0.13282743,-0.05123277,0.1540527,0.11747819,0.053535216,0.03016123,0.07738292
1464,0.14823243,0.06854508,0.33039096,-0.0373108,-0.33980355,-0.3059227,0.311085,-0.4473332,-0.1410059,-0.025384232,-0.31292617,-0.051025476,0.08252046,0.06935386,-0.3076497,-0.085780635
1302,-0.02924115,-0.028274706,0.2628424,0.206701,-0.077114776,0.11577505,0.24704564,0.014065478,-0.40114334,-0.40990987,0.029722048,-0.002735408,0.45068926,-0.12883255,0.1474151,0.2814623
696,0.2749775,-0.5826988,-0.33610785,0.4158688,0.3439767,-0.03943065,-0.47021934,-0.26224175,0.13441347,0.084426865,-0.17420924,0.34120324,0.4987516,-0.1697039,-0.016040796,-0.030448165
682,-0.064935334,-0.35731903,-0.38953495,0.41853243,0.20810315,-0.26848775,-0.49710894,-0.1672548,-0.103092656,0.15481989,-0.21902937,0.24620704,0.2602377,0.15998974,0.22723673,-0.066080056
1316,-0.049008586,0.23795527,0.18188936,0.5331139,-0.37971392,0.179776,-0.1644946,-0.16861622,-0.16890427,-0.27242064,0.13549192,0.23116514,0.16522981,-0.27134144,-0.30841365,0.3111118
1470,0.15407184,-0.19131535,0.35140204,0.37584293,-0.37773326,-0.21926215,0.43878305,-0.09540976,-0.17799994,0.21078795,-0.23205571,-0.28879562,-0.0038764582,-0.47165608,-0.2412484,-0.120628595
1841,-0.16099526,0.3759683,0.57304955,0.64754903,0.11845106,-0.52950644,0.06948368,-0.8780928,-0.06902579,0.4738512,0.82808363,-0.27211946,-0.681362,0.47270465,-0.42261147,0.31667152
1699,0.2352956,0.24861066,0.36880976,0.40587562,0.07017736,-0.0059021846,0.02319306,-0.30044645,-0.43823814,-0.47076994,-0.016221471,-0.06802677,0.26040345,-0.43180618,-0.14109993,-0.15858337
1855,0.4084565,0.36419213,-0.2212516,-0.13728783,-0.08547173,0.2241075,0.38759312,-0.079673775,-0.070091374,-0.4337879,0.33183548,-0.13691975,0.30543038,-0.004960042,0.2832857,0.17159623
319,-0.3367283,-0.50545704,-0.23399791,0.2622591,-0.37508872,0.14855371,-0.46141744,-0.3650376,-0.12466289,0.23712432,0.11179647,0.12635265,0.28093868,-0.097139366,0.12021769,0.0075940182
1869,0.10075531,-0.5856152,0.30962506,-0.18079102,-0.2909363,0.11230011,0.7448846,-0.112591036,0.26258317,-0.79015815,-0.5309328,-0.27852923,-0.25639793,0.057452425,0.2580486,0.4531874
325,0.052822195,0.026956473,-0.23415203,-0.05715541,-0.17773165,0.21015267,-0.36817995,0.013442801,0.41815558,-0.15573297,-0.16024609,0.204438,0.06580116,0.17349571,0.16652094,0.02550561
1882,0.064122826,0.31216758,-0.13490191,-0.3251966,0.18059112,-0.29330808,0.23103613,-0.0025867166,-0.37382925,-0.045936022,-0.201574,-0.45745966,0.014761494,0.03047642,0.049749628,0.30021605
1896,0.050136168,-0.33590576,0.29865444,0.099599354,-0.3781881,-0.0261349,0.41567996,-0.12199111,-0.21349487,-0.2726694,-0.0028082281,-0.45469764,0.2383349,-0.12844643,0.08457523,0.59384865
1128,-0.21175028,-0.62083334,0.69823825,0.39303604,-0.46985978,-0.40676084,0.42483473,-0.46385893,0.18265912,-0.20391062,0.5224261,-0.11494075,0.11474433,0.48849553,-0.37733752,0.40660715
494,-0.099004075,0.14390253,0.12851986,0.45560008,0.11494098,-0.21745202,-0.45208773,-0.38739854,0.09432833,0.08780872,0.033419438,0.49908656,0.20641008,-0.16222662,0.006349508,0.64268523
1100,-0.06685042,0.0015927502,0.60852844,0.025695508,-0.32941878,0.28505793,0.03615367,-0.11419673,-0.030010203,-0.33608434,0.04637425,-0.13110755,0.34102723,-0.024396146,-0.5445227,0.23189856
1666,-0.124085695,-0.030409602,-0.081082456,0.059541717,-0.27297145,0.29643077,0.21651308,-0.2352857,-0.30214626,-0.32546672,-0.33196267,0.06587313,0.04924651,-0.18685399,0.0374088,0.46796566
1672,0.2675637,-0.123843335,0.48444855,0.32053855,-0.081602044,0.07258314,0.42341822,-0.12705855,-0.34949514,-0.37708515,0.0672741,-0.041159045,0.17094317,-0.2226504,-0.2617189,0.2591342
1114,0.37662616,-0.26114944,0.33673033,0.2276479,-0.1843348,0.26162547,0.2848989,-0.097412795,-0.42503005,-0.38271302,-0.036444157,0.045383446,-0.09509183,-0.43507305,0.21229513,0.45432958
480,0.5491451,-0.5400754,-0.42730346,0.56742126,0.12594683,-0.4194213,-0.22625554,-0.2657646,-0.6182106,0.31762874,0.45058262,0.20272651,0.5753986,-0.32413355,0.4048504,0.36120722
1673,-0.4980484,0.11665719,0.39074856,-0.48437256,-0.3297669,0.49103335,0.56178117,-0.70407176,-0.12918338,-0.41520393,-0.34318408,-0.18455242,0.010139118,0.19140978,0.31311613,0.36633906
481,0.08270813,0.026216036,-0.064072974,0.25081584,-0.16693278,-0.06269004,0.30127952,-0.24172251,-0.07729317,-0.15505888,0.11109382,0.29336768,0.31906235,0.17597415,0.03457581,0.51480937
1115,-0.25295016,-0.3647288,-0.018275974,-0.5410302,-0.7348911,-0.35124278,0.2180005,-0.35054398,0.06026578,-0.1621613,0.59886473,-0.2458046,-0.23488899,-0.39313754,0.06804569,0.3357769
1101,0.2385568,-0.41941223,0.14656046,0.073860586,-0.2579615,0.13455348,0.30760458,-0.2517456,-0.10092537,-0.3334834,0.2913662,-0.0919324,0.45563567,0.17418408,0.102963686,0.63620347
1667,0.31709537,0.20915523,-0.1020999,-0.4194223,0.21815518,0.13686638,0.28730685,-0.0676043,-0.32256168,-0.40317085,0.0834911,-0.24206144,-0.14213468,0.015332801,-0.0045740805,-0.2210132
1897,-0.17148009,-0.14679706,0.0050479043,0.200087,-0.20522514,-0.17726396,0.08517713,-0.15477219,-0.12734775,-0.36091703,0.0479926,-0.115768276,-0.090830654,-0.056452695,-0.07503467,0.39934248
1129,0.20366575,-0.22752327,0.43750846,0.30257356,-0.2849936,-0.22304545,0.124479756,-0.29356915,-0.18502285,0.02128335,-0.19414493,0.10420346,-0.027366085,-0.3906035,-0.2747333,0.013310243
1883,0.09141209,-0.046993356,0.38217315,0.09539106,0.23564741,0.28836736,-0.46445262,-0.35137793,-0.29870173,0.14290412,0.0349694,-0.5564651,-0.5714404,-0.4005787,-0.076839976,0.14239009
324,0.2437093,-0.008132438,0.10976803,0.38526604,0.20039487,-0.04323505,-0.106225505,-0.22423407,-0.33751315,-0.119983524,-0.08900454,0.46159473,-0.21000712,-0.16175765,0.31612647,-0.010318842
1868,0.11584222,0.11867512,0.20649451,0.36222136,0.07987491,-0.08807194,0.1556527,-0.040206645,-0.35261232,-0.017256169,-0.14517103,-0.19587345,-0.032234307,-0.0484773,-0.29104558,-0.035820078
442,0.1774902,-0.48538572,0.09894241,0.4564187,0.5357981,-0.25655282,-0.7468117,-0.6032867,-0.20886645,0.22391254,0.39173618,0.38079178,0.37053904,-0.34592015,0.5097078,0.24736415
456,-0.089267865,0.7244073,0.17842163,-0.17702031,0.41413385,-0.4131573,0.43399858,-0.7840974,-0.26202044,0.2564223,-0.23028243,0.100414954,0.5117974,0.044609398,-0.35034925,-0.17130175
330,0.70868033,0.27577233,-0.3724262,-0.3262506,-0.45884168,-0.15427056,0.17820764,-0.68537086,-0.19103163,-0.20128277,-0.28692514,0.49790677,0.6727123,0.48999274,0.25371507,0.34940237
318,0.45211333,0.16846992,-0.30468664,0.13851371,-0.008910143,-0.028212948,-0.054961815,-0.22523257,-0.15983397,-0.44758487,-0.23626606,0.5022288,0.25248227,0.28742906,-0.124666125,0.2563834
1854,0.3138435,0.15269205,0.0852331,-0.26784602,-0.11959226,-0.018499574,0.21794987,-0.17774767,-0.23501423,-0.18424188,0.15925153,-0.09391098,0.21014713,-0.19527058,0.11083493,0.3366669
1698,-0.024787717,0.11099094,0.030134201,0.081723,-0.22622368,0.14206077,0.19492583,-0.28443095,-0.35049355,-0.32211062,-0.2932524,0.065279305,-0.07791184,0.0064830543,-0.06013152,0.34142312
1840,0.15754117,0.21696551,0.37269005,-0.040786896,-0.17601217,-0.4122355,0.23614998,-0.11070467,-0.3383109,0.1720626,0.007779538,-0.25423452,-0.11110143,-0.15425566,-0.5215847,0.6128394
1317,0.24762252,0.20173748,0.3527944,-0.3087242,0.1003934,0.009149207,0.21234883,-0.30330977,-0.34830555,-0.1583946,-0.11245199,-0.5428481,0.113120385,-0.06288929,-0.048006773,0.07236093
1471,0.10714773,0.35368308,0.42456034,-0.3053344,0.05626648,-0.1220664,0.59132266,-0.37238163,-0.2851018,-0.3331923,-0.29113573,-0.42483827,0.10262021,0.005652703,0.0058934004,0.048838176
1465,-0.06322228,0.27260318,0.29324347,0.033650085,0.11259947,-0.10194563,-0.01891968,-0.323068,-0.33326,-0.11543421,0.027155286,-0.42382452,-0.032054175,0.017372938,-0.05800713,0.12836646
697,0.044029623,0.076528944,-0.22260322,0.40263253,0.20254292,0.020160371,-0.33198345,-0.009962177,-0.29273462,-0.16464165,-0.062460218,0.31617102,0.43714166,-0.20955963,-0.45427525,-0.3945244
1303,-0.025530513,0.30264932,0.41460112,0.58621365,-0.1494575,-0.0037848544,0.22715774,-0.4276355,-0.32295868,-0.073682524,-0.11532612,0.13288112,0.19989406,-0.071873784,-0.44422475,0.07556857
867,-0.15072452,0.100057535,0.23162343,0.19799621,0.19481343,-0.0083418265,-0.2105788,-0.21995786,0.17766413,0.08714859,0.10773232,0.40048203,0.5855798,0.121878125,-0.6350188,-0.2724114
1459,0.1667085,-0.14430419,-0.053327646,-0.019305974,-0.20363554,-0.118367314,0.22835806,-0.034590647,-0.085977264,-0.023422904,0.07782198,-0.4642032,-0.29829663,-0.47671568,-0.06295791,-0.12134358
873,-0.030773504,0.119672805,-0.3346821,-0.119822845,0.13139574,-0.6909186,-0.065722495,-0.4334844,-0.7068756,0.049068473,-0.40000778,0.75138116,0.48500755,0.12540446,-0.002096054,-0.64194
640,0.4843989,-0.31672704,-0.34077656,0.02014859,0.33699283,-0.14002186,-0.2355494,-0.4191007,0.26508647,0.2560497,-0.43735746,0.31672156,0.47381347,-0.005328091,0.23983745,-0.33884442
898,0.21819082,0.17894706,-0.36007574,0.47990948,0.38449878,-0.23560019,0.0067521743,-0.27330425,0.15735193,-0.34550524,-0.15557872,0.4108379,0.44431174,-0.11162404,0.060060553,0.013847412
126,0.22111776,-0.4224405,-0.3766271,0.044960372,0.19196323,-0.39894918,0.13858557,-0.3287677,-0.47517335,0.40309778,-0.40928382,0.13516091,0.56276554,0.1872353,0.5735323,-0.039077606
654,-0.5469399,0.22471629,-0.595881,-0.716496,0.49891376,-0.7952215,0.09961466,-0.4837645,0.1954335,0.40106866,-0.18949328,0.767473,0.51964325,-0.7732634,-0.2693085,-0.18424791
668,-0.1955711,-0.24339941,-0.049860522,0.07870024,0.2162308,-0.1540872,-0.447271,-0.4528008,-0.300905,-0.13959749,-0.40455112,0.56615865,0.61826736,-0.3184825,0.14924334,-0.47097147
1263,0.25530538,0.18287106,-0.057264198,-0.22814818,-0.0516579,-0.22020626,0.3016817,-0.108070455,-0.35090917,-0.31410694,-0.28904727,-0.34642076,0.13474667,-0.3340056,-0.1863268,0.30743355
1505,0.37514666,0.1720443,0.47255522,0.38066393,-0.034882516,0.13245423,-0.07688311,-0.38571942,-0.39363098,-0.49640524,-0.20343529,-0.11084322,-0.10812266,-0.5330038,0.00044670698,0.14209643
1511,-0.13796996,0.051779933,0.22038896,0.025821064,-0.09093381,0.170504,-0.098532,-0.41810462,-0.02963071,0.24025744,-0.13108382,-0.45025343,-0.379797,0.24451321,-0.3310587,-0.21783482
2018,-0.22955261,0.2060907,-0.12388213,-0.07589916,0.10533157,-0.20760036,0.099169835,0.036302835,-0.30539533,-0.4788227,-0.12227003,-0.18510565,-0.17914711,0.23901734,0.15526387,0.11391744
1277,0.4652369,-0.27228856,0.6011658,0.53334045,-0.5368959,-0.34119278,0.39928147,-0.18548656,-0.177576,-0.48172262,-0.24685876,0.3235678,-0.4841538,0.045495514,-0.45721844,-0.11521162
913,0.55172116,0.041937098,0.41738927,0.4743484,-0.27031222,0.22321889,-0.5194055,-0.3912811,0.017180927,-0.5916835,-0.19466929,0.39502943,0.20062155,-0.26382357,0.18700674,0.0673093
1539,0.4423886,0.4368886,0.56785786,0.54810137,0.2939015,-0.117147036,0.43561378,-0.7846891,-0.6140964,-0.42250893,0.15177697,-0.19158627,-0.34268746,-0.5942107,0.6281742,-0.06938904
2030,-0.020676684,0.26831988,-0.3193713,0.1948378,-0.019122137,-0.5780301,-0.6724882,-0.19498202,0.17487237,0.050167695,-0.32280043,-0.020719463,0.098000504,0.37951303,-0.43934086,0.36862874
2024,0.15097104,0.13195632,0.31064722,0.33373412,0.14154053,0.07047391,-0.23097509,-0.15806203,-0.22709334,-0.31776386,-0.4523932,0.39720878,0.19858113,-0.262828,-0.22383183,-0.025696196
734,-0.22775564,0.5225939,-0.19875015,-0.39764565,0.22940096,-0.23253697,-0.06940203,0.006844965,0.18362236,-0.1795916,-0.17678759,0.099481575,-0.024490256,0.36456832,-0.13614193,-0.014929222
708,-0.26151237,0.26577324,-0.11026854,0.6814172,-0.14681774,-0.28462192,-0.07126464,-0.38183272,0.28788164,0.82879144,0.0043184636,0.82498306,-0.67520833,0.041617956,0.30665925,-0.4911454
1288,-0.40117085,0.27004537,0.061842095,-0.075395346,-0.27561754,0.5075485,0.38084888,-0.37453735,0.09568531,-0.58339006,-0.0985974,0.10192434,0.016062643,-0.34402144,-0.103655845,0.29597014
293,0.29264632,0.23334558,-0.24940838,0.30629164,-0.22603376,-0.18842916,-0.22050224,0.09910251,-0.027983436,-0.39801374,-0.36719865,0.72693074,0.42958704,0.2548762,0.36908242,0.21519066
1707,-0.50749654,0.006779243,-0.06953337,0.64752585,-0.35618633,-0.01180284,0.4608363,-0.16455583,0.139878,-0.19238348,0.5412138,0.2647003,-0.51694095,-0.10630569,-0.5062453,0.5601709
1061,0.10213358,0.30952185,0.1499548,-0.16554457,0.21300735,-0.029532813,0.539506,-0.18906647,-0.38434035,-0.119356245,-0.30034265,-0.51173854,0.052660473,-0.00063644344,-0.039881784,-0.017156422
1075,-0.2320769,-0.3537295,0.21231736,-0.10435321,0.081635796,0.3526047,-0.315842,-0.34345296,-0.2099005,-0.2501614,-0.49605304,-0.2893938,-0.009995597,-0.5558885,-0.7042009,-0.25230223
1713,0.10542694,0.11395586,-0.048194252,-0.05883005,0.037310142,-0.07810322,0.40259495,-0.052643873,-0.17788184,-0.42247218,-0.15234415,-0.11203228,0.113281496,-0.065763146,-0.16625552,0.517511
1049,0.4227044,0.17724259,0.049209494,-0.20524473,0.049803685,-0.06045755,0.2886863,-0.1627608,-0.21364214,-0.059508525,-0.15051016,-0.5689698,-0.23000614,-0.058259696,-0.11123275,-0.047781516
250,-0.31220692,0.014238338,-0.633415,0.08576701,-0.2325249,0.08345858,-0.17493324,-0.076034136,-0.11987103,-0.05987002,0.016382502,0.097550385,0.15196091,0.2976799,0.28800663,0.31483167
536,-0.3479745,0.6020556,-0.140445,0.072941184,-0.3230429,0.045497425,-0.013760655,-0.5902045,0.24758397,-0.42485917,-0.13864248,0.4774902,-0.3714026,0.59873176,0.525682,0.24072808
522,0.02903733,-0.3203222,-0.12429548,-0.0076830364,-0.19725677,-0.09540334,-0.27906048,-0.053092793,0.105681896,-0.016847238,-0.097204104,0.19432755,0.19536933,-0.072702244,-0.052355096,0.19641386
1908,0.03318543,0.21244597,0.08018239,-0.037105653,-0.45185843,-0.05059675,0.104190215,-0.3574944,-0.36632365,-0.55316347,-0.2309948,0.16997114,-0.06274359,0.3114212,-0.2526257,0.11177104
244,-0.07187131,0.27146015,-0.32200062,-0.06303201,-0.113304555,0.0073315827,0.0394396,-0.46328908,0.5941827,-0.31686434,0.038342983,0.39264363,-0.2378513,0.5354069,0.17205805,0.65299594
1920,0.050914854,0.19210787,-0.08809598,-0.2593423,0.09530421,-0.37314776,0.47932437,-0.07121362,-0.17195857,-0.3976968,-0.24285163,-0.27980313,-0.29306746,0.63560885,-0.17442475,0.043501556
1934,-0.57714236,0.4701442,-0.67698264,-0.81996375,0.14177118,0.3406848,-0.00020903721,0.28275853,0.076519184,-0.22345422,0.08590995,-0.17887455,0.4020707,0.12480165,-0.3909017,0.57839125
278,0.15170589,0.20800665,0.29436427,0.06328135,-0.1805031,0.41924167,-0.07060323,0.0002497509,0.0011015455,-0.33267355,-0.1480446,0.46464872,0.2463141,-0.31191495,0.23765023,0.32452148
1093,0.34314814,0.20511377,0.5873666,-0.3506358,0.0058905906,0.15557316,0.23149168,-0.36519656,-0.13066272,-0.2640021,-0.008160469,-0.44576854,0.14486265,-0.15795454,-0.36301917,-0.2549113
507,0.1473399,-0.15130752,0.12698707,0.4781906,-0.20432313,0.233902,-0.2730078,-0.072568215,-0.3380157,-0.1137235,0.12849614,0.35286328,-0.11284796,0.15270226,0.29010263,-0.028386531
513,-0.2683057,-0.3507651,0.13477293,-0.08174523,-0.5322476,0.44003406,0.24771538,-0.21833245,0.00946939,0.037921846,-0.26972318,-0.11214946,-0.052212838,0.22930108,0.28514573,0.6323731
1087,0.025194185,-0.20149982,0.3188942,-0.054061826,0.43802223,0.17410514,0.10563009,-0.2678432,-0.2091678,0.029053098,-0.19764897,-0.61588585,-0.22967942,-0.055134065,-0.02755239,-0.37795475
275,0.699006,0.25078478,0.007874967,0.20728493,-0.37595952,-0.1457783,-0.16145773,-0.5561988,-0.19758478,-0.04407116,-0.3589459,0.51166713,0.31564903,0.26440224,0.15914981,0.10291727
1939,0.5049448,-0.11135778,0.7125096,0.36344182,-0.41510373,-0.07385158,0.030275451,-0.49661124,-0.70138747,-0.45151877,-0.11517054,-0.38514647,-0.4165672,-0.42068958,-0.1338816,0.04344931
1911,0.11886498,0.30607012,0.029339362,-0.31189638,-0.14526233,-0.1454424,0.22896467,-0.45943272,-0.101080604,0.038845044,0.08024431,-0.27377218,-0.08189467,-0.12190891,-0.04799607,0.30524805
1905,-0.17577052,0.4685265,0.14917055,-0.32396224,-0.17725006,-0.105041735,0.4288111,-0.35923338,-0.40505368,-0.2860451,0.047932893,-0.20847625,0.19603696,0.09188528,0.241204,0.099783115
1736,-0.06749902,0.059193652,-0.111400954,-0.12786226,-0.16527288,-0.1951465,0.15599829,0.16963498,-0.10107392,-0.27817968,0.030066283,0.21870941,0.11502003,0.13927414,-0.43513554,0.5323727
1050,0.24937098,0.13598613,0.23441216,-0.17268139,-0.22860749,-0.027776217,0.071876556,-0.09157527,-0.23495772,-0.27715048,-0.23034526,-0.317621,-0.18036056,0.1616581,-0.05554162,0.15848565
1044,-0.27577046,0.16156082,0.3806215,-0.4886004,0.11541904,-0.07056742,0.21629705,-0.23934728,-0.3364391,-0.51177263,-0.37414572,-0.17835149,-0.30406237,0.12061992,0.21716021,0.052554835
1722,0.060746156,-0.45956963,0.43580806,0.21626097,-0.43853366,0.11061579,0.10759973,-0.48045844,-0.09678509,-0.17550369,0.018395249,-0.08135227,0.12914456,0.20764019,-0.3921789,0.3823033
1078,-0.17577842,0.07641576,0.4348806,-0.35834357,0.14789371,-0.36097,0.07915176,-0.48471573,-0.5640581,-0.07158469,-0.73904866,0.20101695,-0.0020855188,-0.22514379,0.07033102,-0.37144956
1291,-0.46751392,0.09580893,-0.2212315,-0.25870985,-0.57392794,0.09632474,0.23112072,-0.39819935,-0.15451771,-0.3601294,-0.25759786,-0.1094345,-0.21000463,0.34526938,0.27004597,0.24739285
1285,0.41318846,0.26383114,0.3821554,0.15964572,0.024231916,0.08806712,0.28836,-0.28924742,-0.41763568,-0.13763009,-0.07778976,-0.46976355,0.037399158,-0.21406986,-0.248822,0.30729708
711,0.26682535,-0.39352483,0.13861293,0.1256845,-0.35177717,-0.28585142,-0.4008942,0.10037865,-0.31209427,-0.28223422,-0.062928505,0.5603457,0.28325385,-0.24251911,-0.17205112,0.26858422
739,-0.36170352,0.07516919,-0.3181061,0.22116096,0.21795107,-0.21785657,-0.16276303,0.085382864,-0.20041338,-0.046611305,0.019733312,0.13465425,-0.06385489,0.34094387,-0.05768418,-0.19196065
1252,0.30644625,0.060289595,0.026505109,0.13889804,-0.18387178,-0.041501302,0.0523271,-0.11993715,-0.3941699,-0.6945147,-0.09345332,-0.14999586,-0.14267586,-0.36313525,-0.3688827,0.3499708
1534,0.014680791,-0.10752794,-0.18618333,-0.23257034,0.48005623,0.5735011,-0.12045161,0.07661869,0.21595189,-0.24188575,0.19639978,-0.057994515,0.23232208,-0.32593864,-0.7213641,0.028549993
2029,0.27499342,0.26545894,0.03912535,0.035515964,-0.10440446,0.028085696,-0.049809013,-0.11273308,0.16068628,-0.31775522,-0.024060931,0.06260471,0.2833792,0.09612296,0.28129363,0.10747978
1520,0.2880795,-0.19513576,0.53426695,1.7486513e-05,0.27413887,0.46063957,-0.1374924,-0.5311503,-0.41543287,-0.16780464,-0.33933353,-0.4591438,0.05784783,-0.301389,-0.4715913,-0.21409582
1246,-0.079272866,-0.20245141,0.3446491,0.5212599,-0.4385681,-0.24834843,0.21453184,0.11774731,-0.10503291,-0.009528969,-0.03302926,-0.24651304,-0.07890451,0.090347655,-0.11859563,-0.106088914
2001,0.22567526,0.5556375,-0.059089173,0.15479298,0.24922633,-0.41452333,-0.22262381,0.14307836,0.33139572,-0.11929502,-0.18409343,-0.11009749,0.16198328,0.47096583,0.062162764,0.46700436
1508,-0.28775448,0.20571356,0.1638941,0.44506612,0.40350258,0.3887799,0.0417843,-0.4954876,-0.12090298,-0.34880108,0.13514504,-0.0684766,-0.14421606,0.06399687,-0.2827418,-0.60352695
2015,-0.25433215,-0.061222766,-0.318071,0.26985326,-0.39557412,0.050739963,-0.2597149,-0.34869617,0.5285069,0.0019622876,-0.11619048,0.3669801,-0.28088686,-0.09366619,0.30706757,-0.11251134
936,0.18209267,0.6126696,0.46645257,0.24769641,0.13593386,-0.4950756,-0.37989357,-0.232688,-0.05064027,-0.093038455,-0.101171724,-0.29140463,0.16110757,0.28874066,-0.24969357,0.2669086
671,-0.08150502,-0.6733396,-0.63462603,0.5190464,0.14347227,-0.30186954,-0.3833545,-0.34056216,-0.4777473,0.2286905,-0.11409851,0.24587876,0.49208215,0.3818637,0.59353536,-0.35962752
117,-0.3143737,-0.50715303,-0.43068516,-0.021046607,-0.20368235,0.29584774,0.09820431,-0.01189552,0.015376027,-0.1614928,-0.019277219,0.24182239,-0.23726305,-0.1373127,0.20621978,-0.1546463
1483,0.098777615,0.110778295,0.23172933,0.14496972,-0.13849227,0.110818714,0.078107394,-0.05043232,-0.15743853,-0.4209204,0.14780836,0.11558562,-0.16800801,-0.26803154,0.14273575,0.11726343
1497,0.32154045,-0.040021796,0.37659082,0.035547815,-0.2732129,0.09117814,0.13911772,-0.19590364,-0.070156485,-0.49821252,-0.22540575,-0.032390103,0.062982224,-0.25183997,-0.18798256,0.17713669
103,0.5952961,0.2687045,0.39176306,0.5100862,0.17532562,0.1228304,-0.4281258,-0.32200235,0.21229415,-0.51425284,-0.1612857,0.073807605,0.48989528,0.31759307,0.020024275,0.47892928
665,0.057745613,-0.4643377,-0.57855415,0.29003713,0.2108383,-0.38566154,-0.47001693,-0.378856,-0.581743,0.2767003,-0.3607071,0.0066082794,0.40211982,0.2604939,0.7441218,-0.23918246
1326,-0.34816316,-0.14511561,0.49339837,-0.15116145,-0.13079159,-0.27406827,-0.33153686,-0.5913003,-0.3167786,-0.41865936,-0.46138722,0.09672036,0.042047378,-0.390532,-0.32039422,-0.21943855
1440,0.47300535,0.049027238,0.35680622,-0.13572973,0.14498532,0.030074643,0.1528029,-0.34437928,-0.26442674,-0.11873899,-0.2349953,-0.41901094,-0.000928804,-0.4321612,-0.26207972,0.22761977
1454,-0.27590856,0.46644828,-0.017474243,-0.16523059,-0.21915504,0.4897671,0.48768654,-0.32698488,-0.16167322,-0.42764455,-0.2340736,-0.114545844,0.16894148,-0.007153374,0.027834957,0.5649293
1332,0.6586551,0.017346218,0.12369487,0.072527565,-0.02879776,-0.11366697,-0.15251845,-0.14903492,-0.553642,-0.46336356,0.12106677,-0.123484574,0.33195373,-0.40268576,0.34162647,0.42098743
856,0.2879787,0.20147228,-0.1184268,0.13645026,-0.04152419,-0.14407769,-0.47492838,-0.03695273,0.15673986,0.027107228,-0.26528928,0.28602487,0.09805521,0.30567253,-0.16464369,0.17123015
1468,-0.1111882,-0.10282876,0.20365758,0.34281936,-0.20671003,-0.06690617,0.41257456,0.12225419,0.0054685078,-0.2700895,-0.22647601,-0.0031772656,0.01736161,0.03712153,-0.07459977,0.3801599
1859,-0.45991063,0.5088137,0.08640463,-0.58583623,-0.20502307,0.09105247,0.40499035,-0.5162268,-0.07597809,-0.68192756,-0.1346537,-0.33122873,-0.42385665,0.5358888,0.26465744,-0.45040506
1681,-0.5779193,0.21155564,-0.09085618,0.29034793,-0.2782767,0.11153225,-0.05635314,0.074310444,-0.2629119,-0.32821155,0.101371355,0.056477267,-0.046086892,-0.25027707,-0.014325965,0.19607443
315,0.057743594,-0.24273993,-0.07188739,-0.30264816,-0.40580967,-0.12090396,0.08654762,-0.3837641,-0.29675877,-0.19668132,-0.21785647,0.37887654,0.5194062,0.6799672,0.4853865,-0.04078014
473,0.09633278,0.12136671,0.38551605,0.5075983,0.10019198,0.19502348,-0.3845065,-0.38247508,0.36346373,0.28352973,-0.6797204,0.61237526,0.37923774,0.022085495,-0.46843207,-0.5640795
467,-0.22196786,0.637465,0.24780792,0.42280024,0.06390121,0.1343405,-0.41050324,-0.11893922,-0.023693806,-0.14884712,-0.1168635,0.46129298,0.05367823,-0.14906712,-0.41048527,-0.2440457
301,0.24269202,-0.08461925,0.44012177,0.2642466,-0.27459407,0.117605604,-0.08015557,-0.04012973,0.15750219,0.04540234,-0.077183776,0.21727566,-0.055847835,-0.10386974,0.05175402,-0.053144176
1695,0.06584246,0.30259353,0.040231474,0.23998493,0.050427843,-0.1283044,0.23212259,-0.20092605,-0.3508299,-0.4484503,-0.051654387,-0.031064274,0.0049948576,0.14144088,0.13818128,0.27099985
1865,-0.17890608,0.026462505,0.5290309,-0.26459792,0.061832312,-0.067159556,-0.26727217,-0.5632272,-0.34411505,-0.37953138,-0.2920177,-0.3809956,-0.3210793,-0.15830314,-0.033005863,0.3590167
329,0.3936687,-0.38226086,0.09081902,0.0791465,-0.014556518,-0.258065,0.04511298,-0.22858186,-0.103827715,-0.03981492,-0.5622277,0.6066473,0.547536,0.06413491,0.41587624,0.28987283
1871,-0.3943364,0.035083074,0.124136694,0.0139240045,0.17122164,-0.2868023,0.3083043,0.024399927,-0.3003646,-0.030593378,-0.28549045,-0.31860462,-0.058665004,0.11497662,0.13438907,0.07164154
1642,0.01589497,0.22683775,0.22863841,0.20231701,0.110015936,-0.12852475,-0.5540914,-0.35915363,-0.51091707,0.22912313,-0.2676685,-0.03350064,-0.30991763,-0.20002152,-0.1313935,0.25324452
1124,-0.061741754,0.0817574,0.075811796,-0.33266327,-0.007277134,-0.07646619,0.25261462,-0.14887044,-0.49391,-0.23556596,0.017530695,-0.37241578,0.092739075,-0.110337,0.33372125,0.47298798
1130,0.5262334,-0.15543573,0.29143587,0.057154067,-0.10681483,0.053829502,0.42728704,-0.34430584,-0.5198134,-0.41621283,0.011799943,-0.47655427,0.40995845,-0.26909333,0.4475865,0.6187086
1656,-0.12940219,-0.038600005,0.151562,-0.22503915,-0.35633498,0.06837345,0.09575776,-0.47684103,-0.022122163,-0.41470912,-0.32998642,0.111185305,-0.0016580805,-0.0075762314,-0.09101298,0.32085615
1118,0.09901046,-0.5563857,0.1778792,0.09317779,-0.5729917,0.03821155,0.23189029,0.09907654,-0.2061786,-0.3327036,0.036918737,-0.18167815,0.16335109,-0.1788345,0.08351806,0.43565983
498,0.5056468,-0.241456,-0.60335845,0.09443554,0.16051847,-0.14162914,-0.2249434,-0.4007239,-0.20859979,0.46903715,0.22671416,0.18646507,0.6913419,-0.21281773,-0.036022414,0.5398548
499,0.4553936,0.08237104,0.056189105,0.49635813,-0.106526166,0.026983088,-0.31410873,-0.18954831,-0.11129446,-0.1465041,0.094993755,0.30307418,0.20788734,0.17237653,-0.114362024,0.33192846
1119,-0.43127728,-0.5854538,0.57339805,0.33629248,-0.5162579,0.06783494,0.3273274,-0.10831116,0.17077199,-0.03738295,0.30987164,-0.019554147,0.22157983,0.32145107,0.10793994,0.49941832
1131,0.30454367,-0.36733302,-0.48013237,-0.16981204,-0.34143758,-0.15327817,0.25026703,0.08932744,0.31146252,-0.3557185,0.2036964,0.12446218,-0.32536018,-0.12169734,0.018966949,0.62641513
1657,-0.2334393,0.39350447,-0.2740778,-0.45858103,-0.23427823,-0.11929908,0.13163093,-0.008203397,-0.28811908,-0.50628173,-0.2629114,-0.4001114,-0.013014155,0.3384677,-0.3356164,0.11932112
1643,0.09018628,0.020772267,0.266747,-0.13549584,-0.22041394,0.011608481,0.16450314,-0.28077468,-0.30963922,0.044082202,-0.164453,-0.13264593,0.025067382,-0.21563971,-0.22078802,0.10828938
1125,0.09780428,0.08818316,0.12919948,0.54124266,-0.21192063,-0.05569589,0.44972944,-0.12683997,-0.35006058,-0.40532082,0.02248916,-0.13774598,-0.27662864,-0.2683233,0.15173918,0.3930472
1870,-0.39475408,0.07638787,0.06380457,0.23989435,0.04655097,-0.030152416,0.38410246,-0.03893355,-0.15915515,0.10268284,-0.34901705,-0.108684786,-0.085166074,0.13910435,0.016324,0.034072075
328,0.29862106,0.13157584,0.13762099,0.1745966,-0.040732235,0.24908763,-0.32676625,-0.33970654,0.3261116,-0.08063875,-0.36292097,0.35669267,0.14489596,0.27054566,-0.17732246,0.2594295
1864,0.32239956,0.21511905,0.06621407,-0.20627551,0.2283234,-0.08315775,0.34731218,0.031719845,-0.38056165,-0.08362618,-0.20290487,-0.025288068,0.17445111,0.023210142,-0.057071157,0.2520648
466,0.19573583,0.20349501,0.0838537,0.11923289,0.51197594,0.30686775,-0.59107506,-0.40100175,-0.078889206,-0.27783054,-0.3108243,0.60540193,0.35830873,-0.121412896,0.024195284,-0.3466401
1694,-0.06419082,0.016708897,-0.016384589,-0.29575104,0.043308947,-0.11725749,0.12463468,-0.19852994,-0.18926792,0.30507103,-0.31620106,-0.24699897,0.09311207,0.0439397,-0.13633074,-0.1266091
300,0.2032378,0.23196834,-0.07350452,0.0855806,-0.025203774,-0.030865414,-0.0009561141,-0.18404524,-0.15977557,-0.2473258,-0.13745545,0.40561533,0.103493854,0.44746155,0.011438906,0.20077506
314,0.31972128,0.22970085,0.5228399,-0.020397821,0.09850656,0.030031053,-0.05660633,-0.24343576,0.09158073,-0.18650587,-0.20497052,0.27453786,0.44088376,0.18413289,-0.090733506,-0.043584336
1680,0.24053505,0.12778209,0.15742122,-0.4322532,0.14391422,0.22470568,0.22038738,-0.31935978,-0.4413446,-0.49264953,-0.21298875,-0.18778032,0.13703915,0.020127187,-0.10701301,0.19612947
1858,-0.2217221,0.19861905,0.11870529,-0.17914347,0.005132293,-0.13053748,0.4697241,-0.15181133,-0.2325582,-0.2661212,-0.03721636,-0.1584014,-0.06589988,-0.02674071,0.06287255,0.12880218
472,-0.1397915,-0.11254114,-0.20803237,-0.31567165,-0.08092673,-0.5861394,-0.29590446,-0.42693347,-0.61534256,0.3087844,-0.25702953,0.53658736,0.2702716,0.44131634,0.17887661,-0.5247655
1469,0.18762882,0.012103745,0.14784017,0.4294587,-0.48230833,0.1178572,0.16845717,-0.2577216,-0.3259242,0.06475762,-0.15831308,-0.050480545,-0.012893015,-0.31026265,-0.1586827,-0.088535465
857,-0.11102988,-0.018291494,0.27740848,-0.049503196,0.20303668,-0.16010433,-0.34460595,-0.101973124,-0.045275833,0.16486329,-0.23340997,0.21178336,-0.23766902,-0.11602833,-0.13922891,0.10949829
17,0.31261036,-0.036602683,-0.34297478,0.3075148,0.34391657,-0.2899565,-0.063092105,-0.5897791,0.05878595,0.4725356,-0.17288184,0.4002978,0.30267048,-0.338906,0.412743,-0.058188085
1455,0.18553819,0.027032187,0.043263264,0.14339578,0.15034927,0.2434039,0.17452301,-0.042114954,-0.44055417,-0.31352383,-0.054800034,0.073056474,-0.2655073,-0.3509922,0.0245741,0.15976448
1333,0.3055021,0.33262822,0.08406289,-0.27336878,0.15299448,-0.1929889,0.26714063,0.073116876,-0.3958063,-0.29887766,0.22774947,-0.34871495,0.028089672,0.13976678,-0.019547893,0.15089811
1327,0.028989054,0.024195643,0.21231085,0.0863533,0.25524074,-0.09963418,0.05681757,-0.08894745,-0.3736828,-0.2007264,-0.340602,-0.43443143,-0.080747895,-0.08123989,0.11696774,0.39691
1441,0.06944368,0.048494723,0.1608474,0.19363125,-0.33582854,0.1422952,0.23018983,-0.048363186,-0.24184443,-0.38034207,0.18768947,-0.13906883,-0.014274514,-0.0970468,0.022266634,0.09316375
658,0.51064485,-0.12943858,0.45814654,-0.12409576,0.0005841415,-0.036103144,-0.019091016,-0.27803457,-0.70399714,-0.44197458,-0.30925775,0.01520118,0.13087754,-0.5431608,-0.34317994,0.16104177
880,0.5708564,0.36157867,-0.24244693,0.23194042,0.084393345,-0.30263945,-0.41549864,-0.5545934,0.15970784,-0.020143578,0.18405971,0.2716551,0.52556044,-0.09633336,0.1965171,0.095580876
102,0.11557453,0.39485934,-0.27133116,0.45727256,-0.037638195,0.13486822,-0.2622623,-0.22562042,0.24557197,-0.57117903,-0.49753246,0.3257299,-0.20731407,0.5592038,-0.18524663,0.5213818
1496,-0.09748931,0.027245287,0.14042833,-0.039734427,0.23728967,-0.16223401,0.20487289,-0.10270175,-0.3192405,-0.15284191,-0.1387491,-0.28636584,-0.031360913,0.01753788,-0.1263845,0.010231718
664,-0.04793827,0.17767088,-0.063538074,0.1059579,0.39042163,-0.47118053,-0.34480044,-0.1480799,0.108220086,0.304163,-0.032158896,0.29538867,0.08047143,0.057366267,0.19814456,0.002574117
1482,-0.34878772,-0.11378728,-0.20841815,0.20076059,-0.34607077,-0.20625982,0.13264887,-0.11836503,-0.156472,-0.12596543,-0.4274754,-0.12162627,0.05389987,-0.15001933,-0.08417836,0.07677603
116,0.46826065,-0.20814264,-0.26036263,0.39913383,0.07885773,-0.5383177,-0.307694,-0.77420986,0.2382783,0.5897498,-0.31587335,0.40299007,0.597633,-0.19138296,0.400108,-0.39412317
2014,0.19148706,0.21631435,-0.67854506,0.26565772,-0.09166359,0.055888247,-0.30967718,0.11430953,-0.52243894,0.04453202,-0.09653506,0.24386111,0.06258183,0.39279345,-0.12797621,0.23497598
1509,-0.034094922,0.15070894,-0.025139742,-0.40522015,-0.21251605,-0.00011948496,0.06338787,-0.075611845,-0.4387541,0.13958688,-0.03530374,-0.32847378,-0.27384266,-0.2624451,-0.036302693,0.2240114
2000,-0.05817944,0.41544625,0.3926924,0.17754155,0.106510475,-0.21244627,-0.001401619,-0.23232664,-0.37412617,-0.27203563,0.090475716,-0.3208058,-0.117814094,-0.06688007,-0.41973585,0.14567977
1521,-0.12353697,-0.59576946,0.39419907,0.067376144,-0.058834795,0.09826033,-0.25932592,-0.6286682,-0.44690886,-0.02122912,-0.5534182,-0.4886606,0.10599194,-0.5944808,-0.33488482,-0.3434821
2028,0.08905164,0.32500744,-0.11494897,0.49502715,-0.26634744,-0.19863755,0.17565969,-0.012206768,-0.037844464,-0.10310805,-0.022578545,0.28202558,0.22426198,0.38432363,-0.18713725,0.22946364
1247,0.19247101,0.33943406,0.18047859,-0.41035897,-0.007088158,0.10132915,0.5674314,-0.17656796,-0.19897154,-0.35783038,-0.2574864,-0.51137185,-0.22772543,0.020769231,0.20401987,0.07427415
1253,-0.02077108,0.062963925,-0.104817435,0.43042177,-0.45319855,0.3658409,0.42920586,-0.13833222,0.21057485,-0.17216876,-0.0069915107,-0.3471339,-0.06590497,-0.43307996,0.032406043,0.18005672
1535,0.033922695,-0.26755038,0.4778368,-0.37531605,-0.19279481,0.4256667,-0.0072044395,-0.57732546,-0.2564183,-0.4192855,-0.41138914,-0.3922663,0.003430718,-0.23827055,-0.447772,-0.13714208
738,0.03846642,-0.03564504,-0.073090054,0.0031612187,0.21677876,0.05789669,-0.34111243,-0.12115495,-0.14092706,-0.040119253,0.022258524,0.37122068,-0.12901185,0.3715028,0.3200755,-0.09770442
710,-0.05329459,-0.10122402,-0.36107695,0.080357544,-0.060988754,-0.61121553,-0.106097326,0.13470541,-0.044414807,-0.22180021,-0.031911515,0.43428698,0.24704854,0.5907437,0.24790068,-0.11150147
1284,0.3766666,0.28920865,0.011063266,-0.03154925,0.2100926,0.084400475,0.09401431,-0.21549833,-0.38589075,-0.33972263,-0.1425096,-0.16540305,0.3865252,-0.21802182,-0.11106132,0.059746917
1290,-0.22667806,0.38673258,-0.09607977,-0.41826218,0.27196357,-0.12640773,0.3415964,-0.4396128,-0.48587307,-0.57562864,-0.12527184,-0.47364298,-0.38547426,0.46297845,0.44941622,0.1332617
704,0.00645592,-0.1519588,-0.27385706,0.22681102,-0.06348027,0.022721238,0.0503564,-0.2925022,0.20263031,0.04787263,0.04398656,0.47070885,0.012994139,-0.005740386,0.08079307,-0.15213904
1079,-0.17009021,0.022654513,0.23157214,-0.299411,-0.006265445,-0.030780744,0.18805473,-0.43069997,-0.14194065,-0.49339515,-0.26080716,-0.22323753,-0.31690937,0.12001887,0.065698065,-0.2146417
1045,-0.18958336,-0.18213943,0.038603105,-0.22311579,-0.07597251,0.04571929,0.10603328,-0.06524649,-0.3217673,-0.19799848,-0.24264523,-0.040475097,-0.22699831,0.014816809,0.038783487,0.46803898
1723,-0.26804054,0.026081178,-0.018930364,0.14412096,-0.18912296,-0.23441681,-0.05328979,0.1809495,-0.37003624,-0.021284763,-0.12684369,0.27085865,0.08587618,-0.0042905393,-0.07851423,0.41596442
1737,-0.41211167,0.06548497,-0.24978592,0.08620429,-0.33226484,-0.024259157,0.16306135,-0.35870296,-0.13870315,-0.48150194,0.17065784,-0.011967123,-0.026950054,0.07604234,0.17181729,0.4892496
1051,0.26598847,0.019682733,0.3072432,-0.08627288,-0.28066102,0.025430053,0.088137954,-0.058617573,-0.41435155,-0.24759896,-0.0002855584,0.032727636,0.09152998,-0.42297864,-0.22522785,0.26976687
1904,0.4959271,0.22950874,0.09482005,0.0386448,-0.5299826,-0.01933187,0.21051225,-0.05113384,-0.37509012,-0.33990985,-0.221399,0.0016408913,-0.34166878,-0.20121852,-0.4144378,0.226331
248,-0.3707278,0.22576012,0.13922864,0.5888872,-0.24468386,0.07786173,-0.15939932,-0.00013951957,0.32453793,-0.14185217,0.12823972,0.35358036,0.19945203,-0.22186378,0.05005526,0.56239945
1910,0.28088936,0.22551721,0.041177284,0.0052387607,-0.27978957,0.32190672,0.20668335,0.007365727,-0.34931174,-0.28671992,-0.26359138,-0.12905039,-0.032330588,-0.29720688,0.10127621,0.55844986
1086,-0.132682,-0.004361319,0.22128075,-0.037940416,-0.32750136,0.10255291,0.04392486,-0.0064446703,-0.102426276,0.05502395,-0.19651325,0.19380614,-0.07833082,-0.2545162,-0.10403712,-0.006904754
512,-0.4673255,0.018637005,-0.07641882,0.18419874,0.1398151,0.3720653,0.097441174,-0.26073858,-0.1268873,-0.0626213,-0.025422012,0.31906715,-0.093510404,0.30410665,0.23361826,0.123492055
1938,0.6519233,0.52297664,0.17349716,-0.25432235,0.12765384,-0.21254641,0.36631638,-0.5219756,-0.5906503,-0.18966776,-0.010883461,-0.4443555,-0.08593698,-0.30403003,0.20669998,0.24942388
274,-0.22449107,0.5252229,0.13338588,-0.35152,0.43824396,0.014893577,-0.0933861,-0.29088297,0.20843233,-0.40104547,-0.48396948,0.579905,-0.050493393,0.23011559,0.2661013,-0.43776518
260,-0.012802786,0.040801167,-0.32413208,0.15673876,-0.07505776,-0.05969155,0.09855549,0.07520301,-0.019210903,-0.43646505,0.06895433,0.2990904,0.14174375,0.3672267,0.25743437,0.2075956
506,0.002499523,-0.025864206,0.060049392,0.42951423,0.09509545,-0.15644503,-0.29888058,0.004713873,0.3419183,0.65166324,0.41205987,0.33628178,-0.11504057,0.05350109,0.2141631,0.5650946
1092,-0.18932836,0.077351294,0.21410707,-0.082825474,0.056423172,-0.30494702,-0.10037441,-0.08695875,-0.41733643,-0.20426868,-0.27265057,0.018277153,-0.23976667,0.19638947,0.19059725,-0.5100208
276,-0.13124846,0.32680795,-0.15979421,-0.14070518,0.18350424,0.027523225,0.02391716,-0.44260213,-0.26972172,-0.014176486,-0.11048682,0.25040704,0.1588406,0.37703854,-0.08051064,-0.08751142
1084,0.22318484,0.11611861,0.65055805,0.34473833,-0.27872044,-0.020171015,0.2644929,-0.18808359,-0.37578744,-0.046131596,-0.25995013,-0.16498972,-0.32100916,0.18543579,-0.44375238,0.25623843
1090,-0.40742528,-0.12523471,-0.23731172,0.0044686943,0.1948018,-0.12549728,-0.17755471,0.06533747,0.09210315,-0.43850672,0.17259133,0.2338434,-0.09122287,0.038329516,-0.58716834,-0.3390521
504,0.042601414,0.09540186,-0.57531714,-0.29900393,-0.21704794,0.003247041,-0.11662117,0.023750503,-0.25917837,-0.46120736,-0.13229501,-0.08043746,0.0063170027,0.29475752,0.4313457,0.39586136
262,-0.25584143,0.093328714,-0.052305218,0.37048402,-0.406123,-0.26249948,-0.1855269,-0.19705503,-0.12943983,-0.30755797,-0.17298186,0.33697098,0.1595423,0.4357554,0.6870351,-0.0009890954
1906,-0.2793013,0.19161195,0.052426126,-0.05606773,-0.0033503266,-0.30062377,0.20328456,-0.22327787,-0.26822907,-0.4183529,0.053089324,-0.14088164,-0.0655659,0.23651418,-0.002480986,0.15564609
1912,0.04684293,0.08838577,-0.1816324,-0.16926803,0.03980051,-0.19460008,0.26712367,-0.14740032,-0.34074464,-0.33998132,-0.24269186,-0.124688245,0.08888592,0.161052,-0.11516296,0.3698541
1721,-0.17605546,-0.2946537,-0.030149246,0.45126384,-0.3307069,-0.23434189,0.33328897,0.19597901,0.02382294,-0.40717435,0.31917176,0.087182835,0.020365186,0.1778583,-0.14631222,0.6136642
1047,-0.24969354,0.032142602,0.11558823,-0.32860804,-0.13118799,0.18442096,0.1571391,-0.31959954,-0.017421696,0.10405362,0.06358381,-0.11251273,-0.30466977,-0.13718875,0.15145919,0.22782724
1053,0.48646334,0.3902864,0.28245157,0.073528,-0.1408287,-0.40674335,0.19443615,-0.39871588,-0.58648604,-0.22597486,-0.3789048,-0.23987684,-0.047171257,-0.3317307,-0.48509547,0.090616964
1735,-0.1614403,0.34903988,0.009348568,-0.091568865,-0.025578503,0.49576953,-0.2679598,0.29959738,-0.47157004,-0.31837678,-0.3379739,0.21745428,-0.3545537,-0.31110492,-0.20034297,0.2938756
289,-0.2018419,-0.5948392,-0.4185618,0.4634479,0.24310544,0.41073272,0.011152809,-0.482161,0.052477818,0.47842482,-0.20290586,-0.024107262,0.64744395,-0.09242392,0.50232416,0.30680054
1709,-0.6053435,0.7820478,-0.15274762,-0.3456013,-0.39552608,-0.2363675,0.20318773,-0.6581985,-0.28603306,0.117967054,0.80680287,-0.6778532,-0.22318716,0.2880104,-0.031428613,0.14735752
1286,-0.14355719,-0.36729205,-0.1515019,-0.03935451,-0.72794324,0.31564802,0.58022517,-0.15927832,0.7252323,-0.60092413,-0.079684585,-0.6498529,-0.09508833,-0.46169803,0.17668848,0.64807904
712,-0.00049994694,-0.3784915,-0.46031085,0.5235066,0.170202,0.07877848,-0.13106737,0.029378943,-0.32684302,-0.05259298,0.16300952,0.23635767,0.37078905,-0.24509688,0.3779585,-0.16497397
706,0.06966599,-0.23498495,-0.21602894,0.038596965,-0.10734248,0.0031579032,-0.12650113,-0.06456112,-0.0956669,-0.22381257,-0.23702325,0.27480015,-0.0183388,0.06991091,0.104525305,0.06032704
1292,0.13531066,-0.06760127,0.28292304,-0.022123437,-0.03599488,0.058494013,0.29695404,-0.26430443,-0.2277917,-0.15331584,-0.3229222,-0.45887148,-0.22140932,-0.2189722,-0.09038521,0.20588614
909,0.19415405,0.16179325,-0.08651274,-0.082196526,-0.18147622,-0.061463498,-0.3024817,-0.07260977,0.3355122,-0.14348459,0.060575187,0.207191,0.31871358,0.20038001,-0.19364624,-0.04871132
1245,0.05258666,-0.08900448,0.3276052,-0.1986376,0.2055413,0.008161751,0.21679091,-0.14599662,-0.2816897,-0.10931447,-0.30856007,-0.41988206,-0.28542337,-0.21965475,0.013841997,0.013648576
1523,-0.33524486,0.3889913,0.61670125,-0.40777266,0.51748616,0.413531,-0.12946104,0.10081701,-0.16997212,-0.5806373,-0.3827157,0.08308595,0.21566665,-0.49078965,-0.6545168,-0.23926319
1537,-0.37056297,-0.23556365,0.011687477,-0.04770987,-0.21428625,-0.25429046,-0.48784575,-0.41212708,-0.5399051,0.41310555,-0.49640968,0.2511604,0.2126832,-0.39305252,-0.43265447,-0.04118652
1251,0.22535463,0.09528849,0.022539716,-0.25020444,0.043049727,0.024399875,0.18305299,0.005529459,-0.11868243,-0.0675509,-0.2559491,-0.24163066,0.034610968,-0.20762148,-0.3914511,0.08038825
1279,0.036693677,-0.15536983,0.47621155,0.01133663,0.015948752,-0.15184508,-0.13430935,-0.23498774,-0.36585626,-0.020731444,-0.21351938,-0.26093552,-0.2529251,-0.18257901,0.0102867875,-0.10533179
2016,-0.25761557,0.13273692,0.02295426,0.36489075,0.14310275,0.3847974,0.19326782,-0.012451244,0.49761316,0.17462443,-0.34381306,-0.26073483,0.58517617,0.05810962,0.19060493,0.5536178
2002,0.13189386,-0.060208637,-0.6186557,0.41906425,0.5314148,0.10988627,0.17851882,-0.5662914,0.17712933,0.27187142,-0.13929439,0.2376938,0.63257664,-0.49076265,0.49710158,0.21399626
921,0.10364418,0.13551526,-0.16106865,0.21865566,0.42808878,0.32428232,-0.1487256,-0.1476655,-0.10667056,0.29534948,-0.019315917,0.057201102,0.5214752,0.48303404,-0.1219157,0.12798743
666,0.024303116,-0.08251103,-0.32675338,0.407893,0.099339835,-0.35775158,-0.15225533,-0.15468997,-0.54718184,-0.00055085256,-0.26023063,0.38744977,0.07241993,0.5618301,0.30648836,-0.27608848
1494,-0.2651792,-0.05440235,0.46555275,-0.33913013,-0.1625519,0.45224273,0.16253218,-0.4256703,0.1396384,-0.5819123,-0.27795547,0.24610262,0.0515546,-0.28650612,0.38123482,0.3673407
114,-0.12979478,-0.2511422,-0.37096474,0.06545211,0.17262316,-0.046242457,-0.14699902,-0.28044215,-0.07796798,-0.108777605,-0.09112012,0.28236187,0.065558165,0.04455746,0.1828187,0.070016995
1480,0.48929945,0.10521643,0.19337758,-0.2031922,-0.055433363,-0.18600675,0.5644567,-0.28043085,-0.3068288,-0.3433241,-0.26534465,-0.0743106,-0.08148779,-0.2947293,-0.17977461,0.48697922
672,0.11483041,-0.05291099,0.07896586,0.3148778,-0.53061694,0.48725468,-0.19639328,-0.14648913,-0.67409384,0.16310827,0.14515652,0.37231156,-0.09064106,-0.6410002,0.32077742,-0.017492732
882,0.24908689,-0.07189296,-0.7102139,0.14844424,0.17011684,-0.60133255,-0.11875302,-0.5097241,-0.16296493,0.084988624,-0.19930427,0.16054149,0.33625755,0.58714366,0.28507555,0.3978296
128,-0.033465106,-0.30443838,0.22279975,0.46056843,-0.15949567,0.27184093,0.26291376,0.3216604,0.07625106,-0.09719257,0.27705777,0.38253945,0.036041625,0.22933155,0.34818327,0.28627872
1331,-0.5661541,0.9270574,-0.86896706,-0.9103356,0.85739654,0.41656113,0.8556964,-0.86267513,0.8476581,0.7760856,0.9189617,0.29080927,0.80256355,-0.8596224,-0.35489306,-0.75347847
1457,0.17879748,-0.017048711,0.18927328,-0.10687826,-0.07288175,-0.046485193,0.11396243,-0.43491027,-0.44626352,-0.45330426,-0.15431446,-0.4155154,-0.0017036928,-0.2085054,-0.108702034,0.32515332
1443,-0.38960126,-0.35441726,0.328195,-0.26673996,0.1860254,0.37562272,0.64974576,-0.016785974,-0.018855512,-0.623275,-0.52830654,0.29525152,-0.08954431,0.017178165,0.20326571,0.75181764
1325,-0.2526929,0.18835028,0.07158811,-0.2427166,0.09628058,-0.10951473,0.2852988,-0.23341021,-0.20769757,0.07739293,-0.15295522,0.20333748,-0.23771417,0.13673027,0.067146614,-0.35523316
869,-0.45425254,-0.07993898,-0.22642754,0.6815943,0.18241332,-0.20378107,0.2457107,-0.2895259,-0.20725413,0.36566758,-0.10441615,0.42464793,0.49607363,-0.19144498,0.14373448,-0.20529583
699,0.17038055,-0.22496632,-0.221646,0.37947235,-0.45748016,-0.17859297,-0.42927372,0.0074141305,-0.2226121,0.4411479,-0.005773912,0.4276282,0.10274242,0.6576752,-0.010592329,0.08427965
841,0.00940601,-0.2182766,-0.13442796,0.15422668,-0.080170885,0.2508116,0.081661426,-0.4007903,-0.03293031,0.11002643,-0.04693172,0.35054773,0.3058282,0.0056117927,-0.002122153,0.22561716
1319,-0.5175502,0.2655481,0.2019944,-0.5238668,0.66217744,0.34959987,-0.22231925,-0.4797821,-0.2653091,-0.017298147,-0.2797085,-0.5093193,0.14846428,-0.3713905,-0.41505966,-0.57712406
855,0.26686093,-0.7665002,-0.642688,0.64183694,-0.8089694,0.02905238,-0.7772719,-0.55028796,0.58794206,0.53284204,-0.4849084,-0.28211033,-0.7958255,0.37142164,-0.7571818,-0.094179615
302,0.18597046,0.03324644,-0.1338056,-0.008368937,0.04243064,-0.102278106,-0.20111215,0.028002756,-0.00015130639,-0.32904956,-0.16015877,0.17680882,0.20250413,0.33262202,-0.01245629,0.1613819
1696,-0.1791371,-0.13622081,0.034486085,0.1392758,-0.1994822,-0.01491112,0.36224458,-0.30272624,-0.14305362,0.089476235,0.11260018,-0.018017432,-0.089552425,-0.28652763,0.13124721,0.068346664
464,-0.32159972,0.1362655,-0.19758978,0.4353578,0.3401845,-0.26064745,-0.31866962,-0.4692929,-0.037256364,0.5349956,0.23799181,0.44127205,0.66836786,-0.42316142,0.04229514,-0.3318512
1682,-0.32407415,0.3214404,-0.16512181,-0.44303805,0.42124695,0.102741405,0.32278514,-0.42591614,-0.421502,-0.51318485,-0.09757123,-0.6169531,-0.43140396,0.30588853,0.45167214,-0.050270982
316,0.09671705,-0.1738822,-0.29432422,0.28478435,-0.19041967,-0.3586264,-0.35918856,-0.2357232,-0.07245163,0.17322229,-0.24377637,0.21939595,0.2101006,0.17679517,0.17149402,0.012071163
1872,0.0038559693,0.008879227,0.11782833,0.009798891,0.0023362574,-0.05701913,0.3303887,0.0063671353,-0.17715365,-0.08146351,0.12516978,-0.07134534,-0.1821383,-0.086697176,-0.02980932,0.46081185
458,-0.23918793,-0.20000637,-0.20898719,-0.12691687,0.1432355,-0.044960156,-0.27565193,-0.04457096,-0.038935788,0.15806754,-0.24531057,0.4469322,0.12036189,0.037975345,-0.6792926,-0.19308878
1866,0.372844,-0.3889819,-0.3242397,-0.022028584,-0.2291999,0.17236115,0.38254288,-0.12177334,0.4619885,-0.62604076,-0.030823618,-0.67452896,-0.21004649,-0.51986015,0.29053715,0.64991575
1655,0.26132974,0.42994758,0.09039834,0.08278474,-0.0016352726,0.11170713,0.023155134,-0.017426798,-0.4599952,-0.30355313,0.18756337,-0.6392088,0.06944177,-0.2843499,-0.059108194,0.21966258
1133,0.09636655,-0.5266983,0.6817823,0.14651738,-0.3938503,0.20055504,0.4036926,-0.15177321,-0.20925145,-0.23986588,0.14054166,-0.07179587,0.30650723,0.04349983,0.05715468,0.28657886
1127,0.061785657,-0.08365796,-0.18220307,0.09156151,-0.13380906,0.17785235,0.19294438,-0.123169124,-0.20154206,-0.21888845,0.20215707,0.13036813,-0.11676066,0.031883806,0.24357647,0.61501974
1641,0.6059734,0.35868028,0.18175133,-0.26281565,0.37379003,-0.10975334,0.3901859,-0.21726167,-0.45803413,-0.3552928,-0.12235615,-0.12021239,0.11981239,-0.29240027,0.069433406,0.3899844
1899,0.07048177,-0.5837817,0.40633008,0.09536932,-0.16360778,0.2610008,0.5760964,-0.16430064,0.32841146,-0.49510396,-0.10766844,-0.25192016,0.08219579,-0.28568456,0.13894717,0.60327095
1669,0.20325398,-0.12643473,0.30499876,0.17276615,-0.052499585,-0.15578026,0.15924183,-0.28798229,0.10468215,-0.28835723,0.02018527,0.21036123,-0.3369532,-0.08043835,-0.30174306,-0.08873532
1668,-0.058974396,0.0023267078,0.4116417,-0.011038101,0.22593848,0.75400347,0.17019981,-0.30752105,-0.06830186,-0.4798604,0.2122755,-0.38971782,-0.06347458,-0.106073156,-0.67830855,-0.4465468
1126,-0.26043373,-0.27018067,0.20053414,0.3517111,-0.0527603,0.45946,0.42267558,0.02067768,-0.1979064,-0.4003966,0.032511216,0.1670334,-0.3941649,-0.28927788,0.3446017,0.4983567
1898,-0.037171032,0.35685682,-0.0894105,0.008879934,-0.39591733,0.008677667,0.2366138,-0.36011958,-0.05773964,-0.28011608,-0.33152077,0.043507267,0.20733364,-0.15550287,-0.3591092,0.2698028
1640,0.51581705,0.34517595,-0.05733513,-0.33397517,-0.013538974,0.15285684,0.21140622,-0.33634487,-0.64010143,-0.20462938,0.04861632,-0.10952657,0.07876695,-0.4448931,0.06354954,0.06687727
1654,-0.13943878,-0.12510936,-0.4214553,-0.14740299,-0.15269008,-0.57644814,-0.1868727,-0.31413743,-0.4547499,0.010335784,0.25497353,-0.08703307,-0.2240228,-0.03835278,-0.13580438,0.5146574
1132,0.33946478,-0.4430316,-0.4107215,-0.28174156,-0.47094923,-0.32256216,0.18493067,-0.19556081,0.23420785,-0.17859976,0.34758428,0.096126124,-0.16817114,-0.22450884,0.00079324824,0.64106566
1867,0.25863838,-0.5531645,-0.20479238,-0.15728857,-0.3461002,0.26795498,0.56336206,-0.1327775,0.44712606,-0.6133914,-0.31280667,-0.6085495,-0.0657671,-0.38462728,0.27845058,0.75254536
1873,0.0062046596,-0.1322105,0.21256424,0.31556243,-0.33094624,0.22207473,0.27039537,-0.17143172,-0.20736195,-0.077013925,-0.22317885,-0.27561012,-0.069730416,0.18178822,-0.54816264,0.32547563
459,0.1703208,0.50760746,0.11882104,0.2511209,-0.028076282,0.036667246,-0.059984908,-0.23435467,0.056780815,-0.29525864,-0.31910977,0.37838942,0.02664328,0.41972762,-0.21127288,0.4116496
317,-0.20828968,0.53561,-0.60193086,0.37304246,0.36895022,-0.3685577,-0.0885344,-0.2858474,0.08320643,-0.19767436,-0.2784459,-0.03950415,0.16243681,0.41436484,0.3711212,0.06342322
1683,0.05874407,-0.062568456,0.14019291,-0.18289468,-0.034271535,0.1876632,0.38267535,-0.2748985,-0.24255344,-0.31069496,-0.26570776,-0.11407411,-0.07991885,-0.3373176,0.18027827,0.5438863
1697,0.18498103,-0.11590942,0.32134607,0.19107604,-0.45848712,0.08082222,0.20674725,-0.026502013,-0.4461293,-0.11449744,-0.13632073,-0.11445205,-0.07048635,-0.35287845,-0.13885377,0.19061454
303,0.23274958,0.27810636,-0.19871035,0.0134844575,0.04409934,-0.18417719,-0.016436106,-0.30949768,0.0506916,-0.3324773,-0.09905329,0.2536147,0.026669107,0.6664974,0.13495535,0.14431645
854,0.17578694,-0.2272497,-0.080306806,0.25875962,-0.21933292,-0.27246892,0.14233081,-0.19777831,0.10171742,0.039524373,-0.64526886,0.51299196,0.28967854,0.24878868,0.22081344,0.02937997
1318,0.30063263,0.13232239,0.382279,0.2965869,-0.24577269,-0.23590152,-0.065332964,-0.54526263,-0.50473785,-0.17785856,-0.22436756,-0.32685313,-0.031244975,-0.21378735,-0.3091254,0.10407416
698,0.11309067,-0.2194927,0.04445686,0.50237226,-0.27245536,-0.28026584,-0.13406958,0.020636356,0.1947711,-0.04992968,-0.33580038,0.1496987,-0.13559557,-0.02734375,0.10700233,-0.21973443
1442,-0.5477175,-0.5979934,-0.035085857,-0.21845646,-0.27642915,0.28214362,0.3280589,-0.124459185,0.18314919,-0.115413226,-0.25365415,0.006168899,0.0013345993,-0.044698853,-0.31991628,0.53423595
1324,-0.56795204,-0.4227495,0.30702248,-0.24649772,0.2891365,-0.49262482,-0.39403686,-0.74125004,-0.26385197,0.3410404,0.17943722,-0.4978931,-0.21436939,-0.16420108,-0.14533943,-0.6167905
1330,0.04143063,0.19779402,0.36969483,-0.33143842,0.19711545,0.03260492,-0.19359924,-0.4936425,-0.439703,0.1470932,-0.18896927,-0.4849337,0.2175196,-0.2984985,-0.504685,-0.3741141
1456,0.47972605,-0.054570384,0.13809976,0.28209567,-0.09528827,0.005829149,0.036403336,0.08521102,-0.39770868,0.056174655,-0.34436324,-0.1396313,-0.34618276,-0.56202406,-0.3215431,0.4045913
129,-0.4828666,-0.32607657,0.069414236,0.35839522,-0.49069518,-0.3594949,-0.4841293,-0.26340145,-0.3051604,0.13790022,0.06391139,0.3110204,0.61926156,0.25663877,0.63403106,0.051123433
897,-0.17822127,-0.20351067,-0.20346263,0.58442533,-0.037475944,-0.15366223,0.022964913,-0.586253,0.0595843,0.07293105,-0.17963113,0.6701515,0.6950769,-0.72824985,0.13626948,-0.5282359
1481,0.048209354,-0.020909967,0.2360045,0.2923036,-0.295409,0.049976327,0.19583482,0.012799607,-0.4214249,-0.15495326,-0.28073582,-0.10604012,0.072682746,-0.3372131,-0.044074476,0.16039963
115,-0.16160983,0.5306591,0.33208358,-0.20368181,0.037982322,0.0059642084,-0.025930265,-0.3744741,0.6000672,-0.5212266,-0.4545409,0.23590769,-0.2985562,0.5195404,0.42394927,-0.19747294
673,0.34868678,0.3101228,0.09379016,-0.37614682,-0.054423075,-0.5236737,-0.0070915674,-0.42194366,-0.11130903,0.068446636,-0.5637751,0.7042168,0.47889546,0.43767637,-0.06164201,-0.39169046
667,0.0065499353,-0.4025647,-0.13017693,0.13040574,-0.08027498,-0.12928623,-0.097301885,-0.16818298,-0.10417841,-0.08310966,-0.24282645,0.10821231,-0.0726395,-0.21331365,-0.04726452,0.11104234
101,0.1996241,-0.76592565,-0.53555876,0.47180873,-0.3133378,-0.22778767,0.18768087,-0.52742577,0.28309906,0.2668392,-0.39094263,0.6312014,0.051349156,0.06831168,0.16919005,-0.4593912
1495,0.16573495,0.049990065,-0.090215094,-0.23366146,-0.42592198,-0.026553907,0.15370801,-0.26854756,0.10777433,-0.34624076,-0.23476416,0.047495186,-0.28322276,-0.33441237,0.03182977,0.12761733
2003,-0.19357844,-0.018835958,-0.09789453,0.26169375,0.0041034087,-0.121539615,-0.0074222866,-0.09264244,0.07525945,-0.15100934,0.17873506,0.5233616,-0.0022331513,0.24511114,0.10352264,0.34687415
1278,-0.11232426,-0.12125186,0.17097843,0.044118878,-0.06839854,0.053103395,0.08985007,-0.15569161,-0.3458419,-0.2580129,-0.17072019,0.012479759,-0.034423444,0.058327768,-0.08213099,-0.20166518
934,0.42227507,0.38154674,0.15730628,0.22688942,0.36169234,-0.32467622,-0.3783828,-0.33856463,0.24107721,0.07690258,-0.15272938,0.24434134,0.37118214,0.10400736,0.22073406,0.08082249
2017,-0.20676659,0.005175131,-0.024053374,0.20474613,-0.02833812,-0.23619194,0.2709533,-0.040365215,-0.31732517,-0.48306906,-0.383446,0.12724485,-0.33323404,-0.05743374,-0.21077724,0.11137785
1536,0.26524395,-0.29348734,-0.21578263,-0.17178804,0.24644667,0.64592993,-0.13981105,0.012912084,-0.33794647,-0.4231265,-0.5580773,0.07546281,0.55292034,-0.7984842,-0.8176259,0.088489756
1250,-0.24877043,0.47491714,0.0016763791,-0.42893624,0.27438578,-0.23707585,0.52046347,-0.30759558,-0.50452626,-0.58074033,-0.13990362,-0.71431637,-0.35834894,0.4946963,0.57014847,0.059797216
1244,-0.07067222,0.12930351,0.33230343,0.26528564,-0.29020995,-0.10796677,0.1193121,-0.1267692,-0.5244793,-0.22197847,-0.08726797,-0.46958193,0.15470792,-0.3947106,-0.03785588,0.12277963
908,0.52041876,-0.033307575,-0.059157107,0.6469431,-0.27069277,-0.2718494,-0.20185421,-0.39800403,-0.11608997,-0.029603964,-0.42216092,0.29487777,0.45354652,0.1945761,0.16786094,-0.22945113
1522,0.09562731,-0.16325845,0.21153176,-0.52083266,0.29250064,0.24016976,0.41474962,-0.70698714,-0.27965558,0.23737974,-0.59143347,-0.43764988,0.23615044,-0.2200993,-0.37914652,-0.39272803
1293,-0.047742046,0.06902433,0.41117287,-0.2461461,0.24955557,-0.0005944147,0.030309545,-0.18253814,-0.3058194,-0.27710953,-0.1150667,-0.59289086,-0.014764242,0.08100071,0.0375222,0.1535208
707,-0.13197482,-0.19069691,-0.17730054,0.29399,-0.27685228,0.08796243,0.48641014,-0.06334482,0.0017497373,-0.37453455,0.62498456,0.3382452,0.09730973,0.3395848,0.28947377,0.2255723
713,0.27059862,0.3362714,0.1758604,0.25104415,0.024552057,-0.40584305,-0.33842996,-0.23974484,-0.0031701592,-0.39476693,-0.10120876,0.52391857,0.29343516,0.2443698,0.109187074,-0.010632395
1287,-0.39858726,-0.12847179,0.04048135,-0.28833386,-0.061383437,-0.3025868,0.16631411,-0.2744754,-0.17638886,-0.23934203,0.23992625,-0.075813405,-0.2094013,-0.071883984,0.013510858,-0.21806236
1708,0.19379708,-0.35693184,-0.03774296,0.28017965,-0.29060003,-0.04763229,0.18249047,-0.29289204,0.33476895,-0.7837474,0.26482883,-0.32336003,-0.16497594,-0.3292452,0.31411758,0.33586833
288,0.49465406,-0.17879207,0.38057327,0.29996657,0.021639463,0.40986034,-0.6589159,-0.15020512,-0.40345252,-0.45823976,-0.1979153,0.48548284,0.11884492,-0.46622103,0.17103195,0.17725341
1052,0.21523392,0.25350398,-0.2613945,-0.50464076,-0.44805223,-0.27221754,-0.2083068,-0.022888113,-0.51129174,-0.27596128,-0.031011753,-0.17623363,-0.01710952,-0.12280849,-0.23346822,0.4211402
1734,0.20354195,0.16321531,0.5615606,0.11006318,0.16936973,-0.025447305,-0.111544125,-0.0236814,-0.4690761,-0.47872934,-0.30798742,0.11277261,0.22128691,-0.6772849,-0.26186264,0.19309305
1720,0.031959698,-0.3508411,0.24621749,0.39389738,0.0045284736,0.27215382,0.11710252,0.011040276,-0.08327915,-0.5399767,0.101871,0.08457543,-0.28248054,0.22787555,-0.23714855,-0.07941436
1046,0.11905635,0.17966539,0.2258285,0.02860352,0.0052136686,-0.20569676,-0.20175846,-0.050887126,-0.12898912,0.088581115,-0.035371874,-0.2915854,-0.18493403,0.016695252,-0.12340751,-0.09716331
1913,-0.24046136,0.1894257,-0.117837146,-0.19040683,0.01975854,-0.3923051,0.061036102,-0.31931436,-0.41163614,-0.36235678,-0.1006885,-0.03605883,-0.11100376,0.38005757,-0.17396002,0.20932859
1907,0.29888034,0.3359085,0.20839997,-0.44508195,-0.110055685,-0.29946768,0.34993175,-0.48231354,-0.45795476,-0.049217362,0.11078651,-0.56158215,0.07212419,-0.113229014,0.07212179,0.4320211
1091,-0.11991182,-0.21941781,0.35479686,0.016234111,-0.13888015,-0.006907398,-0.02548265,-0.49289486,0.01992978,-0.08766643,-0.14606287,0.24767287,-0.045969155,0.03711904,-0.22339708,-0.21654956
1085,-0.19877456,0.1166935,0.2504137,0.111548245,0.06878905,0.28523248,-0.23121348,-0.18314174,-0.4111016,-0.49733713,-0.2838168,-0.21010192,-0.40491802,-0.44002,-0.40049455,-0.09743558
529,0.59736687,-0.060306016,-0.2174457,0.0015636819,-0.28441498,-0.2965401,-0.22876228,-0.42275995,-0.45009115,-0.16512121,-0.30255854,0.2602161,0.2768892,0.40720645,0.2742536,-0.24882044
1903,0.4075195,0.41886368,0.10581091,-0.38560045,-0.17764121,0.086373575,0.25981483,-0.411849,-0.3739932,-0.24660681,-0.18612981,0.22263725,0.19301644,0.1766406,-0.011636175,0.3020024
1917,0.040042993,0.27009502,0.025283683,-0.12011698,-0.51355076,-0.09801133,0.05102998,-0.39203203,-0.4847846,-0.45724866,-0.36078075,-0.10105904,0.05838847,0.2378957,-0.18103322,0.30347425
515,0.032218583,-0.1387407,-0.19871877,-0.04855836,-0.09736766,0.19457054,0.14697775,-0.27533036,-0.11782226,-0.3822541,0.15716074,0.32434624,-0.006824663,-0.00478191,0.4237269,0.17974856
1081,-0.38343188,-0.2739613,0.03063031,0.023676068,-0.24159987,0.12036091,-0.14576542,-0.4656718,-0.28437564,-0.5324706,-0.41200915,-0.07649804,-0.23208831,0.17284298,-0.37277582,-0.008811082
273,-0.19661878,-0.16660555,0.010240741,-0.24934794,0.06149214,0.19206113,0.09419227,-0.07099586,-0.20627508,-0.31062678,-0.109547,0.31044182,0.29979363,0.41183478,0.22932525,0.24651594
1095,-0.16681513,0.23784827,-0.060099386,-0.5046368,0.06876676,-0.055277973,0.16022775,-0.042755995,-0.27717116,-0.21729499,-0.25244802,-0.12571092,-0.1741566,0.4210849,-0.08926628,0.1166837
501,0.17472523,-0.31519887,-0.19342904,0.072890505,-0.0025201214,-0.2622818,-0.32873315,0.00037728992,0.003522009,0.02533889,0.26944464,0.37261754,0.09683404,0.1728603,-0.12869044,0.45811266
1718,0.037422296,-0.060238473,0.23162116,0.052377466,-0.35847887,-0.25298598,0.084009506,-0.2916872,-0.5868175,-0.21973862,-0.24289073,-0.025608314,0.48034507,-0.3307132,-0.23736244,0.20883238
298,0.46924832,-0.1762196,-0.00862145,0.0577946,-0.33507195,0.10545203,-0.25747684,-0.07644272,-0.116775565,-0.093903475,-0.2177086,0.15231052,-0.12637989,-0.36848018,0.011761228,-0.0017840066
1042,0.31317317,-0.37474206,0.39583075,0.12738585,-0.00450927,0.20632713,-0.087349296,-0.29563618,-0.26915658,-0.16266158,-0.30899784,-0.45046362,-0.13782735,-0.48031545,-0.14552453,-0.038914762
1724,-0.021267232,-0.17788906,0.49727613,0.5460658,-0.6769669,-0.01709948,0.54249567,-0.17770845,0.19567214,-0.32679647,0.30486652,-0.36507925,-0.17561322,0.47588775,0.042579826,-0.0031927202
1730,0.18404485,-0.15856157,0.3654116,-0.04273411,-0.20497672,0.19854188,0.014271733,-0.28929257,-0.33585742,-0.15805042,-0.38358197,-0.42978242,-0.052797046,-0.26868197,-0.40409094,0.526942
1056,0.3294412,0.28739375,-0.02478008,-0.12212778,-0.09313257,-0.23731856,0.25171593,-0.19419646,-0.42354506,-0.24184304,0.036567707,0.05445121,0.1981216,-0.17153151,-0.01432411,0.23756216
1283,0.21899809,0.22665033,0.23113513,-0.14776714,-0.112323105,-0.22957201,0.2523376,-0.040778354,-0.2628264,-0.17188758,0.44584867,-0.09180419,0.19809583,-0.13408957,-0.15410812,0.15647288
717,0.10427856,0.008629927,-0.114393115,0.27633297,-0.41648066,-0.41050097,0.12289693,-0.2120389,-0.3779472,-0.15218717,-0.3028368,0.34346148,0.11434452,0.18861765,0.31393704,-0.41039032
703,0.29846573,0.20247786,0.20953408,0.2511993,0.0045477008,0.04320624,-0.46812084,0.01946599,-0.064615056,-0.30336863,-0.25376275,0.5628901,0.23085628,-0.14599715,0.18927893,0.29514986
1297,-0.022329409,0.099550806,0.28916025,-0.1379235,-0.39964038,0.2966172,0.26177675,-0.38090754,-0.19461462,-0.16652635,-0.6402528,0.07372596,-0.23808067,-0.14187932,-0.4081925,0.06323227
2013,-0.08126879,-0.18622592,-0.03218512,0.7030342,0.043690637,-0.4012522,-0.52915794,0.0028270856,0.50653684,0.19890215,0.47426605,0.0033722296,-0.22179073,0.7129876,-0.25521287,0.3306147
924,0.23248564,-0.0500152,0.117810264,0.2919483,0.18695556,0.24417022,-0.25050288,-0.2926335,-0.08642302,-0.18917255,-0.07800704,0.27772743,0.27939937,0.08920363,0.033729352,-0.18185867
1268,0.18542446,-0.2389434,0.37014943,-0.12427375,-0.20475559,-0.04264664,0.28221217,-0.1532021,-0.3084526,-0.37751934,-0.10720569,-0.06520832,0.12033768,-0.29549938,0.06195988,0.3329761
2007,-0.09415578,0.15116878,0.074519046,0.116692424,0.026790118,-0.06470654,-0.38387585,0.18700881,0.3565493,0.072395116,0.13039735,0.26804072,0.054655183,0.08258302,0.04078857,0.19344349
1526,0.42669162,0.4351075,0.22591019,-0.17752679,-0.2965354,-0.26461688,0.2868114,-0.1135527,-0.24575701,-0.39451888,-0.090089105,0.068152,0.07033687,0.024137396,-0.042556748,-0.0684712
1240,0.027158948,-0.034191504,0.28521734,-0.03659595,-0.28680676,-0.07391239,-0.09155294,-0.34630743,-0.06889079,0.031674214,0.06728311,0.054890834,-0.17850201,0.054758225,0.010680545,-0.03576344
1254,0.2135737,0.104328215,-0.2501783,0.056385595,0.07116798,0.22044098,0.029512623,-0.005553993,-0.12621425,-0.38865003,0.12886249,-0.114045426,0.185377,0.2892216,-0.15532547,0.32242462
1532,-0.37173417,0.118806265,0.027531713,-0.5944161,0.09999091,0.12029192,-0.40739867,-0.25031114,-0.39358106,-0.28472048,-0.22069423,-0.08984536,0.12040203,-0.4892904,0.05837149,-0.41394326
887,0.3192838,0.12280131,-0.1288471,-0.17747778,-0.09602036,-0.29193747,-0.18263757,-0.3953801,-0.40814772,-0.34191862,-0.5191683,0.4877946,0.31060144,0.6278737,0.35211405,0.21223597
893,0.21787211,-0.016882656,-0.3977625,0.0073628062,0.6505618,-0.48424384,-0.23973392,-0.45006648,0.15706049,0.51703846,0.13437095,0.078212015,0.3372433,-0.27809647,0.43932745,-0.019676901
1491,0.18405586,0.04359803,0.327539,-0.09563219,0.25125536,-0.14085385,0.18353003,-0.32361794,-0.38824543,-0.411844,0.09203573,-0.50219274,0.047562964,-0.27546987,0.15034847,0.29343992
105,0.4012623,-0.10074873,-0.13382713,0.32196343,0.19614822,0.13153501,-0.4104517,-0.09270691,0.25314742,-0.12869711,-0.5254976,0.13554807,0.39595643,0.40374795,-0.20636523,0.1547102
663,0.042834148,0.0018130223,-0.26707622,0.37041306,-0.03717173,-0.32041577,-0.29064357,0.0018273349,0.030593814,-0.064328775,-0.041777786,0.17712265,0.22220941,-0.008804206,-0.11499755,-0.12617767
677,0.16661143,0.45600778,0.1963699,-0.07447338,0.43131164,-0.3317609,-0.5651615,-0.39132547,-0.26067388,-0.37279168,-0.06655332,0.4252385,0.3424212,0.74518204,0.14146923,-0.30709216
111,0.20025766,-0.38186467,-0.30193675,0.0043071466,-0.47022203,0.5447364,0.5190607,-0.024565708,0.5163681,-0.7511236,0.0145847285,-0.43165767,0.265853,-0.18151344,0.53459615,0.27405998
1485,0.13267227,-0.40205592,0.41786328,-0.18346149,-0.42205852,-0.23516753,0.4927164,-0.36086482,-0.1899828,-0.4289395,-0.026913952,-0.31387332,-0.12691584,-0.39317802,-0.00017554313,0.27278447
1308,-0.32911742,0.27848,-0.098905236,-0.2602975,0.13674057,-0.01789919,0.072384305,-0.27722704,-0.21425046,-0.32770595,-0.4779825,-0.07646789,0.5612666,-0.4617455,-0.41376668,-0.3401546
844,0.17012516,-0.16402552,-0.17583965,0.429835,-0.20738281,-0.7000024,-0.290417,-0.2678673,-0.3169009,0.08078806,0.49717212,0.27422357,-0.060417105,0.2884824,-0.032917954,0.5670966
688,0.08530927,-0.28527373,-0.37403488,0.36053222,0.020184597,-0.41920704,0.107451,-0.07442289,-0.08805194,0.14676633,-0.31697673,0.44682053,0.3899603,0.32539198,0.4192875,0.31046918
10,-0.41524062,-0.38950488,-0.28433487,0.6218255,-0.18101776,-0.043870926,-0.27626547,0.024669766,-0.34943056,-0.5052909,-0.109086335,-0.014064341,-0.0872176,0.6030626,0.1567204,-0.31132978
850,0.43705633,0.10061707,-0.34490693,-0.044952866,-0.4246807,-0.23433486,-0.11773749,-0.25369468,-0.42557737,-0.12997794,-0.2912419,0.35984737,0.22876282,0.50864935,0.17222497,0.0012888156
1452,-0.1148274,0.24389027,-0.0037879464,0.016464675,-0.115524374,0.39572507,0.08313433,-0.293026,-0.23435892,-0.4209013,-0.17907749,0.074232444,-0.194459,-0.020487921,0.049082275,0.23653756
1334,0.11444528,0.46365282,-0.3498383,-0.3715294,-0.27288267,-0.2062019,0.22804649,-0.2712448,-0.40671036,-0.32319525,-0.2964211,-0.012943209,-0.17599298,0.20192114,-0.21776105,0.115394235
1320,0.59367496,0.4689966,0.39665222,-0.29750413,-0.025539279,-0.33800182,0.49341312,-0.28889382,-0.41057172,-0.09214367,-0.15280962,-0.25601038,0.20989025,-0.20456411,0.0932,0.30647472
1446,-0.5142699,-0.4915656,0.2185888,-0.2150738,-0.26052213,0.34531876,0.49512973,-0.16885564,0.17906523,-0.36716896,-0.15033928,-0.22479287,-0.114980385,0.060702156,-0.051479243,0.62343544
1877,0.19564462,-0.036349878,0.04319157,-0.12935351,-0.1773968,0.40470943,0.044500437,-0.23581408,-0.21617593,-0.2594501,-0.39477766,-0.23421061,-0.032996822,-0.4745751,-0.509517,-0.12532943
1863,-0.03796009,0.055726312,0.12981686,-0.13774957,0.1476676,-0.05446088,-0.07641163,-0.045676917,-0.24196252,-0.24883531,-0.17692383,-0.14210002,-0.1534076,-0.08148383,0.020249624,0.048793115
449,-0.33901393,0.02409479,-0.3001026,0.6084203,-0.16447094,0.11165832,0.117735684,0.1707851,-0.36941382,-0.07103868,0.23586166,0.22654682,0.28323206,-0.11393206,0.27775586,0.6587895
461,0.25790256,0.42944697,0.20922695,-0.033879455,-0.13328914,-0.24528752,0.07158122,0.10775435,-0.12069595,-0.16344075,-0.3677612,0.07372368,-0.2109395,0.03530322,0.3252832,0.079798974
307,0.060120232,-0.099588394,-0.17164046,-0.23109575,-0.29228386,-0.25766042,0.19399402,-0.20636904,-0.5429547,-0.25344518,-0.232856,0.3907863,0.39543352,0.575958,0.42758134,0.014794171
1693,0.2482109,0.08506638,0.26849806,0.33203763,-0.405379,0.08641189,0.36007938,-0.2500896,-0.33601645,-0.49973992,-0.10159721,0.02121145,0.19793813,-0.32253504,0.17728396,0.3264961
1687,-0.18907432,0.69160354,-0.27668852,-0.41969532,-0.027433584,0.22039475,-0.4443071,0.1811832,-0.63095874,-0.38360003,-0.2085033,-0.013080628,0.04615861,-0.47428855,-0.68904144,-0.24242248
313,0.43457818,0.2277461,0.4647807,0.2341567,-0.017132323,0.03875028,-0.33583325,-0.19008246,-0.34833163,-0.3588827,-0.28653395,0.13180813,-0.05693745,-0.48154172,0.2268238,0.10147322
475,-0.07662415,0.24016967,-0.18052988,0.5847224,0.47168618,-0.32259062,-0.40288678,-0.6020195,0.009163824,0.19322133,0.032413673,0.6284222,0.3787847,-0.34495696,0.105344884,-0.50181204
1678,-0.32966477,-0.10718796,0.1380724,-0.07214673,-0.04249709,-0.42246988,0.24877389,-0.4133104,0.0011680567,-0.21423995,0.058611136,-0.23648638,-0.47942805,0.34564734,-0.011100771,0.19575366
1136,-0.102176666,-0.52305555,0.63471055,0.12190548,-0.18981797,0.16046678,0.5703718,0.02850948,-0.38867486,-0.34029564,-0.027443215,-0.2360464,0.31912938,-0.16331828,0.27970436,0.5967363
1650,0.21476182,0.0423034,0.4035008,0.11091641,-0.2596579,-0.0070377616,0.22542998,-0.11754468,-0.626755,-0.36332873,0.020187838,-0.16264029,-0.032322727,-0.58398706,-0.08139892,0.19061483
1888,0.107059054,-0.39228708,-0.29298702,0.022652095,-0.7618576,-0.46123633,0.513424,0.064545356,0.50683695,-0.7515373,-0.37173367,0.44291693,-0.58111095,0.0368837,-0.30643353,0.24246031
1644,0.4177705,0.06671913,0.17340562,-0.06894619,-0.113876574,0.011285527,0.17171815,-0.23428902,-0.405064,-0.34493172,-0.14047006,0.14913692,-0.012097841,-0.18429369,0.004409605,-0.088321425
1122,0.2319649,0.06915001,0.12605552,-0.2811847,-0.045564268,-0.11212014,0.39593783,-0.17928708,-0.2139462,-0.32723728,0.06769222,-0.3623948,0.087605044,-0.17747322,0.07377125,0.1711779
1645,-0.33551085,-0.4145163,0.2652934,-0.11375037,0.11537415,-0.20675159,0.0072522922,-0.51775545,-0.15838175,-0.14737104,-0.392691,-0.11683844,-0.12754168,-0.2837358,-0.56522524,-0.37478715
1123,-0.5849347,-0.038710788,-0.32073897,0.13527997,-0.5070345,-0.0243847,0.28847843,-0.094733395,-0.06881193,-0.26446608,0.09266077,0.050949443,-0.3903265,-0.15519616,0.2106416,0.26212955
1137,-0.34867898,0.13443924,-0.38612428,0.010877992,-0.35722625,0.28364277,0.26119903,-0.56128764,0.24418184,-0.3193509,0.31777018,0.431343,-0.10816615,0.38293928,0.16654572,0.4659131
1889,0.5169975,0.3565557,-0.12559065,-0.18881339,0.046241533,-0.20553938,0.51999456,-0.5426878,-0.4316734,-0.34279153,-0.009504487,0.011639316,-0.050578322,-0.006046676,0.028229572,0.38479358
1651,0.19643389,0.36397392,0.06567039,0.14245738,-0.04047708,-0.18100944,0.14263824,0.014612141,-0.38773203,-0.23765692,0.02142486,-0.18085663,-0.057114847,-0.1593468,-0.22777925,0.22364463
1679,0.40634093,0.26302943,0.090142295,-0.12254222,-0.22615317,0.2248374,0.03489138,-0.034773666,-0.6683124,-0.25462592,-0.26238176,-0.4634913,-0.12663478,-0.4875405,0.13089554,0.35404342
312,-0.19815959,0.3002107,0.06861664,0.15830475,-0.06466957,0.040938314,-0.057532538,0.05030653,0.21385124,-0.16084947,0.045407474,0.0026747864,0.08988984,0.022786561,0.10682732,0.122030206
1686,-0.116858065,-0.01885349,-0.23915239,0.07340036,-0.19565251,-0.25736403,0.19896914,-0.366074,-0.08857402,-0.14998159,-0.2415403,0.4975516,-0.29504624,-0.16107331,-0.39245597,0.13559172
460,0.03753295,0.057212394,-0.15677385,0.41534522,-0.069299646,-0.29997244,-0.2856472,-0.22261363,0.40365165,-0.18556057,-0.114779636,0.3742449,0.34399095,0.3321777,-0.31298086,0.3961557
1692,-0.20368133,-0.11031262,0.007433501,0.18799752,-0.21965773,0.09422888,0.26469165,-0.109224886,-0.31674278,-0.41715053,-0.10099751,0.062255744,0.3087142,0.13043547,-0.048074048,0.3669265
306,0.08050809,-0.33051944,-0.4270888,0.23663373,0.16700062,0.5432264,-0.111209124,-0.36015812,-0.044706453,0.036629617,-0.40068147,-0.06859695,0.70474356,-0.0937637,0.45892018,0.34118044
1862,0.12675649,0.03544275,0.43280998,0.27610928,0.2269354,0.091294855,0.20476317,-0.07011067,-0.44279027,0.06297673,-0.40770498,-0.08086423,0.16291699,-0.23237203,-0.13003395,0.27564907
448,0.26500723,-0.05227877,0.0924464,0.5933273,0.47839555,0.22863603,-0.35404316,-0.38423437,0.083308816,-0.1639105,-0.4950322,0.45199198,0.17046784,-0.08723632,-0.26549846,0.07190102
1876,0.38707477,0.15694936,0.5171857,-0.10051158,-0.13969995,0.075819336,-0.014244613,-0.37923396,-0.28455952,-0.3191584,-0.07346378,-0.13647524,-0.404111,-0.46737605,-0.1155647,0.10751752
1321,0.35829276,-0.16447103,0.5118471,-0.16115451,-0.09839835,-0.23981951,0.04494332,-0.49858454,-0.44425407,-0.23121805,-0.04926755,-0.6997357,0.36946046,-0.23520419,-0.053537205,0.30954164
1447,-0.23203339,-0.26430997,0.2749453,-0.036615435,-0.40819943,-0.15642838,0.034400035,-0.5347618,-0.2050759,-0.34009475,-0.088381805,-0.059407145,-0.34596595,-0.38417396,-0.18482201,-0.06939215
1453,0.24744011,-0.01589899,0.16612023,0.17897621,-0.3007792,-0.064308755,0.0010464449,-0.49522054,-0.28958654,-0.15569289,-0.47890085,0.070566155,-0.06088254,-0.4100256,-0.06696655,-0.02042044
879,0.17003964,-0.16713819,0.36044922,-0.041889142,-0.12037725,-0.27879164,-0.5957661,-0.29456127,0.44177136,0.014227767,0.16514343,0.35294616,0.56879985,0.01914755,-0.2034808,0.21878533
39,-0.119222246,0.56474507,0.13849853,0.11105433,0.07025779,-0.21685407,-0.059377607,-0.2597639,0.7053932,-0.17318213,-0.29950333,0.1497584,-0.3216313,0.5973317,-0.08868003,0.08846355
1335,0.11822224,0.21677522,0.3980066,0.28662592,-0.05992486,0.38575047,-0.10864923,-0.41211954,-0.5051246,-0.49249414,-0.28008026,-0.2771503,-0.021035861,-0.39930356,-0.42337623,0.017877633
851,-0.06989309,-0.043248583,-0.2116277,0.3986916,0.39263085,-0.033432476,-0.46978012,-0.09988395,0.1271209,0.15793893,0.018045627,0.48726058,0.16523947,-0.16268335,0.37798437,0.31594566
689,-0.024097817,0.13495603,0.101100676,0.45988852,0.20401499,0.4171637,-0.21859504,0.5327064,0.21689026,-0.14299783,-0.10547741,0.8358854,0.19235314,0.014801881,0.041945767,0.39449653
845,-0.21202922,-0.4912788,-0.48342082,0.41852397,-0.28614962,-0.083983324,-0.04615839,-0.06232422,-0.077075906,0.47308052,0.13615203,-0.08799303,0.601537,0.0919278,0.17552914,0.23795557
1309,-0.23722236,0.6519469,-0.08786992,-0.41808048,0.43680698,-0.3099275,0.28132382,-0.20746274,-0.21928531,0.07592573,-0.21390548,0.13394114,0.34233832,-0.17610024,-0.589224,-0.15060787
676,0.09117852,0.028079182,-0.26436386,-0.26020628,-0.12499564,-0.33173853,-0.35897842,-0.0043928935,-0.35057387,-0.18035758,-0.3582152,0.30066162,0.2095777,0.5844045,0.60026014,-0.13581942
1484,0.053233285,0.11509862,0.14071459,-0.10616686,-0.4648496,-0.14846452,0.10372547,-0.21515618,-0.016788894,-0.31335792,0.3630015,-0.007698097,-0.39488223,-0.43342656,0.26220107,-0.10515942
110,0.6336398,0.46704888,0.51229525,0.45189705,-0.08727187,-0.2724344,-0.3477177,-0.45275125,0.49650773,-0.35729167,-0.39659342,0.082538985,0.40082657,0.7650034,0.49456334,0.046624552
104,0.39390272,0.55700415,0.16105701,0.43245447,-0.15273428,-0.2218453,-0.36464638,-0.23100308,0.29637054,-0.13430502,0.030574193,0.12970261,0.21941943,0.21448734,0.26268554,0.26344767
1490,-0.31186625,-0.21534203,0.43582574,0.122296326,-0.18989657,0.15626504,0.31447658,-0.27981,-0.24136762,-0.5131069,0.07162111,-0.065696165,0.15317214,0.1163361,-0.09377826,0.1859773
662,0.052819774,-0.6073393,-0.57942736,0.302756,0.17951052,-0.2632577,-0.45319977,-0.53578246,-0.5620149,0.3111366,-0.31507912,0.07253475,0.44107014,0.32269782,0.75336576,-0.30664417
892,-0.4923864,0.49474105,0.06270422,0.32193464,-0.16633135,0.1008245,0.5401268,-0.8367135,0.3916126,-0.06384106,0.57784736,0.09734039,-0.06826006,0.41595626,0.15332903,0.055771563
138,0.09530234,-0.276652,-0.11612379,0.46817452,-0.5023758,-0.36008355,-0.27757007,-0.13141657,-0.3931355,-0.21532172,0.13822907,0.36467984,0.008807997,0.5741072,0.2257184,0.048292458
886,-0.08805339,0.12187411,-0.044303752,0.06875903,0.11955127,-0.21534689,-0.2691942,-0.030745417,0.08594536,-0.22932802,0.0052790376,0.21975498,0.4616404,0.37345743,0.20311154,0.4490907
1255,-0.10809448,-0.15264492,0.10972623,0.057994157,-0.32087916,-0.13049294,0.29108128,-0.035954326,0.0046549924,0.019326717,-0.0076159257,0.15911101,-0.29753342,-0.15756059,-0.11260117,0.097273536
1533,0.29832727,0.4352508,-0.035596553,-0.21840549,-0.0049538203,-0.034782767,-0.26223695,-0.82933766,-0.77614784,-0.48101076,-0.17936699,-0.041210037,-0.28183958,0.009463542,-0.37495163,-0.05225496
1527,0.2517053,0.05599947,0.563762,0.42305297,0.16544344,0.41767287,-0.17730545,-0.31629628,-0.4544562,-0.77376,0.1629589,-0.30012295,0.29621083,-0.55771166,-0.19555393,0.061315227
1241,0.14414033,-0.10107479,0.2220132,0.26885667,-0.2273858,0.12155738,0.15355624,-0.35621127,-0.30770788,-0.291284,-0.1528321,0.013132685,-0.376767,-0.090299204,-0.34529707,0.11383029
1269,0.22679743,-0.20338124,0.16194253,-0.17503113,-0.22199251,-0.37296543,0.3250209,-0.32128832,-0.081840165,-0.00066281005,-0.2793008,0.1270231,-0.21264805,-0.15395299,-0.38319877,0.36748195
925,0.50663596,-0.53037834,-0.6675644,0.6923201,0.18547167,-0.3179589,0.12777068,-0.32111165,-0.18982986,0.098129176,-0.15442815,0.2853838,0.5076091,0.07290834,0.46214688,0.124401
2006,-0.168444,-0.27308843,-0.07663687,0.6868063,-0.17559162,0.06652448,0.10202318,-0.1561409,-0.21087207,0.09858194,-0.15757333,0.0667471,0.24381547,0.17241809,-0.16639614,0.20979439
2012,-0.08724325,-0.055238836,-0.13309579,0.38561252,-0.19926278,-0.12554929,-0.0033824837,-0.21546446,0.12711193,-0.094832785,0.19149178,0.29437456,0.18228008,0.25321257,0.093682714,0.3279875
931,0.052813273,0.45288125,-0.3188033,-0.40193117,0.282596,-0.26016864,-0.41563976,-0.24419606,0.23173337,-0.6175448,-0.050898004,0.56597394,0.058478788,0.28896308,0.06935863,0.29187277
1296,0.17458655,0.12144256,0.18741815,-0.26661268,-0.03692642,0.10565386,0.26141575,-0.28118423,-0.24163327,-0.2564279,-0.13285345,0.06601221,0.06373565,0.33453655,-0.007240601,0.063157424
702,0.08161013,0.14272371,-0.36700547,-0.27304244,0.7487804,-0.2590168,0.008198077,-0.54243356,0.12521799,0.44820115,0.09502422,0.24841596,0.35750985,0.20994164,0.4564774,-0.38917854
1282,-0.07020538,0.35659653,0.2669254,-0.46832561,0.3143664,-0.32684895,0.2734382,-0.37477666,-0.5233698,-0.12407887,0.024302153,-0.4983287,-0.14330842,-0.0027777182,0.21529329,0.3030809
1731,-0.08390163,0.17146218,0.09602331,0.20752636,-0.30342692,-0.07692197,0.011716515,-0.307041,-0.31335187,-0.3986556,0.017826889,-0.4180668,0.2541516,-0.17540748,0.47718823,0.24242258
1057,0.2943766,0.3953803,0.16904573,0.19654767,-0.13907225,-0.37248516,0.3349952,-0.48133242,-0.5291072,-0.37297678,-0.3023451,-0.13847986,0.076274544,-0.24036796,-0.35335127,0.13493188
1043,-0.20452785,0.24548484,0.2773641,0.08608785,0.18950519,0.32657537,-0.14027911,-0.22447923,-0.05651831,-0.5060105,-0.16105944,0.03428863,-0.04394562,-0.08584661,-0.2311559,-0.15302263
1725,0.32944036,-0.23971339,0.57767916,0.095229045,-0.18493882,0.3453056,0.13714488,-0.21631157,-0.4691533,-0.37317568,-0.19502278,-0.058240343,0.22290021,-0.20777248,-0.22284235,0.21638025
299,0.5423864,-0.039555565,0.29946303,0.4319848,0.17300135,0.3142825,-0.386329,-0.23925744,-0.43721622,-0.26585802,-0.17710663,0.33826903,-0.00064810354,-0.2077467,0.25934452,0.19931349
1719,-0.4919557,-0.4078369,0.7468382,0.278141,-0.32800704,-0.18389633,0.71008486,-0.056014057,-0.21818976,-0.52145094,0.5767916,-0.13995486,-0.3536584,-0.14732653,0.32636532,0.3612089
266,0.29174402,-0.04997349,0.39097375,0.48452708,0.18762238,0.2933017,-0.32456544,-0.13887876,-0.18280484,-0.2508685,0.0344652,0.25320792,0.21756971,0.008749351,0.040371303,0.2167581
500,-0.13028494,0.29348302,-0.32694212,-0.41543406,0.33609274,-0.5907761,-0.6208248,-0.10145528,0.3981877,0.07091029,0.040233444,0.6266117,-0.054439515,0.2016895,-0.3082771,0.21193539
1094,-0.5528474,0.1744017,0.059515946,-0.48394224,0.59319925,0.5349475,-0.54419154,-0.4687963,-0.22909117,-0.62126386,-0.104917414,-0.7165303,0.3772449,-0.53519106,-0.80543494,-0.54993135
1080,-0.2638842,0.21680029,0.13437109,-0.36377022,0.42159995,-0.36604476,-0.123387165,-0.3640441,-0.6839389,0.14507288,-0.63162255,0.03146124,0.23094717,-0.5382,-0.5849176,-0.38567755
514,0.442392,0.268227,0.15397626,0.45648977,-0.0499271,0.03138703,-0.2311151,0.13809782,-0.47924325,0.019815462,-0.3719455,0.3676476,-0.171616,0.05558432,0.29237142,-0.12966275
272,-0.2170608,0.048470292,-0.20604162,0.346364,0.4567961,0.07497995,-0.094693646,-0.3235875,-0.12846714,0.30817294,-0.31275472,0.29011822,0.5743229,-0.47068936,0.6315387,0.057970192
1916,0.14624503,0.3391012,0.20581804,-0.19331004,-0.037323564,-0.27072024,0.314214,-0.20074959,-0.38955617,-0.29579136,-0.16586612,-0.2927071,-0.011525739,0.06925685,-0.045054566,0.05993648
1902,0.383775,0.43552583,0.38828,-0.47488147,0.034044478,-0.23415329,0.56981444,-0.4932238,-0.46741363,-0.19941154,-0.29652074,-0.35108072,0.074009754,0.22713932,0.019826317,0.3373069
258,0.08800916,-0.38341674,0.07521542,-0.13120438,-0.55613166,-0.33504725,0.10113801,-0.21692044,-0.070909426,0.108031206,-0.54451716,0.55962354,0.05424113,0.122404225,0.011720717,-0.42483795
1914,0.39496407,0.68268967,-0.20539673,-0.33416536,0.12584496,-0.16915344,0.267448,-0.34057283,-0.51095533,-0.106136985,0.22440484,0.0068336674,0.15716372,-0.025155414,-0.4259768,0.3068635
1900,0.1501599,0.42684343,0.2712804,-0.06911582,-0.1950324,-0.1648744,0.36272186,-0.23751117,-0.31879413,-0.33735475,-0.043820437,-0.3756286,0.13984074,-0.14874434,-0.03704537,-0.024717689
1096,-0.2164583,-0.548121,0.5165803,0.10640738,-0.17519127,-0.19062996,-0.07372796,-0.00011244416,-0.28735098,-0.17640395,-0.4416092,0.24319063,-0.09980086,0.005513843,-0.38492054,0.20727728
502,0.17473553,0.32310098,-0.1807022,0.20936999,-0.10257356,-0.14225519,-0.29638353,-0.009180027,0.18632787,-0.19897586,-0.10027839,0.33976808,-0.04336234,0.23298725,-0.0126420455,0.018093314
264,-0.03401801,-0.39224714,-0.28066722,0.065164804,-0.24971983,-0.07667415,0.05601112,-0.1631887,-0.19440389,-0.0745053,-0.14619331,0.050783627,-0.006148775,0.0475767,-0.008440466,-0.1647874
1928,0.46709064,0.20960146,0.025902862,-0.41880906,-0.09082597,-0.109067395,0.37186775,-0.15457489,-0.2988849,-0.4217249,-0.25091055,-0.036472954,-0.06831836,-0.2345196,-0.01941586,0.32224038
270,-0.19283138,-0.35870245,-0.04274633,0.14438584,0.37672105,0.4232041,-0.06336194,-0.6422885,0.025851017,0.2105199,-0.4400518,-0.06659399,0.3168155,-0.1632958,0.58491373,0.29606357
1082,-0.6038938,0.040273856,-0.17461847,-0.321543,0.3393091,0.09660349,0.048582356,-0.10206231,-0.43114495,-0.31733292,-0.3670609,0.11168005,0.39401245,-0.31892785,-0.3752102,-0.3230934
1069,-0.4763414,0.48517427,0.18856855,-0.6013001,-0.018761111,0.13895395,0.7265532,-0.6568262,-0.2568303,-0.889987,-0.56161445,-0.5307721,-0.7693684,0.74873966,0.70028186,-0.791378
1055,0.55858135,0.29196563,0.37490135,-0.31969237,-0.14788291,-0.14329997,0.3938614,-0.47213718,-0.3354958,-0.16143738,-0.27421698,-0.37906286,0.04634728,-0.1345741,-0.25810918,0.34835052
1733,-0.38505143,-0.063881844,-0.070774585,0.1795447,-0.30212805,0.13207054,0.23978473,-0.19356118,-0.38645923,-0.30357814,0.10706561,0.09199526,0.031154731,0.05949353,-0.14048015,0.6831077
1727,0.25990763,0.00014710054,0.18366984,-0.40162352,-0.10226825,-0.20879132,-0.09230308,-0.17318207,-0.5238083,-0.43756714,-0.3111557,0.10098214,-0.17884655,-0.13383336,-0.03313564,0.026474502
1041,0.06379408,-0.17809707,0.2767446,-0.17776456,0.24198015,-0.0635766,0.068485826,-0.25991592,-0.32441637,-0.16970997,-0.4462959,-0.19953668,-0.08234041,-0.2897805,-0.34566218,-0.18154916
728,0.1534228,0.045811363,-0.27109113,-0.086153805,-0.22644503,-0.15742731,-0.335837,-0.2858055,0.005691072,-0.1417864,-0.24764791,0.63586074,-0.032881435,0.7608442,0.31667465,0.21223727
700,-0.20900768,-0.31186134,-0.11604798,0.5699229,-0.13198353,0.1561619,-0.102222376,0.00046652553,0.05458008,0.32143313,-0.1335637,0.50562054,0.12346451,0.24922793,-0.31317276,0.12833372
1294,0.21022941,-0.071657725,0.27424398,-0.22169362,0.11891023,-0.10425052,0.22404027,-0.3326628,-0.3623099,-0.27146655,-0.14723626,-0.6087887,0.11519371,-0.11330299,0.009775626,0.30547425
1280,-0.2692115,-0.15230267,-0.030385287,0.06315995,0.024346458,0.064325646,0.3027402,-0.22100672,-0.08418139,-0.13944033,-0.35773778,-0.11305702,-0.06703254,0.16256967,-0.24412145,-0.39038056
714,0.2596649,-0.44678903,-0.47431993,0.32881218,0.20611781,-0.358744,-0.5407296,-0.27261287,0.11483997,0.3094527,-0.37234935,0.29265118,0.26662153,0.25771365,-0.02805266,0.070819154
2004,0.46484315,-0.47043833,-0.29895848,0.07084089,0.020604875,-0.18328235,-0.08033021,0.019899907,-0.0063013644,0.08710681,-0.07087625,0.40962172,0.21966797,0.11223815,-0.08341173,0.3186469
1519,0.2545515,0.14797874,0.119965136,-0.58767253,0.20715779,0.36652592,0.18670146,-0.5673256,-0.20583208,-0.08142892,-0.28235656,-0.3326219,0.039075173,-0.17718635,-0.6428165,-0.41177905
2010,0.19850706,-0.26988184,-0.31833982,0.4360927,-0.15536468,0.4013447,0.09220115,-0.2558649,-0.59611905,-0.3315614,-0.024153324,0.1846336,0.31614035,0.021470554,0.20042858,0.081614085
1531,-0.08958454,0.088809244,0.4770406,0.17899433,0.3278579,0.4747273,-0.27955884,-0.08613108,-0.4917479,-0.50176674,-0.19379453,0.0024252762,0.42243296,-0.60749006,-0.30293512,0.101301275
2038,0.14580879,-0.183276,0.37163323,0.43144757,-0.03526175,-0.3615046,-0.30890295,-0.16952269,-0.014040143,-0.06201706,-0.051449507,0.16328356,0.30547556,0.08704609,0.051999476,0.08018459
1257,-0.2805722,0.06554816,0.5545655,0.06417694,-0.29008996,0.4277108,0.5097544,0.0452401,0.025592802,-0.49956676,-0.074468955,-0.17744456,0.19984955,-0.34430277,0.12460234,0.34138098
1243,0.37731206,0.29913467,0.4436522,-0.22806875,0.12628235,0.07755452,0.39053655,-0.23039003,-0.32994056,-0.059887394,0.009769769,-0.29438704,0.099958815,-0.12942885,-0.17252661,0.2422913
1525,0.31335276,0.15760922,0.25007984,-0.11046725,0.22464557,-0.086793005,0.068889596,-0.07288179,-0.35975593,-0.5041611,0.021707008,0.17931364,-0.08489593,-0.33611473,-0.1964111,0.20499142
890,0.08652688,0.003570333,-0.10070983,0.29516914,-0.19474581,-0.11971383,-0.19876662,-0.022852829,-0.36971304,-0.3510759,0.01073133,0.22204603,-0.03552974,0.23364393,0.16700065,0.36709753
648,0.09377089,-0.64140904,-0.6156289,0.36192968,0.24712466,-0.3868206,-0.4493736,-0.3849771,-0.3734327,0.17009386,-0.27394733,0.17913435,0.41508064,0.4193918,0.57154256,-0.30059502
884,0.24299574,-0.31631497,0.0005655139,0.3033502,0.34827292,0.13790762,-0.53995395,-0.32247853,0.050745387,0.15803522,-0.033623014,0.20750415,-0.0039460678,-0.09425937,0.15505399,0.23953314
112,-0.15386422,0.4976851,0.09841164,-0.12894216,0.118932284,-0.07571786,-0.13422476,-0.24942014,0.41279513,-0.14601506,-0.36746767,0.33064914,0.08602498,0.35736203,0.26144597,0.097474165
1486,0.06620932,-0.3125111,0.27383852,0.36216787,-0.19503164,-0.022711454,0.17395233,-0.098666586,-0.16483721,-0.25075015,-0.02767572,-0.03064634,0.06797139,0.18617058,-0.22172661,-0.008387242
674,0.04552754,-0.5900269,-0.38096848,0.33016673,0.023108134,-0.41770992,-0.41338086,-0.26500747,-0.38275665,0.2431355,-0.37633216,0.10817205,0.50160754,0.3535499,0.47599435,-0.24573271
660,0.27996516,-0.0325003,-0.43429628,0.26790693,-0.40963286,-0.12154462,0.22341089,0.08706949,0.0343738,-0.006989607,0.19663039,0.573814,-0.10368212,0.020259684,0.13978913,0.38691944
1492,0.38218266,-0.16062926,-0.13707444,0.25488403,-0.55864936,-0.13819255,-0.012661408,-0.60914886,-0.073552065,-0.111021034,-0.1525929,0.093477495,-0.36755565,-0.3836386,-0.37443507,0.29557222
106,0.1713442,-0.12889493,-0.50686806,0.5622832,-0.025241684,-0.5030314,-0.29176572,-0.2730592,-0.18950489,0.23832208,-0.43163484,-0.05573989,0.11859073,0.3872947,0.34203476,-0.25564787
1479,-0.037778664,0.00065242115,0.026312305,-0.12912202,-0.039197147,-0.12433757,0.15146482,-0.09834927,-0.019993486,-0.4282038,-0.15587898,0.007873985,-0.28576592,-0.039241605,0.10623448,0.0661044
13,0.37298083,-0.13589905,-0.03249697,0.122549646,-0.4399607,-0.25440714,-0.11989349,-0.30509079,-0.15370679,-0.06726592,-0.44294092,0.43413875,0.10982588,0.41547373,0.12704591,-0.17996258
1445,0.23220423,-0.14759904,0.22569972,-0.43411008,-0.29365382,-0.09606286,0.3077204,-0.046312165,-0.3094836,-0.45739976,-0.24969147,-0.15185142,0.10470163,-0.18908857,0.14896716,0.18708667
1323,0.12756266,-0.120505676,0.49410623,-0.050356124,0.03314512,0.36114532,0.15183955,-0.31792006,-0.39554194,-0.2799184,-0.28256148,-0.13879879,0.45767656,-0.23187543,-0.3882459,0.14730103
1337,-0.4964382,0.16055264,-0.24923654,-0.21038608,0.47695988,-0.55344874,0.38413167,-0.47342366,-0.48679855,0.40553117,-0.27313325,-0.19282828,0.0084142415,-0.24337037,0.063654214,-0.46632767
1451,-0.09887372,-0.1096458,0.038743462,0.13164887,-0.11019448,0.013648184,0.16127585,-0.14247721,-0.14212154,-0.25758985,-0.18679863,0.10490816,0.093607545,-0.20476896,-0.09907775,0.21968894
1860,0.103995144,-0.14483173,0.32166117,0.19498332,-0.4690896,-0.2524909,0.32617193,-0.3517613,-0.11660294,-0.2178151,-0.013641025,0.1730894,0.10901621,0.30669647,-0.21307364,0.36929667
1874,0.23602916,0.38049972,0.0043333797,-0.28510195,0.043406684,-0.09553481,0.34789914,-0.5927482,-0.59868556,-0.4066005,-0.38570127,-0.1544109,-0.16941404,0.2952048,0.009248902,0.3530961
338,0.19184048,-0.013439103,-0.029235464,0.23348701,-0.057393916,0.055471208,-0.23831329,-0.13197967,-0.04531325,-0.10394149,-0.19225983,0.5654468,0.18687214,-0.22717692,-0.118180096,0.19550362
1684,-0.18219422,0.12198842,0.015276264,-0.41295087,-0.24273568,0.011821792,0.3935799,-0.1908614,-0.35792953,-0.19646508,-0.32110012,-0.2412185,-0.29869452,-0.2867384,0.26762128,0.42776555
310,0.22692025,-0.47905493,0.22649463,0.06372532,-0.2935479,-0.28307426,0.16213535,-0.21553147,-0.0019997929,0.06624637,-0.5565184,0.41757327,0.0024306278,-0.2847789,-0.22093883,-0.22120939
1848,0.46296602,0.23298855,0.03342401,-0.28219196,0.12836836,-0.16264607,0.29047054,-0.16731912,-0.42055875,-0.25861603,-0.152733,-0.27413902,0.110161476,-0.2562392,0.06052973,0.3400331
304,-0.26772636,-0.26016572,-0.5083736,-0.046968285,-0.16199975,0.26299596,-0.11404131,-0.2552408,-0.064314045,-0.2293462,-0.13595276,0.42215475,-0.11930924,0.18611595,0.2025343,0.13143848
1690,-0.37465945,0.006417313,-0.027234552,0.30417508,0.007100962,-0.09009969,0.17972419,0.045543235,-0.13479568,-0.48697972,0.069468364,0.06478835,-0.24245273,0.010553892,0.053790174,0.36445466
462,-0.010354736,0.10453659,-0.006138799,0.8472541,0.22968064,-0.5831671,-0.35909906,-0.304561,0.27933463,-0.08696094,0.49377373,0.32202956,-0.18313543,0.17676586,-0.07434235,0.29483545
489,0.29147124,-0.02079898,-0.18214874,0.4205961,-0.15422896,-0.28450567,0.22267725,-0.096406184,-0.076827675,-0.117621735,-0.55121744,0.5380818,0.113260895,0.44048724,-0.023288736,-0.14636567
1109,-0.18919495,-0.5644715,0.46492612,0.20238759,-0.4801094,0.030740513,0.47622842,0.09484668,0.08523073,-0.37180218,0.31221154,0.28105003,-0.24709995,-0.06526942,-0.031249773,0.40502906
1121,-0.04917748,-0.3949648,-0.029045517,-0.21272595,-0.6938336,-0.5046506,0.1427946,0.09346096,-0.39622048,-0.30132666,-0.031024182,-0.09541809,-0.1858225,-0.24848624,-0.048498817,0.31928936
1647,-0.04717382,-0.030193057,-0.06506967,-0.17029047,0.25012645,-0.08162763,-0.11187716,-0.16076535,-0.30170932,-0.017253721,-0.256008,-0.20359056,-0.14461437,-0.1411273,-0.07581624,-0.19422527
1653,0.17224568,-0.09575761,0.17986265,0.14676002,0.11725736,0.5729371,0.0784034,-0.39984545,-0.25643831,-0.030489938,0.006859888,-0.17894459,0.16650793,-0.17078644,-0.40907606,0.46444777
1135,0.12801178,-0.39024994,0.6892311,0.25115725,-0.581679,-0.14978634,0.34318587,-0.10946717,-0.28164825,-0.30676055,0.33758524,0.2630464,0.34634057,-0.16994755,0.21214418,0.27137312
1652,0.22223535,0.24383007,0.1304971,-0.2539839,0.18013664,-0.05414246,-0.051327966,-0.28206044,-0.30154434,-0.17866896,-0.07579321,-0.04250346,-0.013696678,-0.11328677,-0.07875441,-0.010782832
1134,0.6409217,-0.42928687,0.4647371,0.24771813,-0.6431079,-0.27739033,-0.15752979,-0.13131998,-0.486566,0.08790485,-0.044821285,0.3173434,-0.5652599,-0.18501161,0.08345803,-0.08646014
1120,-0.010990304,-0.15603286,0.05298431,-0.14543706,-0.10816653,-0.12527436,0.036920477,-0.21267924,-0.31795573,-0.38613102,0.2344407,-0.16172192,0.12541623,0.0017952303,0.5028993,0.42290264
1646,0.26390678,0.17933656,0.1765764,0.40600875,-0.43656552,0.3224591,0.1322262,-0.37087634,-0.42525688,-0.4146706,-0.20759232,-0.082366586,-0.15273055,-0.31514964,-0.0766293,0.33058646
1108,-0.04285756,-0.31875622,0.040878218,-0.2012288,-0.29310384,0.16548884,0.5031652,-0.197679,0.14573666,-0.27582768,0.033572868,-0.019002397,-0.019312335,-0.0026410832,0.07730682,0.59394586
488,0.083217226,-0.16521838,0.359658,0.19350205,-0.2903031,0.34556955,0.3007678,-0.20541862,-0.5913728,0.004309339,0.2606524,0.46265587,0.2975117,-0.0011883745,0.08198873,0.47776997
1691,-0.40177333,-0.17626284,-0.16473936,-0.084980056,-0.24761035,-0.014524265,0.19679338,-0.20289624,-0.37698993,-0.12379562,-0.23284356,-0.2073279,0.15901531,-0.207984,0.2076942,0.3718165
305,-0.02067427,-0.08379982,-0.34246302,-0.09453034,-0.5162681,-0.13078696,-0.04408455,-0.6871015,-0.3679022,-0.32675174,-0.47424504,0.55087715,0.14061081,0.7210473,0.35699984,0.12539546
1849,0.086572826,-0.019745514,0.340664,-0.16126086,-0.079069115,-0.09215305,0.21534124,-0.19191696,0.008908126,-0.3767074,-0.44350967,-0.16338347,-0.07872562,0.13508412,-0.21532373,0.026894229
463,0.015147597,0.45567566,0.27265066,0.2449242,0.085414775,-0.21495467,-0.6008517,-0.02690842,0.09380447,0.2552619,-0.25416702,0.22877966,0.48661128,-0.243432,-0.12728046,0.087225996
477,-0.7224629,0.7109083,0.16988726,0.22966711,0.012285102,0.16911182,-0.6345757,-0.22470345,0.79657763,-0.85937095,-0.87262994,0.42569664,-0.17748372,-0.5783277,-0.44606873,-0.71908706
311,0.19388333,-0.2852061,0.087463275,0.045429498,-0.123144425,0.017489675,-0.25407425,-0.18697773,-0.11149241,-0.4404203,-0.0343218,0.2043329,-0.12935993,-0.032073557,0.09130959,-0.1553165
1685,-0.11736646,-0.024329104,-0.1482543,0.33165285,-0.25952792,-0.6389222,0.010209127,-0.56653774,0.007663726,0.2378642,0.113812566,-0.37725088,-0.31891334,0.14034913,-0.35119072,0.44222862
339,0.29945445,0.40262166,0.7425443,-0.18861602,0.23129682,-0.09008157,-0.28737038,-0.31262684,-0.089937046,-0.12679283,-0.62299687,-0.61421084,0.28815454,-0.48990098,0.055146933,0.4348043
1875,-0.53247803,-0.12639482,-0.1327401,0.32516998,0.5730348,0.290313,-0.34126598,0.19177929,-0.19433564,-0.49156693,-0.27141032,-0.61981535,-0.008597557,-0.47619024,-0.6695362,-0.26749107
1861,0.4578707,-0.078901246,0.13562697,0.228053,-0.3545452,0.39760303,-0.14002325,-0.39562348,-0.40472052,-0.49037588,-0.24997404,-0.48944464,-0.07268376,-0.54249364,-0.59749824,-0.102940984
1336,0.26061666,0.046009857,0.13339414,0.006064862,-0.20473084,-0.25578386,0.36624247,-0.028592294,-0.48807976,-0.5189975,-0.007900178,0.1179385,-0.011574109,-0.4163575,-0.16833287,0.3130321
1450,-0.30149475,-0.05535721,0.22050346,-0.3511755,-0.1301165,-0.30545187,0.19489022,0.015239124,-0.26230046,-0.3028003,-0.38395086,-0.39211756,-0.0851077,0.052950103,-0.12256458,-0.19632423
1444,0.29061717,-0.38016418,0.27668318,0.0015792759,0.06647758,-0.19566752,0.22282979,-0.3524407,-0.36432567,-0.16002136,-0.18272565,-0.10247006,0.036772136,-0.28713104,-0.25359583,0.36583796
1322,0.19476439,-0.01754098,0.107702404,-0.3728235,0.29703394,-0.14774176,0.20170222,-0.31251934,-0.54503787,0.0030124786,-0.27028465,0.09084377,0.39943278,-0.51189035,-0.38382375,-0.2856352
846,0.109115615,0.14839104,0.1354378,0.43745658,0.020182505,-0.24254663,-0.17580704,-0.13016576,0.3870719,0.020705974,-0.2762378,0.6395498,0.20885377,0.15159819,0.18476404,0.31451502
1478,-0.09269797,-0.3000101,0.03281586,0.41916206,-0.12723742,-0.1053293,0.3281137,-0.23750415,-0.27768996,-0.21198188,-0.46552926,0.017754447,-0.080280416,-0.40130427,-0.26651725,0.10994734
852,-0.0066496255,-0.44184095,-0.29967284,0.52427393,-0.1829497,-0.13041925,-0.11215539,0.06754745,-0.2528265,0.007710943,-0.26654866,0.12782227,0.4147813,0.1290706,0.25735965,0.32590005
12,0.20291361,0.2081593,0.25730795,0.46628287,0.14037894,-0.35173717,-0.2335618,-0.4520628,0.077742964,-0.09610484,-0.5066483,0.47306186,0.16266128,-0.05267949,-0.24628831,0.2481024
661,0.06992997,0.1833343,-0.3836454,0.09553472,-0.0674568,-0.56491214,-0.35540497,-0.17932479,-0.12164863,0.121705465,0.17182429,0.5503648,0.19809256,0.6612486,0.2591942,0.45380783
107,0.44035003,0.43878454,0.29373574,0.20001413,-0.21304539,0.14758784,-0.39573416,-0.5092984,0.50453526,-0.4108182,-0.29283804,0.17119661,0.30425584,0.33442554,0.0021188078,0.023383854
1493,-0.73983145,0.81953144,-0.3435183,-0.63590956,0.7634745,0.82676524,-0.35613644,-0.35635942,0.4601942,0.30988652,0.7477809,-0.76763666,0.37646192,-0.07696931,-0.7520523,-0.44880837
1487,0.44032592,0.04457312,0.36144295,0.48416832,-0.26268944,0.26953843,0.13520776,-0.25089064,-0.64507914,-0.52824163,-0.32615668,-0.11133487,-0.21855882,-0.48671958,-0.00435322,0.23328373
113,0.5346099,-0.18085547,-0.3921083,0.20002897,0.3210408,0.11567918,-0.1888712,-0.43630874,-0.017096173,0.10502656,-0.2311891,0.14962615,0.68214774,-0.17528385,0.26139733,0.21602152
675,0.3345811,-0.3541933,-0.10571811,0.17438826,0.09105527,0.33043373,-0.22820726,-0.32259268,-0.33398378,-0.29465285,0.1766714,0.44556507,0.4473073,-0.23321125,0.22356665,-0.12907796
649,-0.03709441,-0.4648697,-0.4186111,0.2203417,0.39946163,-0.48249307,-0.3031771,-0.10861543,0.14357175,0.113135934,-0.26826984,0.16311,0.31251323,0.056353197,0.23306061,0.044510446
891,0.23418932,-0.2405586,-0.075528055,0.49963638,0.3869578,0.0020028623,-0.1889725,-0.45004347,0.09582919,0.07162686,-0.32575345,0.46906123,0.35729074,-0.3221331,0.48541835,0.18764202
1242,0.30895147,-0.09709963,0.28889754,0.15722309,-0.537785,0.25086814,-0.14750709,-0.24605717,-0.40919286,-0.26619872,-0.21924534,-0.529984,-0.00631593,-0.30118555,-0.29464328,0.020591224
1524,0.4810034,0.048272584,0.31434733,0.16187242,0.018450517,0.14422679,0.119064815,-0.4375799,-0.5956264,-0.595702,-0.35835543,-0.22789972,-0.0997169,-0.69350433,-0.013806405,0.33863425
2039,0.36460868,-0.26723984,-0.1276924,0.15547064,-0.17991114,0.04610064,0.11540669,-0.068867624,-0.08116383,0.0038064963,-0.36457992,0.5057937,-0.013028137,0.10997459,-0.28300798,0.118221775
1530,-0.28519118,0.3011172,-0.03380701,-0.03609923,0.3792686,0.06856258,-0.30108637,-0.0060243993,-0.46791518,-0.3840699,-0.44448218,-0.26823035,0.13001822,-0.5337429,-0.26149505,-0.29619408
1256,0.15569243,0.0707326,0.14219095,-0.25334442,-0.028734904,-0.2007241,0.41341847,-0.05950049,-0.33044583,-0.1305035,-0.1748813,-0.34799898,0.11877541,-0.19159085,-0.12144643,0.34435847
932,-0.013072769,0.11261622,-0.31162587,0.31073046,-0.033562824,-0.086836345,-0.015913514,-0.13263987,-0.21899104,-0.1821762,-0.118361115,0.13477644,0.024032002,0.32067287,0.08229777,0.16224025
2011,-0.21824728,0.44411168,0.01348448,0.40489024,-0.110659376,-0.318321,-0.3608161,-0.21741554,0.4494124,0.1724167,0.011737344,0.37750778,-0.20018296,0.3010538,-0.1098761,0.487829
1518,0.11163007,0.12904646,0.18934284,0.036291704,-0.10441968,-0.06683642,0.11170186,-0.13364066,-0.12435533,-0.23209956,-0.06798767,-0.023583682,0.12088857,-0.22118196,0.01586737,0.25676987
2005,-0.07243252,0.07799993,-0.07242634,0.48575982,-0.05916715,-0.3485497,-0.095945574,-0.15536095,0.002878725,-0.1596168,0.071674064,0.20044136,-0.09789266,0.36110964,0.05569621,-0.067137
926,-0.18302953,-0.43072522,0.4681248,0.056632906,-0.22073255,-0.19485863,-0.56640035,0.011101594,0.036797605,-0.24335231,-0.030523986,0.491936,0.40952474,0.075007156,-0.06384355,0.5612872
715,-0.15604657,-0.4605325,0.19758779,0.4891977,-0.4330471,0.34459114,-0.14980324,0.095824726,0.21470161,0.49446198,0.2750963,0.54621017,-0.18701379,0.40923646,0.24157171,0.28710142
1281,-0.1631982,0.2437467,-0.070787735,-0.21440105,-0.42130747,0.0976817,-0.015226208,-0.02623636,-0.7202376,0.2143379,-0.10157031,-0.25060257,-0.3317045,-0.1770536,0.24675646,0.36361626
1295,0.3728605,0.1897796,0.15934768,-0.32616344,0.07727552,-0.02615012,0.091931395,-0.2364785,-0.46047577,-0.40826136,-0.15447746,-0.4712783,-0.076396585,-0.17577986,-0.07917537,0.10288314
729,0.11865479,0.03352184,-0.18816087,0.1282423,0.0476502,-0.16246359,-0.12774359,0.027552588,0.0695224,-0.07368557,-0.099214174,0.049891002,0.03656077,0.24478951,-0.08122372,-0.16499342
1726,0.26536867,-0.10244086,0.33739808,0.08202604,0.006160959,-0.15912573,0.094502255,-0.112755395,-0.15023535,-0.29815143,0.089228466,0.33890852,0.040664576,-0.4257191,0.02361567,0.2303164
1040,-0.026555065,-0.03886122,0.35824543,-0.15265125,0.10385735,0.041217864,0.07258265,0.05204198,-0.1558226,-0.36190328,-0.16447715,-0.32443714,-0.1685129,-0.093931116,-0.044567827,-0.120298766
1054,0.25799477,0.32622376,0.45090026,-0.28885767,-0.084258206,-0.18457192,0.43159896,-0.17450885,-0.2565891,-0.30038038,-0.08471469,-0.048486322,-0.10502518,0.1427472,-0.12855522,0.056434803
1732,-0.18143965,-0.44255066,-0.058928385,0.053852204,-0.3559191,-0.38093537,0.2942526,-0.42572013,0.00683446,0.1686858,-0.41047665,-0.02195473,-0.3316815,-0.41415027,-0.03772958,-0.17469549
1068,0.1440483,-0.15608177,0.21276847,-0.15669075,-0.0052029868,-0.38289723,0.31569946,-0.124712154,-0.40408748,-0.018823225,-0.3823735,-0.23454915,-0.20447162,-0.27288437,-0.19456296,0.14810228
1083,-0.50394934,-0.044729307,-0.116334096,-0.1471354,0.35001734,0.09312516,0.06554731,-0.16486073,-0.12573296,-0.32868943,-0.31804547,-0.26747522,0.083917476,-0.0888503,-0.38066056,-0.177798
503,0.34962615,0.28855607,0.117512636,-0.02528063,0.15180686,0.16533147,-0.61911887,0.026218565,-0.012504581,0.09166178,-0.5984638,0.6922809,0.2322415,0.028179403,0.116534434,-0.36342353
1097,-0.38681155,0.09320281,0.17832306,-0.16340211,0.04782043,-0.19765812,0.30390733,0.20622477,-0.18646921,-0.12379355,-0.21991956,-0.25857574,0.046331502,0.10001758,0.21536417,0.39993194
1929,0.42981902,0.2938263,-0.091959424,0.25447342,0.026358083,-0.08573988,0.3421651,-0.29127145,-0.41047904,-0.45181674,-0.025688553,0.10153105,0.025608467,-0.34308285,-0.008568286,0.08665205
265,-0.43408197,-0.13740209,-0.21414874,-0.40342006,-0.023966454,0.53894067,0.29670793,-0.20640579,0.016647529,-0.00652088,-0.044978194,0.36557263,0.43173653,0.4580085,0.11271806,0.16213997
1901,0.26711592,0.17483658,-0.083730996,-0.57110083,-0.09199642,-0.15947536,0.27603897,-0.140946,-0.15043767,-0.61269474,-0.41755742,-0.4086905,-0.07585974,0.30098763,0.00800515,-0.041312434
1915,0.12300885,-0.008500267,0.31201532,-0.27289855,0.012774186,-0.15448616,0.2850459,-0.36444297,-0.31998748,-0.08331096,-0.21750237,-0.3343149,-0.066385694,0.016195796,-0.13156909,0.30750114
564,0.34425795,0.11179286,-0.2428117,0.5274258,0.16401595,-0.04692443,-0.43499503,-0.3390524,0.07154263,0.58705354,-0.4448622,-0.02394767,0.55460113,-0.14848825,-0.06684795,-0.3219897
1796,0.3041612,0.32024583,0.18019764,-0.024164435,-0.24064194,0.08604401,0.26610455,-0.17833917,-0.399491,-0.4047708,-0.04997722,-0.27937105,0.06832972,-0.15445372,-0.31901282,0.085260235
202,-0.50818074,-0.0553981,-0.27023593,-0.050805,-0.23641412,0.52003926,0.24197207,-0.112767965,0.3519932,-0.3456887,-0.07873788,0.42760688,0.3663702,0.56164217,0.19334297,0.44858494
216,0.06274694,-0.3739492,-0.261803,-0.036404535,-0.27580136,-0.23668955,0.040755387,-0.27467984,-0.34056556,-0.20679736,-0.119971804,0.5061561,0.17589256,0.73707,0.27377433,0.27693903
1782,-0.01051384,0.21079424,-0.2891357,0.08341608,0.09260134,-0.2884213,0.017274192,-0.18784525,-0.5910037,-0.14063959,-0.118654095,-0.39001045,-0.4017198,0.08861628,-0.13994326,0.75555044
558,-0.42486805,-0.16439977,-0.09403785,0.26682588,-0.53185356,-0.5619085,0.3765333,-0.5128696,0.284232,0.24964164,-0.7828817,0.51288277,0.15354949,0.12967254,-0.26063472,-0.031806447
1972,0.07067736,0.27511588,0.1321125,-0.037135415,-0.15864517,-0.061370242,0.019656064,-0.10860579,-0.34774062,-0.017727358,-0.109089434,-0.023867793,0.18073867,-0.42145523,-0.18011546,0.110807836
1966,0.02884476,0.12251037,0.24433051,-0.09254513,-0.32565728,0.21382077,0.22045541,-0.48632497,-0.08094601,0.006156416,-0.20774701,-0.008123586,0.25911808,-0.057766434,-0.054508653,-0.09905333
1033,0.46256742,0.13515186,0.14267781,-0.25849202,-0.05426537,-0.12164449,0.36888605,-0.41780367,-0.41548964,-0.34140155,-0.04452835,-0.46197107,0.07906162,-0.27986065,0.16629323,0.3465215
1755,0.09001222,0.008271695,0.37189156,0.05887757,-0.24115624,0.32002857,-0.16564861,-0.5235696,-0.4613259,-0.10668696,-0.16053039,-0.04139056,-0.17710224,-0.6357066,-0.13745238,-0.0066141114
1999,0.346607,-0.048955396,0.26155156,-0.33798915,-0.10059672,-0.09987618,0.21786596,-0.37340197,-0.38771573,-0.6031237,-0.33059192,-0.29724494,-0.07978516,-0.31419116,-0.045319892,0.18975897
1741,0.28385696,-0.49533236,0.6428906,0.15992108,-0.6203146,0.03912845,-0.28180915,-0.6145317,-0.34382865,-0.37962067,0.29562482,-0.501363,0.5274726,-0.29859245,-0.20389171,0.016866526
1027,0.40703604,0.18887036,0.072012484,-0.21567169,-0.110327706,0.052229192,0.33906776,-0.32832527,-0.4296959,-0.34462917,0.07206459,-0.202088,0.19187386,-0.32623023,-0.005858682,0.24051064
1769,0.0129634105,-0.4215166,0.4215126,0.23166925,0.44104603,0.10434275,0.16330898,0.029861212,-0.5300995,-0.23832096,-0.21326464,-0.3240143,-0.0022278763,0.011533367,-0.11064138,0.32902518
1594,-0.3379535,0.14081961,0.090908684,0.026358673,0.030774008,0.10716866,0.020214478,-0.1906193,-0.2415792,-0.6439597,0.08013497,0.48852202,-0.074058816,-0.058568716,-0.28181148,0.17322925
1580,-0.038069837,-0.27452666,0.63892335,0.03961798,0.19630276,0.53402805,-0.12782693,-0.0011108587,-0.39849153,-0.620491,-0.33559394,-0.4449511,0.4615028,-0.5899265,-0.43948087,0.39083576
996,0.034009792,0.30816877,-0.051866796,0.3493715,-0.031674493,-0.027705045,-0.35216627,-0.20381196,0.36686873,-0.5691036,-0.1131599,0.2943922,0.4459017,0.17757487,-0.108176775,-0.07417452
1557,0.03181627,-0.20030212,0.40677804,-0.4485947,0.3620596,0.14018361,-0.019549781,-0.5664907,-0.116359636,-0.17210855,-0.20735648,-0.5827641,-0.11819785,-0.39992827,0.013088842,-0.4081284
1231,-0.0059220805,0.22524774,0.22660565,-0.19871238,0.17241938,-0.08331199,0.34021062,-0.23041604,-0.3358135,-0.18392058,0.13077492,-0.40520197,-0.060042486,0.35817578,0.1872923,-0.17120631
1225,0.29312795,0.14754589,0.43484768,-0.04052103,0.030371942,-0.18010376,0.3897835,-0.51325,-0.47359762,-0.3252032,-0.08980119,-0.30830967,0.10754547,-0.26904333,-0.15059443,0.0035318008
1543,0.08487726,0.3063871,0.10017662,-0.08704733,-0.21461688,-0.078073226,-0.20825492,-0.08080966,-0.44934297,-0.23126945,-0.0077931345,-0.24401674,0.038092524,-0.49743196,-0.23370051,-0.0374539
941,-0.10394101,0.078034066,-0.14236948,0.38623813,0.5118911,-0.4178774,-0.5242302,-0.43541405,0.2984444,0.16486613,-0.37439492,0.44137648,0.27911887,-0.06769839,0.17607272,-0.04030894
799,0.29320985,-0.021098496,-0.092134945,0.018942488,-0.19500656,0.17236426,-0.41095865,-0.46572953,-0.009273696,-0.20084949,-0.021816896,0.28225702,0.16201362,0.47748113,-0.07100945,0.2676875
955,-0.21581393,-0.17126215,-0.0053194556,0.08639637,-0.6020513,-0.2727956,-0.23001602,0.09385755,0.22969113,0.2758755,-0.3479666,0.64140755,0.48114684,0.23735656,0.064718045,0.42808303
1219,0.028063526,-0.40458462,0.34563217,0.06820127,-0.17166188,0.1993707,0.28846043,-0.1692044,-0.2893051,-0.21059233,-0.06653466,-0.102797925,-0.20191124,-0.42815202,0.22021556,0.26504064
174,-0.24059813,-0.09366922,-0.40036696,0.42364806,0.11188167,-0.14326467,0.23026188,-0.127797,-0.16470133,0.022130039,0.058276735,0.23497078,0.51796085,0.14456573,0.22393854,0.47124374
612,-0.2373789,-0.057974134,-0.2339865,-0.45141843,0.30963466,0.39493072,0.39994448,-0.24234748,0.05777586,-0.14804694,-0.06955299,0.46171534,0.29447278,0.34080914,0.17021658,0.33293447
1386,0.23117238,0.3175567,0.16326685,-0.07710946,-0.15534966,0.16241439,0.4150848,-0.23193307,-0.34186432,-0.18924774,-0.29668307,-0.59815365,-0.00814773,-0.08654686,-0.11018061,0.43133393
1392,0.14369573,0.68125486,-0.035204787,-0.6093003,0.5781356,-0.23242408,0.4639456,-0.2821664,-0.25055325,-0.16424428,-0.0011253874,-0.5089592,-0.04273544,-0.07579995,-0.10179497,0.08402931
606,0.5184716,-0.054933336,-0.36491624,0.4889805,0.1917289,-0.09857521,0.013241547,-0.2247333,-0.111304626,-0.2684422,-0.06756359,0.43373466,0.41312322,0.01789761,0.20763476,0.08251376
160,0.027210908,-0.26355076,-0.51615083,-0.010462245,0.17742339,0.061169706,-0.037709128,-0.122466065,-0.32373914,0.0552861,-0.13642499,0.115835056,0.38461593,0.07994614,0.35683453,0.1784768
148,-0.45815766,0.5296403,-0.047366448,0.058241304,0.14933611,-0.102144934,-0.07124885,-0.17065135,0.19298114,-0.010811668,-0.13142027,0.40979016,0.2269895,0.24755403,0.2726439,0.26859376
1423,0.4774659,0.67532074,-0.27277508,0.20562513,-0.15524718,-0.033231318,0.28070778,-0.39239895,-0.58825576,-0.33735132,-0.4083839,-0.035776548,0.058199123,0.07925339,-0.33282584,0.2537442
49,0.45356837,-0.11779959,0.24442983,0.014060457,-0.21151893,-0.25032145,-0.061136946,-0.39562553,0.21571511,-0.19505332,-0.14291747,0.48874062,0.48460138,0.3107392,0.61235726,-0.061198857
1345,0.15555997,-0.24273354,0.61519736,0.33315566,-0.027120236,0.07553828,-0.099677935,-0.45506203,-0.45468011,-0.13996182,-0.35607383,-0.2117961,-0.08941139,-0.61656797,-0.38274753,0.08064894
1351,-0.12458019,0.42489037,0.0508103,-0.4323406,0.20876771,-0.23819584,0.1943006,-0.1206814,-0.49220306,0.10883829,-0.286792,-0.24300067,0.17976446,-0.44178727,-0.08233783,-0.09771078
1437,-0.1757604,-0.4600749,0.16763222,0.1947752,-0.13932467,0.28708613,0.12897763,-0.31361848,-0.26093763,-0.12667447,-0.53748316,-0.2382809,-0.082322516,-0.5457803,-0.46256793,-0.09897639
1379,0.18218435,0.31929237,0.12043038,-0.4316992,0.12833035,0.13869473,0.036315363,-0.094445154,-0.30002666,-0.19570787,-0.1278678,-0.34321013,0.16726406,-0.20490319,-0.38227078,0.5115038
1184,-0.6298873,-0.5169148,0.35046187,0.015295773,-0.38586769,-0.077903494,0.46351007,0.28590146,-0.27425355,-0.34638357,-0.104796946,0.14011855,0.13553455,0.21729173,0.2818069,0.6925324
410,0.34914288,-0.1914647,-0.15168722,-0.0014003506,-0.2300713,0.11763786,-0.21086939,-0.30621612,-0.4949211,-0.22901498,0.097406544,0.20767541,0.22373697,-0.16106361,0.07420714,0.1706106
376,-0.36326596,-0.14051066,-0.36494383,0.67442775,0.28685072,-0.21428965,-0.641924,-0.29423952,-0.11748022,-0.2764782,-0.5155047,0.6922188,0.23924808,-0.46065122,0.43286264,-0.109898694
362,0.53486764,-0.06344137,0.161248,0.40425995,0.21611321,0.17778273,-0.26411226,-0.08972061,-0.48944995,-0.23986325,-0.15442556,0.42042595,0.14483446,-0.27916205,0.11948945,0.12703395
404,0.012927017,0.56661475,0.59336823,0.24288212,0.5957651,-0.7827562,-0.6347458,-0.15867825,-0.019822154,-0.1982144,-0.88092154,-0.6531632,-0.081966974,-0.579387,-0.1035851,-0.12658834
1190,-0.23929608,-0.28425205,0.3040197,0.36091018,-0.3961823,0.22756863,0.42233434,0.14747716,0.0682583,-0.53150606,0.20356993,-0.31915024,-0.07256933,-0.06926099,0.35016775,0.5514485
1806,0.30749002,0.3240881,0.17225644,-0.27786967,0.16198072,-0.15868592,0.17352742,-0.00579934,-0.21196763,0.09080515,0.0027863162,-0.3455501,-0.08511547,-0.49344003,-0.13947771,0.070305645
1812,-0.09229043,0.27213037,-0.095849946,0.01307956,-0.17114761,-0.35606283,0.16931367,0.12320134,-0.2465576,-0.22144338,-0.24051917,-0.36051,-0.21770814,-0.042070612,-0.28545406,0.013573993
1147,-0.28120196,-0.36944595,0.43609178,0.49635458,-0.25207195,0.19163115,0.019025704,-0.26556405,0.095438525,-0.46280867,0.1277179,-0.027703624,-0.14188395,0.11091078,-0.039277826,0.25210422
1621,-0.13223085,0.025670806,0.3093074,-0.21786365,0.10153188,-0.20221679,0.6155511,-0.36020726,-0.22487368,-0.3389061,-0.31866872,-0.49661228,-0.066998154,0.08736669,0.06708612,-0.1127434
1635,-0.11412374,-0.0312418,-0.3297476,-0.45838726,0.4178406,-0.54397774,0.17865893,-0.32438424,-0.34921214,0.33228326,-0.48374537,-0.27966946,0.24930318,-0.5344598,-0.25055277,-0.1306822
1153,0.04148485,-0.45370176,0.42174083,0.43434095,-0.2601719,0.36647752,0.40591547,-0.0824808,-0.048483603,-0.34875548,0.15902698,-0.2747732,0.16336417,0.08941914,0.29897875,0.5323509
1609,-0.117540754,0.030895315,-0.21441333,-0.223913,0.31505883,-0.26764145,-0.068559214,-0.15904364,-0.3943108,-0.048389357,-0.017272364,-0.51733226,0.047725335,0.08920227,-0.11250539,0.10604089
1608,0.21273315,0.2192339,-0.091226906,-0.25991195,0.1530124,-0.13521619,0.18664065,0.004388632,-0.14349413,-0.30789873,0.03346369,-0.17606838,0.019726072,0.37222835,-0.122331694,-0.30961335
1634,0.1452025,0.45646295,0.08066884,-0.01786681,0.32460076,0.1352779,-0.040667996,-0.100935735,-0.2212601,-0.1836917,0.3857434,-0.2735127,-0.10882562,0.003778842,-0.4417482,-0.019821834
1152,0.018334733,-0.16365537,0.0006982236,-0.14186588,-0.14515854,-0.008220361,0.07174174,0.019484103,-0.17297958,-0.022643235,-0.21140912,-0.09497945,-0.0002811551,-0.036080316,-0.08434755,0.014427666
1146,-0.27453628,0.12984407,0.20904575,0.4549308,-0.5400297,-0.041774787,0.42919374,0.05005348,-0.28957132,-0.61062545,-0.014194533,0.29639792,0.12060615,0.2226512,-0.023850827,0.24328487
1620,-0.010277537,0.3930781,-0.09041331,-0.18826106,0.31800294,-0.26478636,0.32133937,0.058108054,-0.40144214,-0.6808232,-0.2710862,-0.15298355,-0.36972672,0.058316123,0.21306226,0.25578055
1813,-0.14634506,0.05876664,-0.17470673,-0.5945435,0.5635201,-0.43574232,0.1186391,-0.3548431,-0.32161218,-0.1754961,-0.54938865,-0.423979,-0.19940516,-0.30299553,-0.253634,-0.29132095
1807,0.2093355,0.084635414,0.14053798,-0.24921504,0.010324385,-0.40782088,0.10918228,-0.04850862,-0.30345735,-0.06293339,-0.13107413,-0.48949963,-0.18918549,-0.26266465,-0.003966996,0.09719904
1191,-0.090495996,0.13704085,-0.0012065166,0.45821404,-0.36122587,0.62334335,0.26682898,0.48287335,-0.35418767,0.022410622,0.38625872,0.22577043,-0.5961549,-0.2981148,0.32666165,0.52969384
405,0.47668436,-0.015357553,0.2194596,-0.15440394,0.1930595,-0.17949733,-0.37649757,-0.5015563,-0.309781,0.1695335,0.021197705,0.25391546,0.102510445,0.06694769,0.051028922,-0.21069399
1185,0.24228005,-0.07648883,-0.021044344,-0.076951824,-0.19531976,0.5218593,0.050804663,-0.3395465,-0.015646871,0.44267318,0.10865259,-0.088805445,-0.4979439,-0.14300156,0.01716676,0.57863003
820,-0.08209958,0.043858927,0.031102553,-0.12506151,0.21622518,-0.16801614,-0.37862554,-0.04019742,0.15071906,0.2265091,-0.1899013,0.20089608,0.122347094,0.38665992,-0.1762766,-0.11473497
60,0.3909294,-0.19124828,-0.12776801,0.14319494,0.18875164,0.058616288,-0.0019083465,-0.21671405,-0.26094285,-0.18668462,0.16006486,0.37739193,0.26236457,-0.07089173,0.024820883,0.14344335
834,0.119941756,0.22894986,0.08272053,0.41511473,-0.16598496,-0.28859973,-0.47771302,-0.12660447,-0.035920233,-0.13816255,-0.23918562,0.45914635,0.017613385,-0.032132566,0.11856969,0.11649883
1378,0.09095223,0.3720225,-0.23914798,0.7050535,-0.17054279,0.28291735,0.23750693,-0.32227173,-0.4402688,-0.37549335,-0.60558647,-0.08956918,0.060718033,-0.5054579,-0.6591399,0.01837157
74,-0.24477983,-0.48170835,-0.09921819,0.2261378,-0.1876627,0.08399739,-0.0910609,-0.22557254,0.2187535,0.016314102,-0.38635072,0.41539523,-0.1700496,-0.34190997,0.003934713,-0.43984732
1350,-0.071212836,-0.13781938,0.043612547,0.20795478,-0.20046103,0.20244865,0.37942958,-0.085575856,-0.24231716,-0.37906498,0.14331576,-0.06416294,0.18219268,-0.18609394,0.36456943,0.56540823
1436,-0.11210679,-0.22664164,0.23980162,-0.030840745,-0.111571275,-0.12797445,0.14612015,-0.6634917,-0.4071586,-0.28195533,-0.47296807,-0.046093848,-0.40310282,0.15888038,-0.20286906,0.14993945
1422,0.15129438,-0.20612256,0.090623654,-0.27808443,-0.10933516,-0.25062302,0.3654249,-0.23032992,0.040212825,-0.18552434,0.02652038,0.17201132,-0.12989949,-0.37207875,-0.077233136,0.40342003
808,-0.2379357,-0.41976598,-0.27268156,0.49862543,-0.13032964,-0.06570616,0.062785454,0.03126374,0.052250396,-0.35640633,-0.4289313,0.34618166,0.13957612,-0.015947942,-0.26759914,0.29898462
1344,-0.07810299,0.0044176774,0.365259,0.21616179,-0.32581967,0.3548716,-0.5231385,-0.059699606,-0.4206476,-0.4226424,0.029052127,-0.42458802,0.16024825,-0.3839546,-0.3710972,0.049096365
48,0.5981134,-0.30434728,-0.5981561,-0.08120953,0.35805956,-0.12688261,0.15111978,-0.47383672,0.04655467,0.059740666,0.1323841,0.32296702,0.47856507,-0.48272628,0.31805253,0.2379152
149,0.050007354,-0.2571186,-0.48418102,0.45948866,-0.2743667,-0.059535176,-0.29892087,0.044530675,-0.2816504,0.104771316,0.15949324,0.26052055,0.42662042,-0.045717068,0.16112141,0.24187186
607,0.28571308,-0.07140834,0.07062912,0.12686497,-0.009523697,0.11463088,0.30509627,-0.0082035605,-0.11336875,-0.25170723,0.13825965,0.51663995,0.08423919,0.011056263,0.3670903,0.3860551
1393,-0.02782145,-0.030566305,0.716249,-0.27460006,-0.1924325,-0.009486606,-0.74988145,-0.39417705,-0.30822867,-0.04535944,-0.21429992,-0.58302385,0.019357968,-0.6688096,-0.5478732,0.42569858
161,0.30636758,-0.38234875,-0.4093892,0.24768311,-0.044608116,-0.112054646,0.04199063,-0.33325055,0.00503503,-0.049592547,0.0034776414,0.26869756,0.5117872,-0.5336376,0.31183428,0.16181669
175,-0.3479745,0.6020556,-0.140445,0.072941184,-0.3230429,0.045497425,-0.013760655,-0.5902045,0.24758397,-0.42485917,-0.13864248,0.4774902,-0.3714026,0.59873176,0.525682,0.24072808
1387,0.10178839,0.14842543,0.2561143,-0.24606204,-0.060874954,-0.31826606,0.27553117,0.27326512,-0.39834017,-0.13850032,-0.2597023,-0.22697963,-0.0784574,0.23614231,0.3162044,0.308704
613,0.13125055,0.114877835,-0.008952967,0.120573826,0.13808297,-0.21164557,-0.026483083,0.022938555,-0.25841314,-0.40237463,0.056664705,0.33481187,-0.0041427,0.2825223,0.26484942,0.451767
1218,0.15052734,-0.41904566,-0.38893422,-0.22503594,-0.5596476,0.20687893,0.647163,-0.20669422,0.6733505,-0.66183096,-0.14623128,-0.68071693,-0.07250095,-0.6108115,0.4648089,0.7504813
954,-0.16947208,0.030378548,-0.55554456,0.5659888,0.16595428,0.13034004,-0.38015875,-0.09925458,-0.009385899,0.16712645,-0.19553417,0.31874663,0.3114984,0.27803302,-0.12506488,-0.017950343
798,-0.03770984,0.20970786,-0.21596697,0.16322544,0.019258399,0.49175838,-0.3572527,0.13164368,0.2061533,0.12523088,-0.31099117,0.191517,0.17968734,0.057667896,-0.73718405,-0.43664244
1224,0.34062517,-0.1330169,0.18576701,-0.3803297,0.33453488,0.09007986,0.025709486,-0.49445564,-0.547031,-0.15451026,-0.13108008,-0.3985448,0.123075984,-0.36816493,-0.05388064,0.2294879
968,-0.3186499,0.17518836,-0.20619765,0.27345866,-0.024816405,-0.5125242,-0.44968763,0.057775922,0.030280555,-0.21395077,0.104290426,0.45720023,0.024564508,0.15696555,-0.086123355,-0.2768687
1542,0.20985961,0.6237899,0.3817531,0.25731185,-0.30723086,0.42582226,-0.2137801,0.38657188,-0.5244625,-0.082346596,-0.11371142,-0.13916774,-0.013160728,-0.71496946,-0.6869419,0.11070466
1556,0.16562651,-0.31746888,0.3406193,-0.19286646,0.36256418,0.35217744,0.0060560755,-0.5274031,-0.53330857,-0.14387856,-0.52227235,-0.3889677,0.09829376,-0.6207161,-0.5472868,-0.30056238
1230,-0.0027721843,0.48122928,-0.6870094,-0.33503377,-0.79642284,0.73224443,0.5949768,-0.35426676,0.7099579,-0.8519974,0.03605598,-0.8771442,-0.08434632,-0.6319671,0.83732677,0.4547321
997,0.08149987,0.36812696,-0.38712242,-0.30971795,0.22783847,-0.2626081,-0.6210413,-0.26908,0.008177232,-0.36843565,-0.26685607,0.46350795,0.13735743,0.41583115,0.15400551,0.34221733
983,0.37658334,0.0005382485,-0.17299527,-0.049972586,0.27620274,0.1394741,-0.47323465,-0.27121788,-0.11648379,-0.31484538,-0.31395656,0.2919917,0.5339122,-0.27372,0.10658687,-0.010410667
773,0.21815588,-0.21974859,-0.0053153876,0.44115284,0.2617392,-0.14386779,-0.13762097,-0.87812614,-0.24296944,0.28200024,-0.008913921,0.15119402,-0.20066221,0.13460948,-0.31008437,0.1899558
1581,0.008320557,-0.43087977,0.35572973,-0.1888533,0.13494524,0.3170749,-0.23875518,-0.55463433,-0.3665291,-0.22132708,-0.3687094,-0.062769316,-0.34023437,0.19418024,-0.32080114,-0.38139483
1595,-0.35937276,0.12548342,0.41567498,-0.0036877226,0.41782215,0.25224006,-0.18285756,-0.57165146,-0.37796226,-0.24437737,0.10740144,-0.67636895,0.31695893,-0.42127705,-0.43890715,-0.3521732
767,-0.21808504,-0.25912285,-0.48609465,0.540414,0.448591,-0.07050121,0.13102154,-0.33978862,0.48357916,0.13551918,0.35511047,0.09919209,-0.16730179,-0.21297565,-0.00076104683,-0.51553303
1768,-0.29322353,0.016808737,-0.04394895,0.31740424,-0.19511315,0.013897224,0.021216761,0.2045827,-0.4043005,-0.269966,-0.112499945,0.08196578,-0.20916693,-0.114700355,-0.11093437,0.5474028
1740,0.30686775,0.15237021,0.17990291,-0.20065352,-0.075754076,0.090543956,0.06468793,0.18644568,-0.3232312,-0.24384013,0.054235786,-0.13738513,0.19351503,-0.4301334,-0.07668451,0.30937958
1998,-0.012407897,0.27242905,0.21743792,-0.13725246,0.22551244,-0.23926833,0.22248077,-0.2335754,-0.3939752,-0.033762798,-0.32282168,-0.17783031,0.1555339,-0.1684728,-0.21034846,0.2339383
1026,0.14709869,-0.47856155,0.27665257,0.09625401,-0.63888603,-0.30970412,0.04876905,-0.50931746,-0.4496707,-0.08956927,-0.33637372,0.182668,-0.36886206,0.03955815,-0.28325868,0.03424406
1032,0.12288902,-0.3456896,0.2165916,0.100987524,-0.40699264,0.44808567,0.4360895,-0.24652925,0.12414879,-0.34039953,-0.03145958,-0.32565567,-0.04966758,-0.3826753,0.1277953,0.03316879
1754,-0.06635192,0.031733826,0.08374314,0.26374987,-0.2922234,-0.06483629,-0.26499903,-0.05295408,-0.3966367,-0.3754717,-0.1694449,0.2899375,0.22458246,-0.6062972,0.12147705,0.6141595
1967,0.14669782,0.42977637,0.054954726,-0.30539638,-0.011178888,-0.102790296,0.35391185,-0.35324007,-0.4527202,-0.39849833,-0.20255852,-0.37918395,0.011592248,0.3354094,-0.0041478113,0.22080411
1973,0.17706749,0.06119646,0.0010419335,-0.56273353,0.017481083,-0.2807441,0.31225032,-0.016617699,-0.33356494,-0.23040123,-0.03502899,-0.40045255,-0.11062903,0.015817188,0.19372678,0.41093394
1783,-0.18633704,0.21006311,0.0738559,0.11126702,0.1258201,-0.16311574,-0.2225557,0.025461877,-0.48873055,-0.28203636,0.1783814,0.113983266,-0.05037257,-0.0423283,0.03128086,0.29553175
217,-0.4546144,0.55864835,-0.6382836,0.6374767,-0.82116127,0.5468844,-0.4108867,0.3436257,0.11830563,0.961707,0.20456836,-0.020930871,-0.275107,0.23281473,-0.24551775,0.09868578
565,0.49882185,-0.17905034,0.10600472,0.2601122,-0.3871893,0.17523701,0.064126305,0.08202743,-0.21748622,-0.29667923,-0.016332738,0.22400472,0.22436701,-0.04594575,0.024068415,0.1186695
203,-0.27132383,-0.48097545,0.2661747,0.45268792,-0.20208167,0.3200456,-0.019703573,-0.559254,-0.14129879,0.34171215,-0.022443734,0.30163467,0.11451911,0.70209944,0.76531386,0.1413865
1797,-0.4918979,-0.049108803,-0.06348273,0.4580768,0.011979195,-0.16201235,0.12505917,0.09859075,-0.34124342,-0.65625435,0.10522997,-0.010661731,-0.30384535,0.44096562,-0.16859607,0.03813985
215,0.24199978,-0.16333023,0.015749434,0.52169055,-0.31285477,-0.4756726,-0.22665736,-0.014850114,-0.28418538,-0.17930318,-0.095154524,0.44860813,0.08946069,0.30164742,0.3111423,0.36023727
1781,-0.18531501,-0.4583286,0.41882953,0.46990055,-0.30111763,0.060154397,-0.07318974,-0.29412046,-0.3192774,-0.554034,-0.066139765,0.2741625,0.15851307,-0.5052181,-0.16883568,0.10482039
1959,0.29679954,0.25469324,-0.071862034,-0.22013004,-0.09008861,-0.15457225,0.21843496,-0.12721747,-0.24184611,-0.2762837,-0.030591335,-0.09521192,0.107915506,0.032394208,0.10361535,0.1665897
1795,-0.1729848,0.23135512,-0.27972266,0.470988,-0.13183856,0.0961718,0.04663305,-0.10588727,-0.22247511,-0.20662323,-0.1793991,0.05912383,-0.31178546,-0.12306948,0.08104615,0.30991757
201,-0.388089,-0.70516616,-0.72477484,0.5069714,0.15199515,0.09880661,0.3949602,-0.40019527,0.31606454,0.47327235,-0.11726575,0.09262871,0.43998265,-0.20198911,0.48211363,0.36798912
229,0.09567397,0.3037346,-0.031857956,0.16075544,-0.4642845,0.005280744,-0.81720734,0.14544818,-0.011441663,0.041199014,0.010476347,0.030770652,0.01534162,0.06800636,0.05864129,0.16736859
1965,-0.25732347,-0.1471724,-0.36033618,0.0930705,-0.2218062,0.3431439,0.26868144,-0.011016929,-0.0635013,-0.64253557,0.1547615,-0.005193866,-0.032971147,-0.31078422,0.2607148,0.7090254
1971,0.700546,0.17298886,0.31627598,0.019774571,0.0064471774,-0.21511841,0.24775058,-0.5913843,-0.5798412,-0.56313485,-0.46673596,-0.3548388,-0.4675004,-0.35397324,-0.2594289,0.23287834
1024,0.3698723,-0.34853902,-0.23970078,-0.160949,0.017567458,0.3489365,0.21532382,-0.8047276,-0.53001195,-0.39596084,-0.43088987,9.0182e-05,-0.24657297,0.15112366,-0.037301283,0.46975756
1742,0.16131926,0.35138983,0.0532677,-0.047595963,-0.106731795,-0.09147188,-0.07131267,0.1273762,-0.31639472,-0.4983532,-0.075767614,-0.030843142,-0.0270712,-0.24910349,0.017119613,0.10048567
1756,-0.4236623,-0.13415954,0.0018751376,0.42164645,-0.22521031,-0.17857611,0.12403956,0.0046228734,-0.5546145,-0.31303075,0.13209747,-0.074519634,-0.25285602,-0.0010616478,0.2649033,0.35342613
1030,-0.08417608,-0.0003791153,-0.03896316,0.015733538,-0.1564456,0.062488984,-0.09438533,0.1485254,-0.26328057,-0.22144325,0.01883541,-0.0762772,-0.32721624,-0.3054416,0.089093655,-0.030222612
1018,-0.25465196,-0.20507511,0.031757243,-0.1751737,-0.12881671,0.035132486,0.074815035,0.20818391,-0.096184984,-0.24652053,-0.20727617,0.1849333,-0.19828849,-0.09061063,0.37202436,0.36273468
598,0.47100922,-0.1741056,0.013743087,0.017164571,-0.03249933,-0.21302868,0.11057798,-0.3579775,-0.49332076,-0.20829386,-0.3184039,0.51924866,0.5147778,0.04744124,0.5411604,0.037434835
1583,0.3016202,0.18030633,0.15982294,-0.35214648,-0.24254297,-0.20511001,-0.056543864,0.019454855,-0.27962705,-0.20451155,-0.37562215,-0.30428183,-0.047655866,-0.20749526,0.16234574,0.1577252
1597,0.023800988,-0.062368512,0.24558628,-0.16852127,0.076895446,0.0581463,0.22902973,-0.24344203,-0.04287126,-0.07680023,-0.07318542,-0.38179725,-0.123333216,-0.10481548,-0.013766086,-0.06968956
995,0.15806653,0.055448703,-0.48585376,0.3478502,-0.17736913,-0.048039988,0.29857633,-0.17862616,-0.17816179,0.0903472,-0.19720535,0.24559288,0.38108337,0.12111814,-0.08748518,-0.11302633
759,0.27014714,0.7759211,0.78250754,-0.040306542,0.4916975,-0.7367422,0.11030484,-0.5370155,0.22320352,0.23391229,-0.6520191,-0.85133886,0.29042023,-0.38184336,-0.12951587,0.7638236
981,-0.092309795,0.49464673,0.312007,0.26272634,0.34570068,0.28173846,-0.64528507,-0.3245453,0.2872272,-0.3671912,-0.10481923,0.68483734,0.42196548,0.024349026,-0.6412969,-0.42219803
1540,-0.4500102,-0.21944876,0.5950808,-0.039066125,-0.16413283,-0.3789424,-0.4428665,-0.53337973,-0.15848856,-0.12515682,-0.22323073,-0.20073652,0.38280773,-0.5852434,-0.017416239,-0.30340746
2049,-0.51545703,-0.0782613,-0.12764817,0.32543722,-0.49494836,-0.542795,-0.48034734,-0.63657606,-0.2887112,0.23896529,0.03650982,0.58171594,0.45005935,0.30406898,-0.622358,0.42988566
1226,0.17113467,-0.23281047,-0.31835982,0.025190067,-0.7153915,0.42207503,0.5150104,-0.18699478,0.6849979,-0.71424896,-0.17905939,-0.5144524,0.024982022,-0.7465615,0.51337457,0.49234712
1232,0.014977579,0.16375032,-0.066967495,-0.3490761,-0.29140493,-0.09587767,-0.041980863,-0.07999122,-0.46829206,-0.13798389,-0.13047951,-0.080559544,-0.14422977,0.145732,-0.10767019,0.19700661
1554,-0.043860205,-0.23190682,0.37592974,0.08015564,0.32281905,-0.2417261,-0.5483569,-0.15282866,-0.62066805,-0.3905786,-0.29140002,-0.20930003,-0.03967107,-0.6826474,-0.1137244,-0.014817527
956,-0.22565491,-0.16334805,-0.4019756,0.5369011,-0.17271271,-0.6766239,0.03914414,-0.21171837,0.069090016,0.28093904,-0.12797725,0.3493073,0.46826303,0.4156386,0.013404766,0.42701596
942,0.12162887,0.48868987,0.091938876,0.34087893,-0.124481134,-0.038741574,-0.2602896,-0.22102912,0.1050548,-0.15499485,-0.114629366,0.2839863,0.09255658,0.121499605,0.1512951,0.49884522
1568,0.09536071,0.0862828,0.10767036,-0.3041099,-0.043597188,0.11353223,-0.28005263,-0.4171125,-0.6106362,-0.13270567,-0.13714086,-0.35541317,-0.033846624,-0.55242866,-0.5546187,-0.20037447
163,0.044922873,-0.2024983,0.3349067,0.39496085,-0.1336846,0.24280083,-0.31430393,-0.6074227,-0.10294353,0.05976911,0.023780474,0.24563867,0.17183632,0.11790783,0.18608847,-0.043407228
1391,0.032456473,0.09201098,0.24677457,-0.027277756,0.3050089,-0.15805188,0.042867288,-0.2588049,-0.4532657,-0.2460126,0.12047889,-0.55491966,-0.016114814,0.21019301,0.07312927,0.22852623
605,0.3335686,-0.5051564,-0.3252412,0.17037398,0.62638533,-0.08963757,0.23085275,-0.7213256,0.2413634,0.5137831,0.22486514,0.6702718,0.14294767,-0.56744665,0.51610494,-0.3992767
89,0.41999403,-0.08999557,-0.3936496,-0.10344516,0.1262823,0.034179736,-0.072180204,-0.062394843,-0.057985876,-0.15807892,-0.14865221,0.24889173,0.25865272,-0.065896966,0.2214249,0.36842525
611,0.1951666,0.2331948,-0.29888815,-0.17382212,-0.2107567,-0.16333711,-0.30108112,-0.29672828,-0.08687119,-0.2749818,-0.07872799,0.31670433,0.30687827,0.16565873,0.03144574,0.27897632
1385,-0.020902868,0.11119038,0.27647203,-0.37051415,0.104466535,-0.07632547,0.3556623,-0.28204095,-0.33485016,-0.12966405,-0.28199697,-0.35313734,0.07082325,0.1373318,0.09892845,0.12124432
177,0.3683516,-0.36453032,-0.44557178,0.12863842,0.24147914,-0.5416049,-0.18432885,-0.20986612,-0.0017360208,0.29457065,-0.23181164,0.017997889,0.4673671,0.45194265,0.3341466,0.009964512
639,-0.17651506,0.21426955,-0.4744016,0.009722791,-0.3180079,0.33792153,-0.34844813,0.03092517,-0.2413774,0.29895616,-0.18188919,0.5637936,0.41478062,0.2175175,-0.39257693,-0.18454154
1434,0.09823801,-0.20110962,0.09623663,0.31900424,-0.17194577,-0.13318856,0.25542337,0.01567599,-0.22111715,-0.023384808,-0.18054013,-0.27804354,-0.22726917,-0.38206545,0.038256526,-0.063332126
1352,0.16040897,0.510173,0.4898881,-0.6262822,0.49029624,-0.08472451,-0.05771087,-0.39579254,-0.3479394,-0.42540005,-0.49380013,-0.588071,0.31207165,-0.8187186,-0.61078936,-0.28900516
1346,0.07123536,-0.5099114,-0.06492028,0.27977684,0.036442984,0.25612682,-0.14955865,-0.32070526,-0.32225618,-0.11542277,0.029794104,-0.36409134,-0.38591167,-0.41292042,-0.40805915,0.0016782566
1420,0.32099658,-0.38882098,0.20110326,-0.048118588,-0.047732636,-0.35436448,0.34654972,-0.19487895,0.027019033,-0.10949474,0.046551682,0.12883139,-0.042307522,-0.05613803,-0.13012625,0.014845844
1408,0.41310373,0.110400535,0.32020772,0.37778875,-0.21398516,0.059979346,0.24848282,0.01590269,-0.21669292,-0.59355146,0.116591714,0.2880455,0.14711477,-0.18569331,0.018118499,0.028285246
62,-0.20665331,0.38466367,0.21401912,0.28943494,0.27795708,0.17449415,-0.023785288,-0.5931445,-0.1877638,-0.07331406,-0.12835832,0.0018227809,-0.027659861,0.38148972,-0.010785676,-0.05548828
76,0.2699781,0.44537342,0.17113289,0.67502666,-0.08540587,0.12534249,-0.67571914,0.15183142,0.18632929,-0.65521467,-0.053651117,0.0744146,0.36270815,0.4013452,0.31181154,0.29245445
836,0.0713571,0.21672705,-0.4578595,0.28748932,0.2663973,-0.3396343,-0.21738324,-0.14161535,0.15455697,0.50409234,-0.28058606,0.23831034,0.11323343,0.32441634,-0.24675496,0.2651206
188,0.054614402,-0.27011383,-0.2045242,-0.07293211,-0.061962213,-0.29021168,-0.013457857,-0.13896939,-0.2211476,-0.005679095,-0.47784272,0.2451796,0.28535712,0.6741567,0.3515671,0.09115493
407,-0.2400082,-0.3908227,0.08273003,0.027420776,0.21649082,-0.15037006,-0.74247885,-0.57392734,-0.038874153,0.4133636,-0.1255197,0.6626272,0.33308282,-0.4199537,-0.2307881,-0.15016857
1193,-0.18481329,-0.29628634,0.54662156,0.055693276,-0.07867189,0.31889153,-0.065145664,-0.4298659,-0.45302698,-0.23925252,-0.27227908,-0.0049644876,0.026282717,-0.15400857,-0.10193439,-0.08294483
361,0.03470641,-0.07628356,0.2574435,0.21201438,-0.24920331,0.068931006,0.064883225,0.050774712,0.108737804,-0.23151883,-0.08276278,0.15374236,-0.07695122,-0.15118386,0.26278862,0.35556015
1839,0.25922972,0.19880527,0.15992546,-0.05284709,0.25316256,-0.08990397,0.21467315,0.039534666,-0.40812656,-0.29986343,0.009100685,-0.3418256,-0.09291373,-0.12134573,0.019899238,0.36903203
375,0.21026987,-0.53599167,0.11830928,-0.016262513,-0.3233751,-0.25827265,0.1270416,-0.541856,-0.20648734,0.10975074,-0.6879479,0.3361419,-0.008319261,-0.2665183,-0.20065486,-0.2230312
1187,-0.60721385,-0.32992244,0.07166241,0.6148553,-0.18097436,-0.09615749,0.2846287,-0.43335584,0.03165421,-0.28541827,-0.32117075,-0.0037773727,0.045626733,-0.13245665,-0.06612849,0.018637067
1811,0.274079,-0.031393353,-0.06966513,-0.32900032,-0.11087606,-0.02243263,0.34906426,-0.16258396,-0.16812578,-0.22570018,-0.28454387,-0.24889731,-0.101575784,-0.19100614,-0.26599243,0.36549163
1805,0.23042758,-0.093757406,0.19693863,-0.062432196,0.26374042,-0.13729893,-0.018856201,-0.31582177,-0.098071225,-0.17467457,0.34345603,-0.17667237,-0.21350056,0.28670916,-0.18755753,-0.02975888
349,0.131511,0.02201666,0.2998212,0.024402624,-0.13108034,0.27741185,0.12671337,-0.35953018,0.016911786,-0.1316838,-0.22249445,0.45871598,0.39496517,0.12159403,0.05894422,0.25630623
1150,-0.16455187,-0.4201441,0.41601935,0.38248628,-0.5228942,-0.053050682,0.300615,0.13870916,-0.1161195,-0.36285877,0.2480215,-0.1224139,-0.074218065,-0.018285554,0.30454633,0.12799552
1636,-0.24891764,0.5145884,0.092666924,-0.15061893,-0.1137911,-0.28240022,0.29358888,-0.2712574,-0.59688973,-0.11531691,-0.20640771,0.030345954,-0.4840758,0.3964476,-0.45833856,0.35488686
1622,0.06729868,-0.19875176,-0.14870359,-0.1282142,0.14356032,-0.10413314,0.14720504,-0.42932305,-0.023935677,-0.08012724,-0.36555365,-0.017919526,-0.16363494,0.040993936,-0.48471108,-0.106137566
1144,0.46142948,-0.0452451,0.00012148917,-0.23369348,-0.10204478,0.30463973,0.32082433,-0.34640446,-0.40988114,-0.32698137,-0.21181984,-0.20010129,0.11985215,-0.41706362,0.28556386,0.57001
1178,-0.3807967,0.14255756,-0.66412175,-0.26266634,-0.3842276,0.008484785,-0.23773798,-0.050539054,-0.4726828,-0.086603105,0.3376589,-0.19817512,-0.42455417,-0.07491374,0.2494738,0.53592473
1179,0.020907179,0.14085591,0.3069561,0.41914904,-0.42205364,-0.030486878,0.3924935,-0.10218949,-0.22809944,-0.23776644,0.07417511,-0.37338555,0.005023273,-0.14669682,-0.060042046,0.31507927
1623,-0.21435793,0.28766784,0.41043285,-0.2325307,0.30866978,0.40620914,-0.12469164,-0.26686013,-0.085453436,-0.5674019,-0.14862047,-0.3142139,-0.076941565,-0.0031050195,-0.41024786,-0.09276551
1145,0.061685827,-0.3129127,-0.42308044,-0.29194722,-0.62836415,-0.053412326,0.13964754,-0.12028869,0.13778543,-0.14553359,0.5331629,0.12897615,-0.12176165,-0.31322932,0.028809844,0.5549806
1151,0.38114318,0.2917374,0.032232307,-0.3228204,0.16979401,0.05252014,0.47788703,-0.39136374,-0.4082027,-0.34620407,-0.10140922,-0.280976,-0.032320615,-0.21085145,0.22799976,0.38236982
1637,0.40667397,0.012909958,0.31342283,0.022294343,0.04998614,-0.059206277,0.40989766,0.119285755,-0.06750884,-0.13624848,0.26397097,0.09830489,-0.06273189,-0.07904521,-0.15349123,0.26682234
348,0.1066538,0.18473685,0.20514742,0.008205192,0.022775862,-0.17956904,0.071835846,-0.26565936,-0.20366517,0.100509666,-0.18488298,0.25930238,0.29972607,0.17965348,-0.14800243,-0.27438518
1804,0.44125122,0.2906226,0.18599309,-0.022966547,0.1018831,-0.029601187,0.21492977,0.044092845,-0.3337544,-0.0602692,-0.12537122,-0.41050732,-0.0021011203,-0.06466835,-0.16092212,0.33461258
1810,-0.6516173,0.14594865,-0.32605374,-0.017216308,0.4942272,-0.29603928,-0.113924965,-0.13987981,-0.5342558,-0.5380514,0.28914443,0.017891297,-0.2676173,0.5256041,0.029504025,0.033218786
374,0.681607,0.018681727,-0.4912591,-0.013926224,0.59211004,0.061357126,-0.1018891,-0.4639777,0.5607242,0.4354128,-0.16853598,0.33632985,0.54580915,0.15058683,0.116392046,0.104823194
1838,0.1837295,0.18189159,-0.03265879,-0.12599766,0.21685123,-0.071512684,0.04640255,0.029630367,-0.48462734,-0.24245398,0.10228786,-0.5086698,-0.067283176,-0.075998396,-0.03550507,0.36882398
1186,0.012672689,-0.36310768,0.41813874,0.46999535,-0.42975104,-0.22488023,0.48525393,0.09410076,-0.06240796,-0.6425964,-0.008774472,0.64975137,-0.026626483,-0.14942281,-0.15898797,0.22809242
1192,0.25203136,-0.30291718,0.6338975,0.3962817,-0.2238291,0.18033873,0.2341991,-0.22346017,-0.5315994,-0.47810292,-0.069970146,-0.17779513,0.14090252,-0.34404993,0.029863557,0.36352688
406,0.32183537,0.093093544,-0.36418748,-0.29030633,0.11210315,-0.71985334,-0.28590682,-0.449186,-0.6004301,0.13024306,-0.054335445,0.57748187,0.33531895,0.24933366,-0.047441665,-0.30647486
360,0.2942192,0.3269323,0.6005241,0.43775004,0.2463472,0.09180446,-0.43034962,0.13616592,-0.26626638,-0.24535802,-0.42715126,-0.086319886,0.18895982,-0.54246306,-0.13522825,0.2906258
77,0.34102067,0.716813,0.4454047,0.40282598,-0.08317863,-0.479515,-0.21450153,-0.2773676,0.49328065,-0.07401247,0.0085949125,0.2151961,0.11865387,0.22384477,0.16011183,0.45718265
189,-0.2430756,0.41175222,0.14902596,-0.19692208,-0.12426816,-0.12786523,0.12879974,-0.21190846,0.64293325,-0.13947119,-0.13904373,-0.1720953,0.09694618,0.3406508,0.07073801,0.58241594
1409,0.22305684,-0.011843839,0.11808507,0.021106692,-0.2709669,0.15828829,0.13624561,-0.0026046427,-0.11368478,-0.09838896,-0.11854226,-0.5665859,0.053208083,-0.40161726,-0.12968905,0.3806801
823,0.37751934,-0.05695307,-0.07895202,0.22267301,-0.071548745,0.103010975,-0.038961884,-0.312877,-0.29684758,-0.16575712,-0.06627765,0.11033399,0.16194998,0.1433679,-0.0478046,0.2076529
1347,-0.025064176,0.05234838,0.13521981,0.15654732,-0.35428256,0.02607379,0.2637644,0.11064185,-0.24045336,-0.061756384,-0.09805036,-0.24338843,-0.12183248,-0.11075103,-0.25338614,0.43288362
1421,-0.28033394,-0.24636051,-0.20850317,-0.26221368,0.32879195,0.3061596,0.14132988,-0.27749774,-0.31763935,-0.40773225,-0.41898647,-0.14491326,-0.30588758,0.096144944,0.3136584,0.5439183
1435,0.048354823,0.27546915,0.30461508,-0.17299692,-0.15331273,0.2298168,0.22600502,-0.39602768,-0.24790414,-0.17739221,-0.045935404,-0.5829263,0.39523056,0.0131996805,-0.3586654,-0.1516168
1353,0.14278857,0.2515857,0.5053195,-0.020654922,-0.27912048,-0.25970662,0.10750311,-0.36149213,-0.41008955,-0.3827737,-0.17072059,-0.53213155,0.13598531,-0.35672757,-0.48652586,0.17057984
638,-0.21853428,-0.511205,0.22731967,0.41175845,-0.10651748,0.053085253,0.37419185,0.15076469,-0.076853536,-0.13893765,0.1134825,0.13593414,0.3544042,-0.025046064,0.40649134,0.43305582
1384,0.2817139,-0.07481035,0.3936113,0.042659752,0.17130286,0.037509747,0.32115597,-0.2643778,-0.33107358,-0.13209036,0.030707588,-0.17523025,0.32404172,-0.41840416,0.15848815,0.18538247
610,0.16890943,0.057306897,-0.08979629,0.6115269,0.06598644,0.27409455,-0.33414835,-0.14980562,-0.21883596,-0.36907205,-0.27597526,0.58840686,0.40168035,-0.30621514,-0.042043798,-0.10997069
88,0.279351,0.58288145,0.19622272,0.54068977,-0.13764219,-0.07204455,-0.44839016,-0.31448552,0.18543403,-0.25766274,-0.10517767,0.455293,0.2534811,-0.29356188,0.21403868,0.24611314
176,-0.47920537,-0.58097976,0.42234826,0.097708255,-0.034338355,-0.36334085,0.08782827,0.38166916,-0.115244634,-0.21337646,-0.12465826,0.08061057,0.06612222,0.40020913,0.3212183,0.61790735
162,-0.17273518,-0.4141624,-0.6418382,0.35590538,0.34307033,-0.07800708,0.1184546,-0.14615068,0.20013386,0.25846812,-0.26806125,0.121544056,0.60577583,0.028686875,0.57077223,0.5374971
1390,-0.017757235,0.601016,-0.2985051,-0.29485375,0.54628944,-0.22241285,0.22163548,-0.24252133,-0.2628717,0.18993528,-0.268899,0.0025656468,-0.15051056,-0.34114376,-0.57841676,-0.46405753
1569,-0.06891827,0.14627694,-0.13820304,-0.47036305,0.41329098,-0.25336257,-0.11991228,0.11855098,0.0429413,-0.0031194752,0.14314377,-0.14523712,-0.10541844,-0.12397058,-0.32061765,0.6219047
957,0.38879094,0.024225304,-0.37324578,0.34301624,0.1671877,-0.3227755,-0.14863144,-0.2522679,-0.12675008,0.10778368,-0.04467182,0.57714206,-0.33715895,-0.03205215,-0.35363215,0.50242245
1233,0.09248511,0.1653388,0.062618434,-0.4347095,-0.19430573,-0.17868564,0.15934177,-0.19698463,-0.31338406,-0.19960184,-0.045992214,0.031217666,0.23406284,-0.07113741,0.16838175,0.29276732
1555,0.17892817,-0.030111732,0.036306985,0.35934716,-0.36758086,-0.1431344,0.5251602,0.026725505,-0.056341045,-0.5031464,-0.33686385,0.4752315,-0.5710724,-0.41740122,-0.6306601,0.7824792
2048,0.06744249,-0.122100264,0.030921798,0.2465716,-0.11890722,0.012181648,0.22808099,-0.18751065,-0.31515208,-0.29545283,0.09384697,0.34069481,0.2600532,-0.17645974,0.16722694,0.43474966
1541,0.2061371,0.28080896,0.25112078,0.50717425,-0.4289526,-0.02428,0.16346699,-0.14597875,-0.30919164,-0.38246617,-0.21561688,0.43679368,-0.14505252,-0.51005274,-0.2249997,0.0299322
1227,0.07235669,-0.020132484,0.39982846,-0.21388417,0.16457352,-0.21984182,0.40849808,-0.17909329,-0.1652083,-0.3400228,-0.1900375,-0.44012916,-0.05255944,0.21950328,0.027860604,0.0066816853
980,0.64915144,0.0745922,-0.16774052,-0.19782871,0.0072008423,-0.3503155,-0.612599,-0.48760408,-0.15836167,0.01640722,-0.58388525,0.53766394,0.3960492,0.41917396,0.18988402,-0.014177147
758,0.44002637,0.5104178,0.07725971,0.24336584,-0.0120467665,0.027380833,-0.2997105,-0.35626897,-0.031783152,0.15873408,-0.1978238,0.052651726,0.2433016,-0.01819109,0.03245448,0.009914905
994,-0.0059226896,-0.26011607,0.19417338,0.29499552,0.54719776,0.002001283,-0.6689007,-0.28703648,0.46025538,0.08961454,-0.027522562,0.5512361,0.49003306,-0.074120484,0.09597204,-0.100814566
764,0.30778357,-0.32573974,-0.4560077,0.07281198,0.5274551,-0.262426,-0.26436514,-0.3238705,0.4078394,0.32954523,0.1721161,0.27042434,0.21668532,0.07497257,0.118045084,0.13496332
1596,0.24241464,0.063284524,0.573556,0.3526685,-0.46594927,-0.07613749,0.2863337,-0.41063207,-0.12245491,0.08126486,-0.5765212,0.28478152,-0.33193606,0.1974862,-0.66670096,-0.12553182
1582,0.019536963,0.08239007,0.6070938,-0.5970137,0.5092262,-0.32429668,-0.3697278,-0.5755784,-0.4360928,-0.017904548,-0.5855976,-0.50402766,0.058810122,-0.5983799,-0.45677283,-0.30456883
1019,-0.17329712,-0.19763955,0.16922638,0.26361817,-0.36442658,-0.12081915,0.23724987,0.18075597,-0.25626433,-0.06285742,-0.29168272,0.22848254,-0.12806731,-0.02140671,0.1079048,0.09522284
1757,-0.16625431,-0.3693394,0.41358706,0.18066214,-0.48352113,-0.00815524,-0.13575621,-0.050939664,-0.4737498,-0.21623239,0.1713743,0.044935826,0.15458636,0.08146026,-0.016294379,0.0024528324
1031,0.2107496,0.030701183,0.34982035,0.15457825,-0.0903074,0.09998498,0.19086033,-0.17839055,-0.41149843,-0.3511961,0.18402383,0.11470442,0.34247968,0.06639769,0.12358304,0.067083195
1025,-0.040997665,0.12492565,0.04325905,-0.5103977,0.06532099,-0.0042885803,0.44086412,-0.021315936,-0.03842998,-0.40159273,-0.2752485,-0.07735623,-0.32205102,0.27639833,0.22631462,0.17256646
1743,-0.29452336,0.14144887,0.16332391,-0.111999966,-0.07092618,0.13706876,0.18569566,-0.08402403,-0.31720346,-0.5599325,-0.3331581,-0.26379317,-0.16480851,0.18636678,0.19636409,0.18345833
1970,-0.076600894,0.58934075,0.14295974,-0.4194668,0.33148256,-0.2191245,0.14040124,-0.21052317,-0.48155618,-0.3039484,0.00057584787,-0.3618696,-0.08028988,0.48857144,0.08013784,-0.00645199
1964,0.29283205,0.5483028,0.23177533,-0.3656111,-0.08762805,-0.1898144,0.35818762,-0.2802821,-0.4666348,-0.11155201,-0.13131471,-0.12982486,-0.025852075,0.112937175,-0.26163495,0.16568692
228,0.30189654,-0.07741181,0.021834197,0.1527982,0.19982056,0.06198235,-0.12611073,-0.02061461,-0.3853637,-0.076937474,0.046217065,0.15141053,-0.3911044,-0.06753811,0.40908247,0.14988953
1794,-0.09418424,0.11709104,0.20250516,0.26332724,-0.01274432,-0.056968555,-0.1311499,-0.33265156,-0.5792188,-0.39186084,0.18462881,-0.09895718,-0.35988593,0.10913876,-0.3460233,0.16995145
1958,0.31944036,0.27243978,-0.320121,0.36102414,-0.31643525,0.14368834,0.09423654,-0.06404569,-0.33478594,-0.4200272,-0.039178204,-0.044219997,0.22085053,-0.14465444,-0.10514546,0.49343038
1780,-0.3264029,-0.10041478,0.10522894,0.5368524,-0.4125854,-0.18925002,0.17572443,-0.08393167,-0.43060803,-0.15936103,0.09061348,-0.1331518,-0.21758847,0.059293542,0.17963779,0.07104696
214,-0.28548458,-0.466513,-0.13421857,0.2865363,0.018453375,0.3141206,0.060902048,0.057738815,-0.09648066,-0.09595394,-0.16772482,0.40120545,0.30249396,0.27359107,0.07060198,0.29851115
1960,-0.18824522,0.260268,-0.36777416,-0.074218564,0.14865944,-0.46291208,0.4071916,-0.083417036,-0.5337836,-0.2273214,-0.15461059,0.043440387,-0.43168133,0.2678253,0.20042269,0.35021153
238,-0.07201004,-0.6814458,0.1799381,0.46665195,0.2908039,0.03032282,0.364976,0.1276531,0.05339509,0.112640366,-0.0006567313,0.24797352,0.24606751,0.17838588,0.54233825,0.36584347
1974,0.022782886,-0.15628827,0.46464795,0.17805134,0.07384076,-0.081130214,0.32591182,-0.17611256,-0.38229856,-0.3905597,-0.066897556,-0.61860865,-0.004878937,0.19654837,0.24522428,0.39385208
210,-0.10616075,-0.30951676,-0.47634748,0.1028297,0.18535586,-0.010352257,-0.09346525,-0.21570776,-0.3746065,0.1129598,-0.14429057,0.07258101,0.3292756,0.0222546,0.2506833,0.21456386
1784,-0.29065302,-0.021722114,-0.090187356,0.091770075,0.09059482,-0.1677379,0.1713519,0.09165596,-0.57760185,-0.030800655,-0.3954305,0.03741834,0.10618987,-0.25256673,-0.2017289,0.10028203
1790,-0.33002126,-0.47787654,-0.11844317,-0.020850757,-0.42571792,0.31750542,-0.5235371,-0.2231791,-0.3649694,-0.19101983,0.060422488,-0.35237998,-0.04257575,-0.051100593,0.111165464,0.20080808
204,0.2573798,-0.11032588,-0.14587408,0.2703736,-0.6711166,-0.040600702,-0.25341573,-0.34442976,-0.37053588,-0.27980295,-0.57422584,0.48979,0.4479506,0.5809305,-0.08630628,0.24988227
1948,0.58284414,0.35942394,0.27730775,-0.41740412,0.25756833,-0.32369176,0.13532984,-0.5127527,-0.55694366,-0.24388354,-0.27649072,0.00598645,0.097527385,-0.1747072,-0.049444243,0.41177848
1009,-0.05412633,-0.26768574,0.08804365,0.1054945,-0.480433,0.45582956,0.11731064,-0.70402753,-0.07475202,-0.30679035,-0.35694566,-0.1412434,-0.25374457,0.28585443,-0.25564086,0.24692564
1747,-0.3994353,-0.2797567,-0.011502563,0.14178483,0.0071523758,-0.3906107,0.07636189,0.2546166,-0.402425,-0.11933033,0.13559696,-0.054632302,-0.12676407,-0.10055768,0.091075964,0.16707157
1021,0.3293957,0.029548721,0.28658167,-0.2636797,0.0423301,0.05288125,0.22391091,-0.19657038,-0.48231217,-0.28227162,-0.0024211882,-0.18560311,0.13304304,-0.45978025,0.2992625,0.33369532
1035,-0.037776448,0.106782615,-0.11497042,-0.015973944,0.03448882,-0.0645986,0.3247995,-0.17662092,-0.34150687,-0.39814588,-0.06707601,-0.31643078,-0.17833425,-0.049270883,0.24629419,0.2461669
1753,0.5069472,0.01333521,-0.013640615,0.17671122,-0.034200553,0.024695218,-0.31188914,-0.27053538,-0.3112717,-0.5458735,0.029179655,-0.11039508,0.1337669,-0.47455493,0.29219645,0.5070577
748,0.1963114,0.10471295,-0.12357622,0.2659979,-0.26760325,-0.16120444,-0.04294983,-0.47959554,-0.22685482,-0.2769102,-0.43958914,0.38024426,0.41767508,0.779496,0.12938695,0.3465499
990,0.36848956,-0.27189887,-0.4322724,0.051808063,0.56300426,-0.60026413,-0.3076883,-0.4226285,0.24711129,0.28859442,-0.5135776,0.020944638,0.54500777,0.6019977,0.3908679,0.500526
1586,-0.27108997,0.06435461,0.09962535,-0.28842503,0.1674227,-0.17756736,0.17115895,-0.5416902,-0.44208542,0.007519722,-0.12716524,-0.33826137,0.05922906,0.31122437,-0.11197315,-0.3825945
1592,0.21978949,0.3260405,0.07618831,-0.44347414,0.33014372,0.5890796,0.18745042,-0.46061933,0.0048086345,-0.18183143,-0.18271682,-0.43830138,0.052590225,-0.19195601,-0.5961042,-0.69440794
1579,-0.21321513,-0.19625849,-0.082780175,-0.134437,0.21077532,-0.3398928,0.01434729,-0.28537208,-0.3241324,0.062232863,-0.20927666,-0.05148495,-0.06826879,-0.06989752,-0.23889583,0.12070501
1223,0.16120714,0.06157418,-0.18783952,0.020473287,-0.049439315,-0.36766428,-0.08586522,-0.22944522,-0.3738899,-0.2034046,0.1235401,-0.2629625,0.074749276,0.10266437,0.01290053,0.3294955
1545,0.010789664,0.14516808,0.26721296,-0.3597304,0.30859533,0.062844776,0.3515565,-0.43816432,-0.46707827,0.1860568,-0.28105417,-0.018654158,0.0034727613,-0.09004113,-0.2776593,-0.3848674
2058,0.056373347,0.20257933,-0.2856196,0.5155449,0.013616462,-0.27761433,-0.03430914,0.054204777,-0.021059014,-0.14046672,-0.2488757,0.20033187,-0.13483298,0.4694335,-0.067571886,0.2660666
1551,0.14912106,0.10013251,0.34769422,0.19464774,0.17480187,0.19578175,-0.34988993,-0.46072465,-0.48431295,-0.17800556,0.100085266,-0.33345944,-0.07627324,-0.403829,-0.17449252,-0.0008074961
1237,-0.048197113,-0.0051478995,-0.024463272,0.51373947,-0.1575444,-0.20128457,0.27197906,-0.09920653,-0.014242543,-0.5091543,0.1598669,0.005202168,-0.1822039,0.14871901,-0.27097604,0.4035944
628,0.10740892,-0.50003463,-0.41394523,0.4112137,0.5929415,0.09063264,-0.2566825,-0.4310714,-0.28538242,0.29325,-0.041475113,0.073320694,0.4082305,-0.047326833,0.3363208,0.019977463
1394,-0.3865834,0.14209582,0.27081072,0.104753725,0.17911938,0.16390316,-0.13564233,0.11489745,-0.30903247,-0.53268343,-0.038220827,-0.5137546,0.2932873,-0.4160563,-0.12015915,0.23785378
600,-0.07733573,-0.46123153,-0.26690882,0.13176583,-0.37909257,-0.17823102,-0.3176409,-0.20917967,-0.26407984,-0.057098255,-0.40527683,0.4638781,0.14996637,0.584438,0.28149188,-0.07635764
98,0.12998337,0.29191417,-0.06983059,0.1000386,-0.027125385,-0.48922527,-0.3616512,-0.5676128,-0.101648346,-0.057879012,-0.18665089,0.37002036,0.31415996,0.5836191,0.5413076,0.61185604
166,-0.43196234,0.17942894,0.043004762,0.40299758,-0.29606745,0.07513669,-0.6039711,-0.13622005,0.3918536,-0.074713126,0.3149654,0.57874566,0.14795695,-0.021397773,-0.13128361,0.35360828
172,0.08237496,-0.25788257,-0.17991789,0.64716375,0.0553909,-0.21474046,0.1814452,-0.016783457,-0.117999785,0.19023378,-0.064473584,0.19740003,0.6336927,-0.1454017,0.2838466,0.3730413
614,0.040439118,0.6298911,-0.15833871,0.7135691,-0.2640833,-0.45266783,0.042460274,0.106507055,0.24267435,-0.05384498,-0.24383584,0.12084643,0.075011075,0.25761557,-0.02533856,0.22967193
1380,0.0529959,0.025757637,-0.47081834,0.12006305,-0.44106337,-0.55519,-0.13095689,-0.16579008,-0.2514032,-0.58553857,-0.11106337,0.09045221,-0.26909238,-0.031646967,-0.25467467,0.2856669
67,0.10510142,0.29842487,0.12870334,-0.08328828,-0.0013965208,-0.20138414,-0.042587485,-0.023857879,-0.0752242,-0.12103345,-0.3066657,-0.17412822,-0.17051686,0.21942726,-0.113595255,0.04199865
199,-0.40905607,0.27645242,-0.6542463,-0.033108477,-0.4556518,0.14888883,-0.22298382,-0.24665909,-0.36060154,-0.16421892,0.22232181,0.1960896,0.04365193,0.28510183,0.20160139,0.2322008
1419,0.35563585,-0.1758986,0.17003681,-0.19303076,-0.2642649,0.23788695,-0.14820562,-0.28595164,-0.43784666,-0.22329843,-0.16908553,-0.068206154,-0.12085916,-0.66174704,0.33259442,0.21022764
73,0.41377774,0.14479876,0.10797357,0.35548356,-0.28520533,-0.4108082,-0.07164379,-0.11743582,0.405788,-0.19779694,-0.3540404,0.2696697,-0.34752035,0.17147514,0.43827143,-0.14499226
833,0.39665678,0.1427925,-0.3958282,-0.08630806,0.32796058,0.049721155,0.1928254,-0.31159857,-0.13168973,0.10725648,-0.06796879,0.38549995,0.66656554,-0.13853456,-0.28207558,-0.1752272
1357,0.16841382,0.69540715,0.18228178,0.05660685,0.07607309,-0.030657686,0.4263322,-0.14533995,-0.26917887,-0.48354527,0.008612576,-0.01140356,0.4442717,-0.34609115,-0.331251,-0.23408103
1431,-0.12465666,0.036045276,-0.032236993,0.46037474,-0.26882443,-0.2705868,0.14296663,0.18118101,-0.18767288,-0.02930417,0.10472568,-0.12104285,-0.5235824,-0.22806075,0.25634748,-0.1238748
1425,0.20666067,0.21428975,0.23864648,0.23341495,0.049957477,-0.320986,0.12476533,-0.36829913,-0.6032406,-0.17841712,-0.480289,-0.20741491,0.1272707,-0.5611666,-0.22300972,0.08051377
1343,0.052098196,-0.08904959,0.07918708,-0.24807319,0.20419094,0.14889303,0.36121377,-0.016677003,-0.25011602,-0.26793283,0.064499,-0.0039210687,0.14020284,-0.11569668,0.037789177,0.48851794
1814,0.110694654,0.36082777,-0.033708476,-0.16246377,-0.06766496,-0.18398795,0.0658535,0.08856775,-0.4096471,-0.41537508,-0.2648675,-0.4483922,-0.12202884,0.07461523,0.12353253,0.04801871
358,0.2738487,0.12228536,-0.286216,-0.035304874,-0.31860358,0.17395677,0.36694098,-0.48633394,0.26785946,0.01965185,-0.26985872,0.41661435,0.20683385,0.029290766,-0.20486358,-0.34360567
1800,0.057966836,-0.3667555,0.27508345,0.18769653,-0.20122047,-0.08832746,-0.04949084,-0.19588676,-0.19895531,-0.22719443,0.13600391,0.35198715,0.08507268,-0.21300493,-0.07934166,0.3628424
1828,0.25075158,0.5555341,-0.063970365,-0.53519607,0.3732805,0.065287426,0.47403693,-0.047191434,-0.1946426,-0.22444901,0.12200404,-0.5646426,0.12315778,0.0007535963,0.37734935,0.106868856
364,0.64892405,0.16863422,0.26220626,0.42126563,-0.08569385,0.21028087,-0.27898493,-0.29380062,-0.5706932,-0.14429504,-0.383543,0.35078692,0.38340747,-0.12484943,0.20011957,0.047523957
402,-0.0041834917,0.31480092,0.2615256,0.31734553,0.26199922,0.07901909,-0.67249227,-0.22022708,0.27900252,-0.37841415,-0.07762346,0.47781417,0.18100989,0.12725364,0.12966388,0.026872654
1196,0.09218234,-0.40098172,-0.2044242,0.31374183,-0.035237897,-0.08700296,0.2132498,0.16652381,-0.24156155,-0.26618856,0.023255669,0.1569437,-0.0829884,-0.11266029,0.055857446,0.65318704
1182,0.2053082,-0.37501657,0.26516816,0.5083562,-0.042306762,0.040435888,0.14799698,-0.2691633,-0.32300866,-0.027138969,0.34256592,-0.3224564,-0.22726451,-0.3628436,0.25183412,0.4093255
416,0.42456654,0.29626447,0.026287325,0.3124276,0.27655894,-0.46401432,0.038638987,-0.23574436,0.43434498,0.28252453,-0.22557813,0.38648424,0.18567397,-0.39753288,-0.21813004,-0.353138
370,0.18879814,-0.48006237,0.14180514,0.65569574,-0.31088638,0.25316864,-0.4467983,-0.1801268,0.352046,-0.35882866,-0.31381962,-0.40158582,0.1815201,0.3245797,0.135609,0.15480246
1169,0.46443626,-0.21386836,0.09112002,0.59284717,-0.27699208,0.3229365,-0.04316302,-0.47762686,-0.3719588,0.20660882,-0.14049669,0.19684294,0.12358069,-0.3387935,-0.05768749,0.07340163
1633,0.21343958,0.44522545,0.31057242,-0.19231643,0.10287514,0.0983508,0.36257234,-0.21080272,-0.31047168,-0.3272554,-0.18706864,-0.5803503,0.08365014,0.06970248,0.12042333,0.19823763
1155,-0.29376435,-0.3888773,0.26052088,0.3385883,0.11492523,-0.017405495,0.045562383,-0.11450946,-0.31299725,-0.4471428,0.12136391,0.063973255,-0.13187279,-0.041413873,0.0310789,0.39235184
1141,-0.27337655,0.12602937,0.45295772,0.21643975,-0.2788638,-0.2647692,0.02710608,-0.009099508,-0.49803308,-0.25240833,-0.30942342,-0.24798755,-0.19588783,-0.20197727,0.01595621,-0.038416117
1627,-0.1378011,0.05889845,-0.087945566,-0.0020061256,0.08670805,0.10570985,-0.008230584,-0.07542017,-0.17739953,0.16901322,-0.25147212,0.023569372,-0.43314862,0.14029327,-0.2815429,0.48259678
1140,0.10374088,0.21789947,0.27115944,-0.26314917,-0.018913362,-0.08222447,0.13434575,-0.11275528,-0.52161366,-0.13044934,0.037557006,-0.3658931,0.16119875,-0.17683768,0.2689724,0.50968945
1626,-0.39118737,0.6453609,-0.2626816,-0.479611,0.7663919,-0.38290772,0.18369214,-0.24968675,-0.06367001,-0.20572019,0.5703105,-0.09736776,0.3178213,-0.456858,-0.6489515,-0.46758425
1632,-0.022103056,0.086097375,-0.14329545,-0.31923005,-0.33223757,0.15922351,0.5431521,-0.36595994,0.5274408,-0.47389123,0.066057205,0.25657248,-0.13878024,-0.36140603,0.2550737,0.70230937
1154,0.034144666,-0.09237822,0.023061708,0.109897524,-0.27824455,-0.097427875,0.10306834,-0.0118785575,-0.1396132,-0.15742333,-0.17729446,0.010375874,-0.13322578,-0.08356452,-0.1005641,0.16177703
1168,-0.6110606,0.04155072,-0.34378588,0.5134207,-0.4505217,0.0766068,0.2658668,0.21506837,-0.34438267,-0.36772797,0.04845028,0.05106095,-0.13757707,0.0845289,0.08255073,0.26024985
1183,0.12710339,-0.16393149,0.10512595,-0.0034836985,-0.63422525,0.101986416,0.37450787,0.26499638,0.046614666,-0.002130229,0.35211387,-0.2670307,-0.0021194336,-0.27464044,0.18391849,0.75170314
371,0.21716271,0.12496654,0.021051135,-0.36216772,-0.36140195,-0.06984305,-0.09049179,-0.3203649,0.5663616,-0.3404755,-0.373111,0.22334476,-0.34955513,0.17210971,0.24351425,0.010298945
365,0.086472176,-0.18330598,0.09258064,-0.21629198,-0.1888726,-0.1170569,0.056893297,-0.47852343,-0.3009291,-0.20250383,-0.3513118,0.62069166,0.37551832,0.6862431,0.35642493,0.19072323
1829,0.013325066,-0.087349795,0.23168851,0.0149743315,-0.3662669,0.016488101,0.44263265,-0.21100229,-0.14032926,-0.10999753,-0.21718094,-0.24384244,-0.065373756,-0.1686134,-0.13539901,0.30124694
1197,-0.7468857,0.4911997,-0.28953025,-0.07252326,-0.8023378,0.5338583,0.034903973,-0.80425674,0.48858455,-0.0061105136,0.6151813,-0.26057225,-0.44242787,-0.23891002,-0.06588763,0.57514185
403,0.13567981,0.10240028,0.24015649,0.21473536,-0.2271335,0.21445358,0.028827863,-0.23069651,-0.010613184,-0.3135348,-0.10408325,0.29968798,0.018229976,0.21214384,0.003730861,0.017362671
1801,-0.18187524,-0.18131448,-0.014424285,0.25688156,-0.28350317,-0.0013681717,0.5195211,-0.50704026,0.10738374,-0.3491335,-0.11950427,0.16424178,-0.21915177,0.33969793,-0.2733844,0.7676526
359,0.06607524,-0.035139315,-0.6560317,0.41962725,0.027946025,-0.26163933,0.075280406,-0.0015538248,-0.43006495,0.2507294,0.5956552,0.65402895,0.030164529,-0.4646374,0.24386065,0.11813889
1815,-0.05708443,-0.110053815,0.08386381,0.05379521,-0.3359537,0.39495748,-0.098885395,-0.06300392,-0.42895854,-0.031459708,-0.09099535,-0.36521384,-0.12812887,-0.21207175,-0.24996893,0.101138346
1424,-0.0003358461,0.20375785,0.26395968,-0.12173052,-0.12401194,-0.38589475,0.4864483,-0.3022826,-0.5867676,-0.002312494,-0.43511698,-0.24897288,0.32673588,-0.30746794,-0.18142517,0.23357286
1342,0.26459002,0.22937982,0.22827975,-0.20394027,0.008808381,-0.21291101,0.21982223,-0.1428628,-0.11678931,-0.24871862,-0.12734823,-0.51142895,-0.08139432,0.056020524,-0.26740912,-0.0079898825
1356,-0.13361086,0.067144886,0.70359737,0.61799586,0.0072370195,-0.47958732,-0.20696177,-0.6593092,-0.24976708,-0.23465566,-0.40024564,0.1925816,0.107475325,-0.5996442,-0.4131451,0.061425034
8,0.22377501,-0.2834077,0.122847736,0.4207931,-0.2978656,-0.39587346,0.06434727,-0.21149717,-0.55198,-0.1359456,-0.5106968,0.6015418,0.52426434,-0.07012559,-0.036310863,-0.13945626
1430,-0.08810384,-0.44727808,0.4555835,0.17422816,-0.24949773,0.079845816,0.29322964,-0.17638738,-0.4203092,-0.2768666,0.10892045,-0.51223,0.31791455,0.10146589,0.4090083,0.41910595
1418,-0.45869544,-0.5552231,0.4794414,-0.2389193,-0.06519644,0.8030635,0.5229239,-0.56474936,0.20918734,-0.27719393,-0.4122539,-0.13676031,-0.08931155,0.32162496,-0.009168386,0.31857535
72,0.23738723,0.39876053,-0.06323965,0.05845549,0.2754447,-0.044801995,-0.20551579,-0.19204572,0.24087238,-0.12195567,-0.11432064,0.1933769,0.3493382,0.35214433,0.06915907,0.23922288
826,0.3914465,-0.2714895,-0.0185133,0.19372976,-0.1346818,0.10187954,0.10503081,-0.24569838,-0.40677756,0.06666883,-0.1527825,0.3247047,0.30328152,0.09299735,-0.012796788,0.1840905
198,0.38613412,-0.07355899,-0.31369767,0.64151853,0.10409895,0.10946985,0.039253633,-0.23995641,-0.39832628,0.1473708,0.61669815,0.56510764,-0.31184673,-0.42041036,0.084255934,0.652828
173,-0.30456942,0.20016736,-0.32078844,0.51353365,-0.26536548,-0.1590773,0.11572548,-0.029073708,0.20361257,-0.16090158,0.42382318,0.5778842,-0.06618007,0.27480623,0.2706735,0.47070903
1381,0.0049389685,0.2605534,0.37081495,-0.25830373,0.28194937,-0.2816155,-0.010350007,-0.25795457,-0.32417715,-0.27546623,0.10605787,-0.20517103,0.27898395,0.10228981,-0.18277968,0.016055053
615,-0.14912191,-0.33269086,-0.37915924,0.12251573,-0.22970816,0.008864618,0.31759965,-0.5153313,-0.38106555,0.2272314,-0.71989083,0.5890104,0.16118844,-0.25511917,-0.31467357,-0.5409405
99,0.17916788,-0.5485613,-0.60097957,0.35061243,0.28005964,-0.17286275,-0.010216383,-0.38445717,0.34248185,0.37553275,0.13517465,-0.016812667,0.6038869,0.065740496,-0.04561589,0.37708506
1395,-0.12031645,0.067383416,0.3426886,0.22034116,-0.443431,0.24874647,0.6174044,-0.29802963,-0.024378251,-0.3308611,-0.19572307,-0.17480543,0.3315853,0.043676753,-0.47741276,0.454072
167,-0.33572125,-0.52766055,-0.72574687,0.53823465,0.1833863,-0.15031435,0.33206353,-0.24628192,-0.0068377084,0.250369,-0.20522147,0.16588412,0.42741877,-0.28439254,0.5141956,0.19334069
629,-0.0027062846,0.46492687,0.113786064,0.2232089,0.36328915,-0.20195968,-0.28434438,-0.024288608,0.40041164,-0.05880988,0.065351255,0.26673797,0.13059448,0.4293696,0.030976374,0.19345087
1550,-0.35587695,-0.069959536,-0.16783185,-0.042602938,0.325039,-0.044501442,0.44527036,-0.407585,-0.08581088,0.17001621,0.18038225,0.34767738,0.1918435,-0.19440953,-0.35735074,0.16498113
1236,0.18152656,0.17067775,-0.18706174,-0.25460228,-0.1946942,-0.33022758,0.05937464,-0.11478617,-0.32777852,0.0032937622,-0.5221372,-0.51575243,-0.038154826,-0.30908632,-0.32722533,0.27191472
1222,0.095350064,-0.26458576,-0.15724416,0.06638127,-0.5107774,0.6292214,0.44179252,0.13729611,0.55457157,-0.54375607,-0.13469294,-0.45807767,0.04080696,-0.56153697,0.4890762,0.6416487
1544,-0.56442237,-0.4866494,0.046019673,-0.39556345,-0.07134304,0.15709145,-0.404353,-0.49532095,-0.5249494,0.15686503,-0.43312693,0.13494733,0.2882917,-0.43321964,-0.13511923,-0.30369887
952,-0.3101388,0.38977537,0.17467768,0.6163192,-0.137538,-0.52783626,-0.5406355,-0.17641181,0.42348915,0.22700801,-0.20180848,0.29462218,0.24863552,0.011199013,-0.37263992,0.19913487
1578,-0.017140474,0.019939305,0.41626126,-0.19608086,0.22380055,0.17422725,-0.10450091,-0.41002795,-0.51781636,-0.27891588,-0.34387136,-0.2804188,-0.07030078,-0.19122645,-0.044727556,-0.15321384
1593,-0.49168423,-0.12865368,0.4660853,0.45359233,-0.3425492,-0.04324959,-0.2027095,-0.20547415,-0.36151958,-0.5500026,-0.17081234,0.50249213,0.33997902,-0.6587699,0.54761046,0.06247087
775,-0.16073442,-0.1614468,-0.2789647,0.56591636,0.18644083,-0.75795573,-0.20386544,-0.6003687,-0.25181,0.51313776,-0.019629221,0.8691157,0.27112663,-0.14300117,0.10227976,0.014489528
1587,0.19599855,-0.048420142,-0.023616541,-0.23899437,0.06767497,0.147297,-0.44502893,-0.27702123,-0.21981017,-0.15957643,-0.35204896,-0.0037064834,-0.17384529,-0.10079694,-0.60360736,-0.05315303
985,0.23125608,-0.045281615,-0.2335572,0.21634096,0.41709676,-0.36444676,0.16938877,-0.20857371,0.18291074,0.4119777,-0.15922251,0.35121486,0.38636106,-0.23671387,-0.0190793,0.4318525
991,0.24616177,-0.16190186,-0.10795624,0.5581694,-0.2847339,-0.13521129,-0.32405293,0.035593256,-0.17717144,-0.2848152,-0.12731314,0.07930214,-0.08856208,-0.07869674,0.048879538,-0.09046784
749,0.06163802,0.25170404,-0.24209313,0.19337253,-0.17733786,-0.35671115,-0.16646412,-0.02363684,-0.34850845,-0.09212345,-0.40669423,0.17940229,0.3191399,0.52500874,0.44813856,0.038341686
1034,0.31364456,0.043725386,-0.13636038,0.5382683,-0.4683981,-0.24973279,0.33691144,0.103702284,-0.07752619,-0.35009745,0.0517865,0.23146132,-0.34504518,-0.13243866,-0.22911568,0.4602301
1752,-0.013624591,0.257261,0.46274573,-0.044447113,0.1659734,-0.16964667,-0.15588596,-0.17207249,-0.37877354,-0.43497586,0.15162884,-0.23811291,-0.16233891,-0.183781,-0.35856414,-0.34567308
1746,-0.13660993,0.076644495,0.12515923,-0.18396914,0.19251853,-0.17562082,-0.12938768,0.16600141,-0.47117543,-0.37558267,-0.031589948,-0.08534629,-0.12210359,0.00589276,-0.1183163,0.117632
1020,-0.11363936,-0.09061303,0.17357093,0.04205179,-0.21751502,-0.27593076,0.2981588,0.05333328,0.09303561,-0.15440802,-0.05056809,0.2402628,-0.31564832,-0.07783724,-0.22888891,-0.028914105
1008,-0.0010479816,-0.12749842,0.003966482,0.1652569,0.032797314,0.25314003,0.038131174,0.0015332538,0.10892186,-0.3104794,-0.03161272,-0.02336283,0.023732325,-0.106807284,-0.12181122,0.03296998
1949,0.084511496,0.10627149,0.01695095,-0.049275078,-0.2893121,0.16587287,0.17737158,0.16422473,-0.120937206,-0.41633075,-0.08671979,0.13841829,0.20833679,-0.1466728,0.25257933,0.23293665
205,-0.09919627,-0.30647597,0.22354095,0.28933725,-0.28420365,0.13166294,0.35625398,-0.088978834,0.112093665,-0.37323773,0.16016676,0.09469294,0.27614793,0.1390403,0.15835726,0.6148717
1791,0.09696583,0.43334174,-0.4901893,0.14734213,-0.1605228,-0.08156216,-0.04832886,-0.25763786,-0.72849447,-0.22176316,-0.23229831,0.08463979,-0.46799257,-0.2267522,0.14008343,0.27048635
1785,-0.02733729,-0.05638718,0.46045783,0.05412951,0.08434078,0.12307889,-0.16405618,-0.017436488,-0.42816994,-0.33690253,-0.22387607,-0.5079875,0.22695588,-0.23859681,0.07077177,0.4164176
211,0.11848518,-0.25956976,-0.390236,0.22387975,-0.13868576,0.23024787,-0.05658393,-0.14827752,-0.2235286,0.039945565,0.04379521,0.10430983,0.44610524,-0.1833483,0.3732454,0.45360866
577,0.3838327,-0.105157964,-0.41565567,0.014414892,-0.44648504,-0.33694533,-0.08509454,-0.2348271,-0.22949955,-0.19753438,-0.29899773,0.31162873,0.6323845,0.31231397,0.2137533,0.21425521
1975,0.1355814,0.011776767,0.37762243,0.08830399,0.054498773,0.25489864,0.39832795,-0.38484386,-0.07176325,-0.2855859,0.30669102,-0.3605201,0.34926087,0.033365488,0.47592625,0.35699576
239,-0.5728867,-0.48164335,0.24780473,0.045616895,-0.389886,0.17184256,0.41649097,0.44650203,0.05797096,-0.20240293,-0.39175153,0.3794617,0.43191543,-0.23762798,0.49391356,0.7181714
1961,0.2507411,0.5728418,-0.24598163,-0.5602234,0.24385853,0.18709506,0.52206504,-0.54106694,-0.35582975,-0.49159187,-0.3277141,-0.5387088,-0.2589234,0.30813038,0.16851611,0.18765518
1977,0.47431988,-0.00635222,0.09590676,-0.24050322,-0.053434413,-0.053515095,0.12410144,-0.6912595,-0.42981803,-0.21536197,-0.059171446,-0.2752152,-0.2567526,-0.36176196,-0.20537902,0.05787251
1963,0.004240968,0.23677866,-0.23765829,-0.37105495,0.01970458,-0.61297685,0.4650346,-0.09078456,-0.20265508,-0.14044519,0.04502912,-0.22358593,-0.42464778,0.2062989,0.22312404,0.11194982
1793,0.4321139,0.0033963304,0.4058618,-0.049586304,0.010166371,-0.012915318,-0.31277704,-0.42825818,-0.47633922,-0.4454988,-0.25541064,-0.44730672,-0.16687779,-0.5637111,-0.22281997,0.087373056
207,-0.123226255,-0.33025026,0.08533968,0.17768027,-0.22270088,-0.13107692,0.15718955,-0.18409675,-0.25394377,-0.39965764,0.18493126,0.36215,0.19307259,0.088869415,0.103261195,0.3222203
561,-0.06871209,-0.21289673,-0.17932554,-0.10972387,0.12738182,0.2990828,-0.16738096,-0.2683507,-0.11388764,0.011732188,0.01701573,0.094093055,0.29739118,0.23215248,0.105266295,0.029969525
213,-0.10162474,-0.23154043,0.0395865,0.5001129,-0.4289096,-0.33170372,0.0022501592,-0.33711153,-0.08666437,-0.19986622,-0.07410087,0.5800432,0.22685708,0.53113025,0.18360995,0.26967058
1787,0.19297999,0.054893043,0.22857542,-0.075766236,-0.25951472,0.09107798,-0.021052469,-0.046974164,-0.42582628,-0.31496736,-0.1121413,-0.19762504,0.017118867,-0.20275684,0.07332329,0.12531656
1778,-0.38581744,-0.54607594,0.46603572,0.5758713,-0.035744496,0.26217344,0.39710775,-0.13098496,-0.075176045,-0.47680515,0.31343523,-0.03346948,0.11671845,0.344091,0.31108415,0.16640186
1988,-0.11969847,0.28170478,0.081975855,0.19584459,0.33470657,-0.39221522,0.1762334,-0.042263776,-0.47651774,0.027077526,-0.12206417,-0.26392612,0.1541032,-0.28025153,-0.31713948,-0.055988662
1750,0.03371822,0.062350705,-0.0010118108,-0.19877933,-0.10259632,0.2821662,0.00044145246,-0.23212293,-0.093391135,-0.15891244,0.07681834,0.2000602,-0.0058832085,-0.13230948,-0.22869432,0.2978029
1036,0.015286536,-0.051150773,0.13133508,-0.0094348,-0.13552503,0.07308123,0.33275583,-0.33070165,-0.23997758,-0.09822116,-0.049707334,0.1496504,0.035836603,-0.08967536,-0.08127648,0.08936644
1022,0.14761233,-0.37951338,0.15727161,0.27809703,-0.43500528,0.1756192,0.09187791,-0.34711927,0.11552802,-0.5293422,-0.23707907,-0.012236154,-0.27554876,0.008043876,-0.2240553,-0.1271145
1744,-0.5664533,0.09485635,-0.09786862,0.13620044,-0.36665595,0.48577058,-0.5826721,0.12827024,-0.30955136,-0.055568017,0.030840166,-0.34007126,-0.29738,0.057703793,-0.13836437,0.13502952
987,0.5263159,0.10869208,-0.6689598,-0.09340699,0.42482767,-0.15495746,-0.22212504,-0.5176218,-0.076070495,0.24743037,0.13206743,-0.015139245,0.71733296,-0.1627305,0.37246796,-0.06587555
993,0.6166647,0.10448035,0.0066846134,0.4772386,0.54336506,-0.11284982,-0.3360775,-0.60952383,-0.0022511743,0.28519362,0.35196966,0.7189237,0.34245232,-0.5527431,0.21998475,0.35692725
763,0.20580384,-0.1909677,0.2437631,0.37804422,0.20365955,-0.1540354,0.010474136,-0.32981464,0.21593256,-0.3819448,0.06484863,0.4443171,-0.0150671005,0.33152074,-0.049306724,0.41340134
1591,0.19659251,0.18176319,0.4356262,-0.083988674,0.24303082,0.09374198,0.55517745,-0.14250661,-0.47946894,-0.14538099,-0.113086365,-0.05845896,0.24977866,0.012741346,-0.0033872295,0.62212545
1585,0.08288485,-0.15384895,0.11973828,-0.1316688,-0.09296912,-0.24177846,0.2835822,-0.10878281,-0.27826,-0.08763245,-0.19710205,0.00092608086,-0.011146694,-0.23668182,-0.13483915,0.21790321
777,0.114966355,0.48081225,0.7672728,0.07623906,0.06312489,-0.35895333,-0.6928264,-0.5334744,0.18872285,-0.11581232,-0.38449055,-0.30630654,-0.22490658,0.2884268,-0.0030905656,0.026716657
944,-0.05661737,0.3129561,-0.26268572,-0.046307724,0.09950014,0.13005106,0.096410535,-0.036896944,0.037382863,-0.44837832,0.0005112066,0.20641208,0.13876611,0.37614858,0.0737803,0.26883087
1208,0.40735602,-0.02380706,0.3958337,0.012385622,-0.069549344,-0.1355808,0.40443972,-0.1458021,-0.33855572,-0.20944948,-0.10538534,-0.19058833,-0.006720077,-0.20739213,-0.08270789,0.2823759
978,0.011928346,0.37930572,0.28610027,-0.22515596,0.49053612,0.039718047,-0.54316396,-0.33705762,0.07332678,-0.31852594,-0.27086943,0.6557553,0.620435,0.042985808,0.011601918,-0.033614513
1234,0.03924894,-0.13993637,-0.04446392,0.054022714,-0.022862997,-0.212795,0.21650851,-0.1652508,-0.38146374,-0.029864611,-0.049719915,0.023891615,-0.2581932,-0.05417363,0.044677842,0.07443203
1552,0.30685169,0.29675588,0.30991307,-0.15003614,-0.03179655,-0.0899919,0.116874665,-0.42452276,-0.40381628,-0.17367405,-0.22820349,-0.3869471,-0.22601728,-0.283263,-0.25848797,-0.21540773
1546,-0.15482278,0.6012198,-0.2937034,-0.57597774,0.27596498,0.2501925,-0.56032187,0.10121826,-0.10753722,-0.27349457,0.1299071,0.01355327,0.2869643,-0.37978047,-0.61705834,-0.29115096
1220,0.32700077,-0.17494763,0.14575014,0.08909159,-0.19141392,0.0038174205,0.24079578,-0.15239146,-0.37960047,-0.21189035,0.052912213,0.039686643,-0.20198713,-0.38407397,0.06522329,0.50762343
159,0.44496423,-0.22294104,0.082445174,0.44408914,-0.34030238,-0.4969302,-0.0059531205,-0.23493922,-0.45251358,-0.24084234,0.13321444,0.6463719,0.11207487,-0.16153644,0.3572675,0.39622673
617,0.33325323,0.5938179,0.10765137,0.059675753,0.20846143,-0.1780076,-0.15024361,-0.66159225,0.031413723,0.46751347,-0.12089236,0.45404008,0.46311802,0.28295463,-0.42837295,0.044770226
1383,0.16187507,0.054465078,0.36539954,-0.11730859,0.14181958,0.16054514,0.17529854,-0.09331189,-0.24891026,-0.28439412,-0.11512164,0.096711665,0.50445116,-0.3505359,0.17791283,0.45955932
171,-0.071806334,-0.5895328,-0.45434117,0.5550089,-0.054671187,-0.0059020133,0.41314933,0.33331904,-0.38916433,0.3030686,-0.24762106,0.40569904,0.6820425,-0.24386615,0.39919272,0.28785133
1397,-0.19875036,-0.4858392,0.40668058,-0.028256886,-0.5841536,-0.28859136,-0.11448319,-0.15395087,-0.09840475,-0.08745007,0.22064838,0.007888074,0.3987972,-0.15455595,-0.3403376,0.5521507
70,0.4671773,-0.3333447,-0.31277052,0.20790802,0.13564825,0.03611059,-0.054530144,-0.15866071,-0.18493897,0.047129583,-0.29718763,0.14739136,0.35740355,0.008553036,0.044765953,-0.030488992
830,0.19547997,0.4879,-0.1710554,0.22520019,0.31447387,0.5635436,-0.5202034,-0.3193235,-0.11568714,-0.047150515,-0.20516281,0.32208586,0.75886256,-0.48812938,-0.6442132,-0.40147254
1368,0.23827116,-0.44293872,0.5454302,-0.009407258,-0.26608112,-0.38419652,-0.08658352,-0.18356997,-0.2780941,0.09421108,0.4421525,-0.42847985,0.16706769,-0.26223022,-0.2936246,0.33319336
64,0.0607443,-0.23320463,-0.42927068,-0.0033056764,0.28474343,-0.10157302,-0.10405358,0.016315712,-0.21838437,-0.09794108,0.01461851,0.06186672,0.4496969,0.17206033,0.32875153,0.24608895
824,0.47982264,0.5067355,0.24200757,-0.08729658,0.18253657,-0.33327007,-0.14633004,-0.42886534,-0.017427431,-0.0076792473,-0.6920191,0.2708662,0.77012086,0.44386283,0.50542116,0.11415708
1340,0.06764154,0.21626578,0.017558834,-0.14696628,-0.05447395,-0.0021182266,0.15634647,-0.0076073282,-0.4885787,0.2793462,-0.029297095,-0.1297613,0.04215208,-0.17230201,0.21822585,0.021830224
1426,0.0866146,0.032738842,0.008074243,-0.07538395,0.2646277,0.052984744,-0.0002438575,-0.016618429,-0.08993343,-0.23186259,-0.08855902,-0.39713633,-0.011309611,-0.06973645,-0.14720716,0.1112365
1432,0.28531164,0.055704653,0.47660503,0.43570474,-0.09060181,0.015267616,0.54641277,-0.33112153,-0.6001808,-0.1353537,-0.35545346,-0.09230156,0.030262228,-0.11537329,-0.14986286,0.38557127
1354,0.14823703,-0.24156742,0.043141086,0.31566924,0.09326047,-0.16441827,-0.18963453,0.01596745,-0.3347934,-0.54042244,-0.28274208,0.25196427,-0.28386173,-0.50021535,0.17165592,0.6060832
58,0.41599602,0.041655555,0.17956331,0.46833277,-0.22024257,-0.3940299,-0.68265,-0.5690045,-0.45004362,0.5577611,-0.47930312,0.32944122,-0.019111527,-0.19194101,0.34348482,-0.10266844
818,-0.3865502,0.5641117,0.52542084,-0.12683947,0.49384516,0.25610852,-0.45576444,-0.013119675,0.31712356,-0.7776446,-0.35232246,-0.40825212,-0.013651916,-0.21067175,0.48505342,-0.013941331
1803,0.43535408,-0.027694425,0.3700796,0.3136281,0.094526924,0.010510176,0.33459336,-0.35016084,-0.36044306,-0.33956692,-0.07027195,-0.2777947,-0.15657638,-0.31931767,0.06347346,0.2901757
429,0.3972954,-0.6077235,0.20607062,0.24229331,-0.4052854,0.081141815,0.07757789,-0.1731214,-0.5380751,-0.22799054,0.24405034,0.13715333,0.53003865,-0.16363908,-0.19922324,0.046905708
1817,0.33084878,0.29876366,0.018371549,-0.27592868,-0.1219192,-0.03827049,0.18501706,-0.30161694,-0.13570005,-0.22204642,-0.07304574,-0.16156998,-0.012393638,-0.017398985,-0.041446913,0.2223805
1181,0.2547661,0.2822369,0.3130632,-0.19995047,-0.2467036,0.055443056,0.28552765,-0.20249109,-0.18153977,-0.1903343,-0.03237459,-0.1346389,0.010763252,0.13054584,-0.021946542,0.2011603
415,0.15986414,-0.18652253,0.10347847,0.19672285,0.543791,-0.030246424,-0.65219885,-0.2319736,0.39184976,-0.07811729,0.3073134,0.24074541,0.005081759,0.22190061,-0.19944917,-0.2845804
401,0.16450936,0.3651218,0.41807994,-0.2039129,-0.05702421,-0.035298392,-0.6582352,-0.034668382,0.6451905,-0.11616914,-0.53347856,0.22309017,-0.39507672,0.045778804,0.12327829,0.2762614
1195,-0.49940938,-0.25854474,0.012134261,0.12604359,-0.18427682,0.022751413,0.18015938,0.081674285,0.36946648,0.13540635,-0.1279583,0.3051973,0.04699588,0.0581974,-0.2582199,0.33513352
367,-0.1941023,-0.13830322,0.20983048,0.54506105,-0.3658084,-0.07658626,0.039047033,-0.18866293,-0.008667654,-0.180524,-0.053215627,0.26243994,0.10718913,-0.06991793,0.11078709,-0.08618723
1618,-0.019570436,-0.056788348,0.33818257,-0.17162494,-0.035612646,-0.03277157,-0.04039977,-0.059711482,-0.28856802,-0.072016306,0.005006972,-0.5595615,0.010935392,0.11194754,-0.23332939,0.24567096
1624,-0.056129526,0.24108592,0.30284286,-0.2556125,0.26519817,0.117838494,-0.10790559,-0.286564,-0.30527487,-0.37845632,0.31933528,-0.17427377,0.2638957,-0.23392719,-0.3636398,0.17753433
1142,-0.7016023,-0.544498,0.3702632,-0.110567205,-0.54095393,0.224408,0.38945958,0.3384571,-0.0971528,-0.29974774,-0.074479334,0.17019403,0.21800369,0.22964256,0.39603892,0.65608567
1156,-0.12866862,0.10671758,0.2159343,-0.30270526,0.11277035,0.18247499,0.04730413,-0.050105117,-0.38368493,-0.0076007345,-0.11927093,0.0016349113,-0.16098201,0.07112322,0.08204631,0.306309
1630,-0.096131705,0.42268047,-0.04840993,-0.0034137235,-0.024664002,0.054048523,0.36171478,-0.23014215,-0.100680895,-0.28658712,0.08564424,-0.17717214,-0.11817037,0.30376002,0.0027477373,0.10384194
1157,0.075178064,0.3802219,0.24106017,-0.19872846,-0.13372976,0.16821088,0.077784784,0.07945674,-0.40538043,0.047707938,-0.051076274,0.008793502,-0.3960609,-0.19424465,0.12200396,0.12555589
1631,-0.39459762,0.2703655,0.09532997,0.6251789,0.00753623,-0.34786603,0.2579531,-0.41289333,-0.31561804,-0.2564686,0.06105124,-0.09024604,0.15515697,-0.09217025,-0.6538421,-0.54713094
1625,-0.11646451,-0.090093784,0.121671334,-0.159678,-0.10782447,-0.009162289,0.0069198594,-0.061753057,-0.28215337,0.16409755,-0.26779372,-0.14257863,0.13435073,-0.1533743,-0.28125322,-0.008179132
1143,-0.18106197,0.05440905,-0.010273013,-0.13522269,0.027455704,0.025005715,0.02356899,-0.11065467,-0.27576765,-0.5478814,0.09559888,-0.16944487,-0.020329222,-0.21837258,-0.012398193,0.21074694
399,-0.043955237,0.22806817,0.14108048,0.2499544,-0.13466801,-0.13123217,-0.8293114,-0.14240196,0.14773773,-0.20272365,0.11472897,0.34321892,0.49761197,-0.03578143,0.26806343,0.2901953
1619,-0.085456155,0.23265517,0.21795036,-0.13751122,0.16270024,-0.22572643,-0.037404314,-0.18839914,-0.29549015,0.024060767,-0.02195002,-0.24824883,-0.43427318,0.1533551,-0.2699243,0.34529194
1194,0.1369697,-0.3798046,0.31132704,0.26417696,-0.33756992,0.006842611,0.16503076,0.063969165,-0.41162673,-0.3997702,-0.005916124,0.17760985,-0.074609116,-0.22934876,0.17023,0.2111593
400,-0.66224086,-0.41191489,-0.0689437,0.010931488,0.5192899,-0.6969981,-0.45870715,-0.6609494,0.07678784,-0.21543035,0.4180204,0.64541936,0.03875976,-0.13355577,0.22427051,-0.5037425
366,0.25164303,0.38034534,0.06839458,-0.13318573,0.09761087,0.19636443,-0.18508352,-0.15789044,0.23187378,-0.14948739,-0.09167342,0.081598535,0.40105146,0.3725796,0.118468896,0.23401842
372,-0.2826197,-0.28283623,-0.48525742,-0.12989601,0.07152433,0.16379495,-0.06166551,0.15305568,-0.32784194,-0.02803832,-0.106823064,0.064908154,0.4193436,0.49758276,-0.03470181,0.17190121
1180,0.08020964,-0.14108391,0.31215107,0.32058978,-0.3742349,0.24060467,0.38676274,-0.2738888,-0.080559015,-0.49781606,0.17429498,-0.38869187,0.12867327,-0.0997506,0.38162166,0.43770838
1816,-0.066890955,-0.0028574949,-0.04913758,-0.33459657,-0.1679764,-0.07260613,0.051926866,-0.43185103,-0.30406848,-0.16485737,-0.23017563,0.029347092,-0.06492771,-0.28475127,0.010874581,0.38037187
1802,-0.2699765,0.0571187,-0.26008734,-0.2088048,-0.030583244,-0.19517303,0.09552681,-0.2605,0.074404866,0.38261154,0.020080818,-0.17284928,-0.06698281,0.46851107,-0.3714504,-0.024271637
428,-0.14138068,-0.26176018,-0.087428555,0.7459925,0.20345412,0.3166834,-0.2591158,-0.34480065,-0.06299202,0.19017614,-0.4869991,0.444034,0.60364187,-0.33689648,-0.27501398,-0.24998958
1433,-0.1622035,-0.4409729,0.50594634,0.41838893,-0.37720057,-0.07105834,0.3311726,-0.1911855,-0.15645127,-0.46642056,-0.18508008,-0.19252715,0.055790585,-0.026860131,-0.09130727,0.22545744
819,0.16555907,-0.2650726,-0.072721235,0.12465393,-0.5402352,0.5472424,-0.23047356,-0.25437838,-0.15243067,0.7632568,-0.5667485,0.5279377,0.07074013,0.74507666,0.21154445,0.29845193
59,0.35524353,0.52973723,0.3736244,0.4008886,0.03858397,-0.154882,-0.5264909,-0.41843948,0.36360398,-0.28770527,-0.10165487,0.23715062,0.10053551,0.44354728,0.32585767,-0.03611981
1355,0.21475357,-0.16023068,0.4890126,-0.12111844,-0.20961978,0.23056254,0.015751984,-0.26257253,-0.639389,-0.22307691,0.024303515,-0.15897694,0.3232603,-0.3789214,-0.25546506,0.19625214
1341,0.30414438,-0.14108524,0.3748289,-0.15839945,0.20512414,-0.24852851,0.46355864,0.030265413,-0.4539581,-0.2659422,0.011759454,-0.020406798,0.19797379,-0.28020003,0.29559794,0.7535043
1427,-0.22273132,0.44013578,0.3077256,-0.35037795,0.13121638,-0.24649417,-0.2200848,-0.23345402,-0.41934302,-0.0763564,0.3805006,-0.6050436,-0.25344968,-0.1561624,-0.007920099,-0.03829016
825,-0.7096409,-0.09817863,-0.17264983,0.054144144,-0.7080004,-0.43670878,0.09658888,-0.16212726,-0.5121754,0.70748097,-0.6609596,0.5196148,-0.07999535,0.14968254,-0.05998657,-0.7469093
65,-0.09983037,0.1602038,-0.18007727,0.13660909,-0.040317204,-0.01460721,-0.12236982,0.017842455,-0.11759489,-0.37056604,-0.2304003,0.018582484,0.05484482,0.30894902,-0.008605171,0.0053844284
1369,0.098441884,0.5792808,0.2726473,-0.33877867,-0.037740383,-0.3296631,0.4754071,-0.024321489,-0.5072146,-0.26284355,-0.48255023,-0.21588233,0.25393647,-0.40973923,0.24285778,0.20666254
831,0.19794829,0.382916,-0.032759428,0.36765665,-0.050052773,0.5357035,-0.2798552,-0.2775156,0.018329192,0.20340589,-0.48095095,0.102709785,0.6909675,-0.23146468,-0.5831426,-0.07053921
71,0.6503876,0.5729328,0.60523415,0.46813294,0.1543201,-0.38328922,-0.65033203,-0.5075593,0.60088646,-0.012888058,-0.46830347,-0.08078412,0.61541784,0.76998293,0.55864537,0.063430615
164,0.064450905,-0.15298387,-0.32733896,0.57818055,-0.3923783,-0.421356,-0.5154244,0.08920638,-0.3237091,-0.037947915,0.28749138,0.52791345,-0.15072672,0.4244592,0.2167745,0.49979156
1396,0.16810827,0.35819054,0.35590568,0.008196156,0.07301818,0.14734751,0.16956627,-0.19189852,-0.32545343,-0.25118512,-0.2734559,-0.0378798,0.22387798,-0.48013332,-0.3679176,-0.05974063
1382,-0.043370735,-0.30473948,0.18009427,0.09599837,-0.095516,0.21524699,-0.2560527,-0.40395865,-0.16414948,-0.137511,-0.061911043,-0.27120066,-0.025309261,-0.21267979,0.1359971,0.17601876
616,0.4966054,-0.2819947,-0.008664212,0.16488324,-0.25036138,-0.077565,0.23378383,-0.36754233,-0.52936375,-0.033724356,-0.5381389,0.5205123,0.17543125,-0.20965454,0.06178696,-0.1563398
170,-0.17866267,-0.6810129,-0.7464414,0.6564933,0.12923962,-0.28567573,0.43386456,-0.29775646,0.073810905,0.382831,-0.040514283,0.22753052,0.44342384,-0.24341467,0.3576447,0.18167652
158,-0.4540873,-0.68641084,-0.60611546,0.447941,0.03489589,-0.10143154,0.32263783,-0.47876036,0.31161958,0.7212167,0.59601057,0.3671456,0.474415,-0.36315557,0.47313935,0.07220408
1547,-0.14192872,-0.2520401,0.14721307,-0.3206502,0.54500943,0.22680038,-0.21073668,-0.5205998,-0.4398341,0.0022097363,-0.29698402,-0.2589952,0.2826758,-0.3196517,-0.43328902,-0.25920102
1221,0.19464363,0.26437974,-0.025105147,-0.040315427,-0.42065138,-0.19679764,-0.10426911,0.059383836,-0.45617014,-0.2590062,-0.015070996,-0.028947549,-0.17084561,-0.051098812,-0.29018077,0.18746728
1235,0.12953976,-0.090349965,0.1947962,-0.39914465,-0.09084846,-0.22038656,0.39280504,-0.46617934,-0.55145246,-0.11123157,-0.36049974,-0.25374871,-0.19677895,0.21189505,-0.25052616,0.23425983
979,0.13379602,-0.16528134,0.112515315,0.4164623,-0.046784613,-0.08099804,-0.22690663,-0.2515925,0.006569917,-0.28727224,-0.20131779,0.4430001,0.33294794,-0.122353986,-0.012460396,0.13841559
1553,-0.28994864,-0.30560553,0.07050981,0.016841145,-0.16986728,0.10297922,-0.25368693,-0.4662951,-0.14674811,0.05378195,-0.060425587,0.037290473,0.1850307,0.0257278,-0.63260144,0.20963791
789,0.0814284,0.0698518,0.18363522,0.049133208,-0.10734683,0.017537436,-0.38659185,0.11605308,-0.011624722,0.11766955,-0.10078695,0.16061983,0.40212685,0.07489946,0.18742761,-0.023843577
1209,-0.12054262,-0.4898804,-0.200969,-0.27784643,-0.53904194,0.3511671,0.53117895,-0.1649746,0.58514637,-0.6957655,-0.13797274,-0.5547746,0.08221935,-0.5493562,0.63146967,0.6779699
945,0.39316615,-0.40233853,-0.4779659,0.08186858,-0.0077277655,-0.015275214,0.25967053,-0.10549577,-0.4885732,-0.053882666,-0.013969518,0.4787098,0.3854503,0.069252044,0.117886364,0.65472096
1584,0.14310199,0.19833173,0.08111072,-0.11975614,0.13419424,-0.13688967,-0.020154087,0.08564987,-0.21004996,-0.15423338,0.09268185,-0.08607673,-0.017148929,0.13850656,-0.2907251,0.1386894
776,-0.2629464,-0.5478461,-0.067606844,0.09952993,0.48051292,-0.0667965,-0.70960265,-0.4335114,-0.055461336,0.38098365,0.37660962,0.4899902,0.20098662,-0.29411677,0.17423746,-0.019420182
1590,-0.42000645,-0.19113192,0.64913785,-0.26797786,0.21803291,0.76638913,0.15930143,-0.64758474,-0.0074245906,-0.7100945,-0.54979926,-0.20750485,-0.5300761,0.17469895,-0.27128407,-0.62895036
986,0.4059206,0.030249875,-0.091744214,-0.0684667,0.20735373,-0.31535852,-0.35002375,0.21957137,-0.06325533,-0.23561984,0.12220445,0.1290055,0.4156052,0.35807434,-0.23174746,0.20398186
1023,0.009601063,-0.21604228,0.37686077,0.2527872,-0.46255764,0.2973689,0.26015982,-0.13110307,-0.04334244,-0.42454013,0.092372574,-0.118029825,0.020727824,0.11799487,0.0060128514,0.27764538
1745,0.25870267,0.03628411,0.076467395,-0.12559883,0.1158226,0.19355993,-0.091789976,-0.15227284,-0.2514239,-0.1611306,-0.11850406,-0.19990668,-0.016960634,-0.22521958,-0.011436024,0.25600183
1751,0.19109029,0.18911389,0.027623612,0.025185756,-0.12703769,-0.26559684,-0.05929334,0.007856296,-0.23806536,-0.52694523,0.18827443,0.18335402,-0.028866591,-0.1811449,0.08201946,0.23709188
1989,-0.06624562,0.111962184,0.07262971,-0.20072526,0.014583289,0.0005356967,0.23283526,-0.19426821,-0.22210479,-0.38010973,0.1481833,0.040426206,0.19051322,0.26519778,0.17867607,-0.20577948
1037,0.24731416,0.0020379508,0.23545377,-0.036591597,0.116125874,0.053562798,-0.026605543,-0.20835829,-0.26310462,-0.05375228,-0.42513034,-0.57906437,-0.096554816,-0.37430423,-0.42163867,-0.23645422
1779,-0.30818585,-0.39246523,0.5011368,0.47890317,-0.1864308,0.30728602,0.34906027,-0.24187884,-0.06099435,-0.44914714,0.22683507,-0.31486246,-0.002546804,0.29251722,0.42315686,0.15421565
574,0.25306404,-0.24949081,-0.38385582,0.14771439,0.32038718,-0.077770375,-0.068094954,-0.21050668,-0.14517538,0.09314126,-0.2022652,0.109075636,0.39786407,0.05499908,0.20912184,0.2636346
1786,0.20204177,-0.2470188,0.33108872,0.5698503,-0.4010082,-0.07810694,0.05910075,-0.023614718,-0.27415353,-0.6843306,0.053461447,0.67812115,0.21642366,-0.37236115,-0.121252574,0.17088321
212,-0.23991403,-0.23614664,-0.08291604,0.0013274244,-0.08628161,0.027391538,-0.020368474,-0.0560704,0.10176169,-0.27913696,0.24231315,-0.026331361,0.19901183,0.45673656,0.035670854,0.20608993
206,-0.57872045,0.2585497,-0.3128678,0.6039987,-0.19981551,-0.39636892,-0.21716392,0.016229307,0.1561355,-0.25742817,0.18075094,0.50130945,-0.27729517,0.35905764,0.15051489,0.28429756
1792,0.101317585,0.3122953,0.22459675,-0.15605378,0.37123862,0.0056352615,-0.20556977,0.057093132,-0.37438866,0.030459411,-0.14333989,-0.2936153,-0.15218471,-0.36605158,-0.19594505,0.17740342
560,0.38215446,-0.1929086,-0.18995875,0.20778751,-0.35455787,0.019688044,-0.35734308,0.023621835,-0.3622778,-0.07162083,-0.22374697,0.25628373,0.24030612,-0.025895594,0.13496585,0.32897645
1962,0.13578612,0.20353082,0.0928083,0.08475504,-0.3469536,-0.38122484,0.06121147,-0.38255903,-0.45112932,-0.21545194,0.17932989,-0.14266506,0.14869513,-0.25275162,-0.070473544,0.32090554
1976,-0.32963848,0.018548975,0.56184167,-0.10173776,0.048205953,0.1574367,0.36418337,-0.4049332,-0.1573758,-0.48268625,-0.057078626,-0.6735279,-0.116648585,0.20217492,0.57151014,-0.005717218
