song_id,embedding_0,embedding_1,embedding_2,embedding_3,embedding_4,embedding_5,embedding_6,embedding_7,embedding_8,embedding_9,embedding_10,embedding_11,embedding_12,embedding_13,embedding_14,embedding_15
223,-0.8044459,0.032514468,-0.29614237,-0.27991274,-1.6202401,1.3311484,0.1433048,0.3010913,-0.071494624,-0.88124967,-1.8427658,-3.379363,-2.2027388,-2.1982627,-0.24672472,0.13849789
237,0.96762073,1.4845245,-0.7904762,-1.0174278,-0.10892509,-1.8506702,0.5251451,-1.0571849,-1.3248547,0.41369462,1.2262783,0.005612774,0.81848663,-0.92326814,-1.4967799,-1.2773606
551,-1.8475279,-0.38777918,0.042586684,-0.7274488,0.07915017,-1.0617439,0.55626845,0.81389296,-1.0354942,-1.0493324,0.7095536,0.51639885,-0.6712384,-0.27000448,0.18842411,-0.3473786
579,0.054486096,0.22248623,0.41095582,0.0616824,-2.06512,-0.75874174,0.88715816,1.030474,1.9153982,0.20419753,-0.8019079,-0.0885382,0.44941166,1.0979468,1.2863361,0.64479387
1953,-1.744879,-0.6992733,-0.2960048,0.675328,0.038326696,0.64571124,0.87000346,0.33605292,-0.07089448,-2.1374211,-0.15938127,0.032942623,-0.15075211,0.27159658,-0.2099467,-0.51951814
1947,1.1984553,-0.59840256,-2.363689,1.052718,0.18463951,-0.8784135,-1.2218586,-0.4633765,2.2710383,-0.77424306,0.32022226,1.3677108,-0.7445829,0.55269235,-0.8440304,0.17110354
586,-1.1875238,-0.08013097,-0.452212,0.5370217,0.22221994,-0.15803221,0.07667822,1.4132313,-0.55105203,0.554206,-0.67241234,-0.80676836,0.71011204,2.1570241,0.10585888,1.1496546
1012,-1.3973441,-2.6861768,-0.19093277,-0.26368022,0.37087804,0.18857771,1.7019262,2.3956656,-0.59005594,0.90900743,0.4400761,1.5417986,0.4551138,1.1413656,0.89700675,-0.8205138
1774,0.33112884,-1.9914734,-0.9364788,0.6280465,1.4002776,-0.5089405,-1.3403343,-0.84977764,-0.34678385,-0.21573278,1.089056,1.2022437,-0.6474616,0.07592566,1.1961188,-1.4190662
1760,2.1069672,2.2919939,0.14037484,0.46967494,0.503911,-0.034444034,0.01887238,-1.6012207,0.75555944,0.6348813,-1.3940988,-0.35143098,-1.1361779,-0.4298708,0.9988434,0.76088566
1006,-0.44308507,-0.56119496,0.2275767,0.08911357,1.0018514,-1.8367194,-1.0888234,-1.2602082,-1.9949334,0.97456956,1.9287636,-0.07504007,-1.0724704,1.0260566,1.0491368,-1.0472646
592,0.064659655,2.279677,1.9163544,-0.35706043,-0.1394665,0.23144844,-0.07231043,0.16885802,-0.3787405,-0.84776205,-0.48372865,0.37050223,-0.7049353,0.92098314,-0.11676976,-1.2097559
1990,0.5644908,-1.2984568,-1.9247506,-0.27180347,-0.4156065,1.248603,0.96060264,-1.1132663,0.8208974,0.1306218,-0.85082746,-1.1874238,0.5071827,0.22234008,-0.5391488,0.99729013
1748,0.57624835,-2.432864,0.41887486,0.34023023,1.2267107,0.35154304,0.71260244,-1.327329,-0.8607149,0.5790248,-0.5215137,-0.18533573,-0.95412946,0.9691446,0.6819334,-0.29416305
1984,0.5885848,-0.5364384,0.028362423,0.93305117,-1.3042928,2.1869502,0.20767502,-0.34997135,0.2419171,0.45308653,0.21393515,0.43940425,-0.5041281,-0.159693,-0.46419674,0.39722133
747,0.8224609,0.20844033,-0.31403324,-0.015182495,-1.5512362,1.6318178,0.15720007,-0.30975673,-0.9922437,0.31944072,-0.2321985,-0.58440363,-0.4611862,-0.6960323,1.0086186,0.24051213
1589,-1.2126362,-1.8763311,-0.55529606,0.45362836,1.4823298,-1.0509704,0.32266176,2.320165,0.1800852,0.5838149,0.094881654,1.3584156,0.30349135,1.159678,0.7246091,0.21014693
1576,-0.45193863,-1.033944,-0.8441457,1.1266453,0.39315495,0.7994121,0.20459566,1.411483,0.37307918,0.06397486,-1.7092761,0.4082705,-1.3166316,-1.15982,-0.54658574,-0.8161294
1210,-0.47208783,-1.4233173,-1.2123708,0.43610445,-1.0164964,-0.32901502,-0.115699336,-0.4799668,-0.36125576,-1.0275106,0.09102517,-0.39204675,-0.13105404,-0.44596133,-0.53994095,-1.4214247
784,1.4819187,-0.544265,1.5159283,0.68162954,2.032333,1.484164,0.3059766,-0.035181314,-0.99711007,-0.29479533,-1.3360107,-2.954969,1.4405075,-0.002783537,0.40039948,-0.44301438
790,-0.80763185,3.1772048,0.53341484,-1.5258955,0.7681322,-0.61517406,-1.5646205,0.4796814,0.8228157,2.6009548,0.8279979,-2.0858765,-0.27526224,-0.8930019,-0.4227282,-1.4202826
1204,-0.65137136,0.3182837,0.58725756,1.1632133,0.6542635,-0.9186314,0.15733783,-1.5885158,0.9355349,-1.1060979,-0.03865224,0.26213884,0.16887134,-1.2894568,-1.0133357,-0.41089433
1562,-0.07602516,-0.24791823,1.3977319,0.92252773,0.79721284,0.7134164,0.38685408,0.2933798,1.2834294,0.9619002,-2.2167819,1.151187,3.4188352,0.43186054,2.0782328,0.15495616
2043,-0.74068356,-0.8712713,-0.65501475,0.35670486,-0.9997844,-1.8778265,0.85425824,-0.4325257,0.53637093,-2.944861,1.5418086,-1.0577023,-0.8387604,2.7556627,-0.5439962,-0.34859675
960,0.71561193,2.7329936,0.28185278,-1.4144173,0.43382323,-0.70885026,-0.25900072,-0.2677743,2.1157439,-0.66007006,-1.1693149,-0.95128804,0.7855989,-0.85667956,-2.4733183,-1.2959974
974,0.2563832,-0.038499333,-0.5274046,-0.22301924,0.0018753558,2.137051,-0.8781332,-1.8127004,0.3617409,-1.4526191,1.5195328,0.6144868,-0.647135,-0.6020688,-0.6900865,-0.32869828
1238,-0.8448585,0.14523365,-0.95672846,0.8183507,0.5397793,1.7414466,0.7811388,-0.037400484,0.42351356,1.7585962,0.52857506,0.50354,2.2753386,-0.873103,-0.50840116,0.7732215
2057,0.20023718,0.23282576,-0.0712924,-0.5615831,0.7278589,0.57956433,-0.29576933,0.16493192,0.7033795,0.30497468,0.7652477,-0.13444519,1.449291,0.5109767,-0.0124756545,0.763752
155,-0.9556198,0.46993172,0.3694825,-0.9144156,0.17206474,-0.32692817,-0.812544,0.3303426,-1.5696937,1.8514171,0.31315285,1.3151692,-1.2696027,-0.9416393,-0.03106296,2.481169
169,-0.5144249,-0.91257906,-0.04637579,-1.846432,-0.41203004,0.34938648,-1.1910774,0.50990444,-1.88075,-0.18875161,0.31804773,1.14326,0.67084455,0.2592838,0.5862452,-0.9622681
83,-1.0727589,0.8457965,-1.1752731,0.034691185,0.4270072,-0.01587841,-0.72799456,-0.26997846,-0.22955316,-0.7854634,0.5073713,-0.8889025,0.8357203,-0.004760891,0.10863939,0.19396186
1402,0.44966382,-1.2707098,-2.0537484,0.2261701,-0.8367388,-0.76661325,-0.3762033,-0.9680172,-0.56388164,0.017054796,0.45299572,0.3214901,0.67771876,1.8550341,-0.89561844,1.9544125
196,-0.8456719,1.5136461,-2.4260697,-0.7667656,-0.93550557,-1.9757736,0.6091412,-0.30367085,-0.7421689,1.5977682,-1.6432815,-1.8557051,-0.6700854,-0.030773818,0.6753259,-0.24197285
68,0.274879,0.031117544,-0.07429448,-0.6213,-1.7248336,1.3187273,0.26532248,1.1064558,-0.06708151,0.19157633,-0.5395284,-0.8972322,-0.01818148,-1.0382606,0.2744757,-0.37513375
1364,-0.9220138,-0.78684235,-0.943536,1.245707,-0.32930642,1.7641544,-0.86169934,0.0041943192,1.6061473,0.6079559,-0.94766253,-0.5547912,0.8594046,0.3983992,0.46963674,0.50681865
1370,-1.9753861,-0.9382448,0.9346621,0.18124683,0.68394744,0.40968883,1.381744,1.233583,-1.4149688,0.72273207,-0.7846037,1.2213724,-2.5437431,-0.89496255,1.2961917,-0.37933397
182,1.8150591,0.17606805,0.0669263,-1.2564062,-0.48986286,0.42502737,0.32071316,1.9442382,-1.8426943,-0.537542,-0.31943288,0.11993274,0.0069077015,1.4033415,-0.21422231,2.4956367
1416,-1.1757665,-0.9702192,0.6088133,0.87237155,-1.0351217,0.0039566755,0.0907253,0.51344645,0.044590406,-0.95261574,0.32558686,0.5079019,-1.0328507,-0.2266263,-1.627012,-0.88965875
54,-0.032187253,0.023236245,0.1702384,-2.198845,-0.51479274,-1.0749166,-0.5782027,0.46552992,-0.75177485,0.34202194,0.34670782,-0.005204443,0.95144236,-1.6953833,2.1651878,1.6010777
1358,0.3883943,0.27238923,0.83949614,1.3832091,2.430643,-0.27229267,-1.1013432,0.76383173,1.198212,0.48343322,1.0739498,-0.7487237,-1.1818482,1.2315633,-0.65560234,0.7949866
814,-1.2286086,1.9318058,-0.5126697,-3.8915162,2.1816342,-1.8515106,-1.728902,-0.35226142,1.0497859,0.594885,0.7087231,-1.4215685,-1.1165367,-0.12346622,-0.5243108,-0.6468408
40,1.2214663,0.14149907,-0.92715746,-0.6500799,-0.58509177,-0.8293166,0.05953364,-0.00037284195,-0.011882684,-0.3367967,-0.11648409,0.13553117,0.52738106,-0.64692277,-1.1336398,-0.36277217
800,-0.76105666,0.27419603,-0.74371994,-0.79362243,0.18494199,-0.69638735,0.5398653,-0.41402018,0.0020708218,-0.91761625,0.591888,-0.22858424,1.2092049,1.2474427,0.11987987,-0.036465794
431,-0.97663,0.9112873,-0.5007918,-1.1554646,1.8992852,0.99067646,1.2572312,-0.049139857,-0.40067178,-0.22334146,0.89591575,0.8297354,-2.7868454,0.0022683814,0.766277,-1.0987022
357,-0.97654915,0.6457872,1.0224354,-0.6699734,0.19049619,0.46371502,1.1933513,-0.3949206,0.7153662,-0.41469806,0.78198886,0.52675366,0.34409422,0.82580304,0.7203609,-1.4477488
343,-0.6794029,0.8150483,-0.31449068,-0.48501018,0.31698006,0.3501554,0.28300595,-0.07436078,0.390367,0.5769616,0.21132588,1.5176779,-1.1383574,0.16159241,-0.75021815,1.0599992
425,0.1623205,1.7307428,1.2073892,-0.9153437,1.164642,-1.5299554,-0.5860696,-0.2635507,1.0725448,-0.15465915,0.099183746,-1.53078,-2.310859,0.18680832,0.91658926,0.42935473
1199,0.8600414,-0.15346286,-0.7695962,0.22250763,-0.5843073,0.7953646,1.6865717,0.5020747,-0.2104793,-0.2487083,-0.93728065,1.4944654,0.4069763,-0.52092373,-1.4430494,0.041481182
1827,-0.57150435,0.56121516,0.12499097,1.2844477,-0.20668504,-0.7931737,-1.1682105,0.5828209,1.5637789,-0.3489381,0.62211186,-1.3573861,2.489105,-0.9334003,-0.07382437,0.67756987
1833,0.14307648,-0.5451163,-0.23053783,0.09528226,-0.6122799,0.44356048,0.27282476,-0.8308417,0.43186265,1.4790558,-0.5880735,-0.36595362,0.15552823,-1.2958009,0.36453855,0.28540802
419,-0.8277093,1.4579711,-0.7876384,0.08151095,-0.85049593,1.5218257,0.08271388,-2.2379942,-0.6966295,0.41235927,-1.0112832,0.2327939,-0.76291996,-0.8386643,0.54626155,2.4113557
1166,-0.9213891,-1.4043398,0.13757406,0.6074383,-0.80812967,1.03392,-0.17615402,0.39814946,0.27299517,1.4563591,-0.38234648,0.13523987,-0.90118265,-0.4240545,2.5628054,1.5627174
1600,-1.9281735,-0.35773826,-1.4596758,0.84623414,3.8260663,0.069542736,1.8829205,0.93503237,1.3674769,0.14722994,-1.7244321,-1.254703,-1.4333339,-0.7661661,-2.0871837,-0.8967477
1614,-0.45664266,-0.78721845,-1.4453487,0.41702765,0.22685367,1.6354914,-0.18680361,0.93150425,0.85657847,-0.7212959,0.66269773,-0.117948025,-1.0378673,1.5574582,1.6522661,0.90014637
380,-0.46909478,1.1787045,0.29207778,-1.5084635,-0.61103123,0.39856666,0.6563291,-0.99252576,1.2021682,0.89941394,-0.10158393,1.6596925,-0.5344492,0.44342217,-1.2238159,0.3186336
1172,-0.43080217,-1.7897596,-1.794069,0.018721342,-1.2771125,-0.47034895,-0.1804424,0.007640183,-0.07486996,1.4241843,-0.69538933,0.39999798,-0.6802074,-0.9797293,-0.11273903,-1.8902133
1628,0.32171494,0.46440804,0.40221074,0.2574316,0.7632135,0.16944355,0.8618642,-0.71471566,-2.1700685,1.4483808,0.5001234,-0.60993236,-0.36541983,0.392944,-1.5348027,-0.90252054
1629,-0.6873503,-1.1977106,0.3084248,0.8816442,0.5045265,-0.42994344,0.44199347,0.46006298,-0.51483876,-0.08531621,-0.7503624,-0.31642234,-0.10015875,-1.0263739,-1.2478746,-1.4074577
381,-0.15381807,-0.51226157,1.025042,-2.56218,0.8768773,-0.10478288,-0.9620725,-1.3860667,-0.13171999,0.5909106,1.0296569,-0.19191568,-1.8766702,1.9696524,0.9356807,1.062548
1615,-1.688609,-0.64976513,0.52037674,0.015965976,0.19959685,0.49435815,-0.119569376,-0.18698686,-0.27875277,0.41083863,-0.3894419,0.71703374,-0.28598106,-0.074931234,-1.4996927,-0.30030984
1173,-1.6215179,-0.35973772,-0.6867209,-0.84221447,0.15181713,-0.27057794,0.03515315,-0.9678881,-1.249836,-0.101979434,-0.11660212,0.8529438,0.87875867,-0.4746122,0.1648708,0.45092982
1167,-0.2526066,0.22620368,0.45382154,0.52387595,-1.3922865,-0.80853343,-0.9636049,-0.97207195,-1.6625165,-0.48659694,-0.68859184,0.08763528,-1.6988502,0.7160767,1.3737948,1.1461332
1601,0.5790938,0.18000238,0.73254037,-0.15137872,0.42239434,0.6870903,0.6859859,-3.0668664,-0.0050199665,0.53150564,-1.7423761,0.7141732,-0.16817027,0.40591347,0.124892935,0.67622066
395,-1.0173366,0.7703431,-0.032379866,-1.8267732,0.684716,0.87719,0.65868676,-1.5209595,0.102033064,0.116889566,-0.98171914,-0.21823137,-0.46942136,0.90109754,-0.37898153,0.4894657
1832,0.30432943,-2.3404982,-0.877934,0.4689469,1.5322928,-1.0389946,-0.89597803,-0.24660116,0.19669846,1.3187616,-0.37985888,1.2162989,-1.3596668,1.4958662,-1.264782,-0.27114785
1198,-1.2204694,0.29259083,2.1565688,-0.10036591,-1.2367995,0.87081224,0.7676712,-0.26362014,-0.30540857,1.1597859,-0.18879163,0.88381267,0.026543424,-0.55523676,0.8590688,0.83590376
1826,-0.58111155,0.75974774,1.3602071,0.86435014,-0.030311627,-0.94829977,-2.1178656,-0.90241426,0.59251595,0.9162042,-0.8233733,-2.2881222,-0.7051005,0.26593184,0.73584133,0.006522566
342,-0.10714984,-1.2094667,0.022051277,-0.02915068,-0.6162728,0.66704273,0.77526116,1.7795496,0.7445487,0.18693301,0.76756585,1.2329521,-0.42509282,0.24750683,0.6930078,-1.1931025
430,1.0043055,-0.1709399,-0.8074804,-1.2043666,0.14799324,0.31395638,0.44531325,-1.1741709,-0.09544702,-0.33961135,-0.028642625,1.9052445,-0.92862606,-0.5730039,-0.73877263,0.17916547
356,1.3870678,-1.8975765,-0.62067556,-0.4160257,0.36915,1.3698885,1.1037413,0.17656079,3.016432,1.3228291,-0.5210837,0.19228345,-3.2846217,1.1139125,-0.725973,-0.37813783
801,1.9264079,2.6170042,2.143428,-0.07981649,0.058736667,0.9825441,0.51308423,-1.0338038,-0.33393258,-2.4104278,-1.7182605,-0.20762119,0.975517,-0.6695516,0.9049858,-0.7884734
41,-0.7969583,1.3331649,-1.6652185,-0.507241,-0.99149364,0.05429075,0.6674087,0.8950006,0.6368518,-0.24990241,0.18178272,-0.52182895,-1.4220725,0.46765506,-0.6313028,-0.874127
7,1.2621362,-1.0208325,-0.6102144,-0.6386444,-0.8379185,-0.4970769,0.40822765,0.775485,2.0073683,-0.230165,0.64554965,-0.33222294,-1.077997,1.6487403,-0.25728452,1.0516465
815,0.11946702,1.1116633,1.6156487,-1.6949927,0.16248505,-3.1945229,0.47866005,-0.7623523,-0.1831703,0.30766195,-1.4549133,1.4155577,-0.39568138,0.71303827,-2.1254761,-0.547498
1359,0.4673496,0.013073072,1.812533,-1.0792805,-1.2876931,0.9627473,0.8166715,-2.549859,0.5926794,0.6261089,-4.1180143,-2.4832618,1.9430425,-2.4843657,-1.1116079,-1.3732855
55,1.1986659,0.20006356,-1.029523,-1.1097627,-0.5075354,-0.33384228,-0.9858078,0.70058477,-1.0429069,-0.56103617,3.2396598,-0.21857944,0.4949429,0.7054983,-1.4184859,0.79935086
1371,-1.7547334,1.2480023,-0.23158103,1.8077044,2.192942,-0.3850725,0.84827554,0.9180308,1.7532865,-1.6302452,-0.6390723,-2.299321,-0.75076,-0.28254935,-0.556131,-0.5292792
1417,-0.25574383,-1.350819,-0.61009765,0.7718054,-1.3217838,-0.65541536,-1.2033112,1.7997358,0.0003940314,-0.82590026,-0.18402773,0.5899526,-0.5898504,1.0390319,-0.8998827,-1.0829613
197,-0.51489913,0.6660882,0.016115248,-0.53914756,-1.581928,-0.37840897,0.31125894,1.030941,-0.5241183,1.2471805,-2.377176,-3.2356966,-2.728153,-0.47073174,-0.9290491,-0.5560599
1403,-0.5479592,-0.2160371,1.0217689,1.4507315,-0.36865532,-0.5271252,-0.49093038,-0.19326553,-0.24527568,0.24834988,0.3129968,-0.2703096,-1.1351181,-1.0555642,-0.0023168325,0.98221767
829,1.2404345,-1.2018448,1.3265853,-0.07851668,-1.9198674,-0.42685696,0.30369693,0.160745,1.2894901,-0.28709048,-0.49601284,-0.7491478,-0.7874757,-0.40389267,0.68134785,-1.8271586
1365,0.8485527,0.30800653,0.3646009,-0.14624536,1.0471544,0.23605731,-4.027939,-0.16037872,-0.21070063,0.026565582,0.6027721,-0.2598951,-0.34927937,-1.7187402,-0.28278244,-1.572921
69,1.3853977,-0.73769796,1.0488951,1.377938,-0.9785765,-0.98031425,0.93918127,-0.28219697,-2.4418707,-1.1581767,1.724897,-0.12974548,1.2823452,1.3445985,1.496858,-0.43142748
82,-0.052156508,-0.8867348,-1.9492137,-1.2308232,-0.8537381,-0.49453062,-1.1311936,-0.9496813,-1.416321,0.51718175,0.37590432,-0.42110848,-0.22535914,2.0537384,-1.4010794,0.6367522
168,0.9910742,0.87532663,-1.3854516,-0.25516233,-1.1620893,1.6693082,0.24322966,-1.3422314,-1.1165409,0.32810718,0.38319704,-0.6013478,-1.3427737,-1.3767926,-0.3894115,1.0757372
96,1.0992153,-0.6032959,0.37725198,-0.21007371,0.12480204,0.09297932,-1.6702919,1.4782368,-1.1739094,-0.14862645,0.8789704,-0.67151225,-0.27872458,-0.14894152,-0.57775587,0.5334832
140,-0.4435529,0.61874723,-0.1195045,-1.4653115,-1.2802917,0.33968115,-1.9743979,1.5818915,-1.158463,0.7370429,-0.07784897,-0.25668693,0.33074012,-0.90940267,0.9275206,1.4101238
154,1.1218417,0.86176723,1.4848584,-0.49229497,-0.20065062,-0.5108863,-1.3104012,1.6139133,-1.109839,-0.544455,-0.29078588,0.9649877,1.2220287,0.45099533,0.28097683,1.5247326
632,0.9431858,0.77351606,0.9074847,-1.6934885,-0.5327306,-0.43112975,-1.697133,0.6049294,0.08420418,-0.79468143,0.3195248,0.13288862,0.36524636,2.4127696,-2.0150123,-0.12269145
1239,-1.3248366,0.10763267,-0.25083143,1.6790822,1.1549277,1.1302754,0.47710416,-0.75326645,0.28913203,0.8506209,0.35111067,1.3847392,-1.1066618,-0.40268543,-0.09011114,1.1676136
2056,0.42920503,-0.28128222,-0.5551193,-0.21059476,0.016211674,-0.37531555,-0.07366931,1.1975281,-0.31787586,0.09148774,0.23116976,-0.01321435,0.10681552,-0.50967854,0.2294438,0.97823143
2042,0.86734974,0.3186084,-1.7427988,-1.0143476,-0.0007106364,-0.61380523,0.3150459,-0.9817964,-0.43339548,-1.1755893,-0.4377777,-0.85466325,-1.2167033,-0.29811344,-1.332705,1.037874
961,0.12406644,0.3601045,-0.29804647,-1.4963971,0.94677305,0.388124,0.7659534,0.7558821,-0.26589727,-0.7527224,0.28845453,0.17020947,-0.06916949,0.37199757,0.6375725,-0.35518166
1205,-1.7379129,0.010509223,2.0854948,1.3095021,0.9586189,-0.4938257,0.40892515,-0.6161726,0.18582723,-0.02020882,-0.14973235,0.49667984,-0.44044116,0.17059088,1.1967325,0.3907464
791,-0.73735154,0.68277407,0.22903259,0.2931939,-1.6849765,0.1978533,-0.10561964,0.9297846,-0.38974634,-0.43807924,-1.4539392,-2.943655,-0.02550207,0.113428235,0.65930676,-0.6811585
949,-1.0051675,-0.026420042,-0.28482017,-1.3865647,0.22270074,-0.46958923,0.30678228,-0.39301533,1.9203795,-1.8273244,-1.097558,0.30824873,0.7164712,0.73849297,1.3845114,0.65624225
1563,1.161576,-1.5496987,0.5626614,-0.035582088,0.86333585,0.5884265,2.571268,-0.30015326,2.088576,-1.612427,-2.624677,0.8159071,0.7611223,-2.0211651,-0.22436543,0.5477838
1577,0.38822702,-1.038557,-0.8222796,-0.26884207,-0.01703024,0.037248135,0.9160085,0.9936936,0.80257964,-1.4322592,-0.11744273,0.35371643,-0.9055543,0.6673994,-0.3999379,-1.3030629
1211,-0.5927914,-0.45264012,-0.5187088,1.5085001,-0.13260582,-0.61621314,0.6372018,-0.32036698,0.3801663,-0.5485233,-0.064051114,0.25864208,0.3098199,1.3481811,-0.049069628,-0.12715372
1588,0.7711234,-0.48907655,1.3527597,-0.48341882,0.88320863,1.2199337,-0.25823528,0.2947153,-0.5302384,-1.2075351,0.113649726,-0.5200757,-0.6091491,0.30896422,1.6893853,-0.3525632
746,-0.7519214,-0.22160858,-1.5444034,-0.43361673,1.0169513,-0.8101451,-0.34333172,1.0790195,-0.6457106,-0.15644857,0.81591487,0.71093863,0.01753828,-0.8137577,-0.95909166,-0.48784697
1985,-1.585603,-1.0337354,0.03811571,0.97049,0.048929326,1.2316475,-1.0067737,-0.08541179,1.2961937,1.4363482,1.7330527,-0.45415837,0.3825258,0.46999234,-0.38691324,-0.3810404
1749,-0.0144922435,-1.3533753,1.2048533,0.91456616,0.10099418,-1.8065283,-1.3722055,-0.10281816,0.9079521,-0.21039483,0.7015892,1.7268233,-0.30392623,0.35540554,0.4283653,0.55919343
1991,0.8134169,-0.64503825,0.49290648,0.20745064,-0.15231654,1.3949695,-0.22200072,0.27089524,1.5619276,-0.34150624,-1.0333388,-0.16829967,0.533127,-0.3814764,0.33273712,1.5494516
1761,0.8491343,-0.36525506,0.16095543,1.2518694,1.1810477,-0.59411085,-0.01604256,-0.80690575,1.0696149,0.0064274967,-0.767088,0.5369803,-0.21967447,-0.72850966,1.1692461,-0.90928006
1007,1.0459005,-0.27629825,-0.83737,-0.24736553,1.6311998,-0.81896436,-2.5867996,-1.0256833,-1.7660992,-0.5378517,0.8106175,-0.2143619,-0.50402606,1.0990081,1.0528319,-0.20200366
1013,0.5979579,-1.2291455,0.31055385,0.5410379,-0.46557933,-0.07568364,2.298134,-0.2523296,-0.6431404,-1.8496857,0.32660657,-0.055020817,0.65196323,0.09645468,0.93481743,-0.014865965
1775,0.23706603,0.5402748,-1.6359499,1.5179813,-0.8584298,1.7391514,0.99297965,1.1754241,-1.304999,0.36936474,0.43597957,0.64870507,-0.7254092,-0.10770327,0.44802397,0.5710631
1946,2.607253,-0.9986489,0.91711193,1.2483567,-0.26226017,0.569671,-0.5679581,-0.19953138,2.5188339,-0.0029302835,0.81702524,-0.5420525,-0.3643305,-0.027893186,-0.037574172,-0.57578146
1952,-1.046496,-0.6281404,2.2048554,0.55388165,0.5029759,1.7448924,1.5882801,-0.66496915,-0.05211992,0.21165884,-1.062191,-1.174005,0.65249825,-1.4093589,1.8919052,1.2077512
236,-1.7998906,0.12885334,-0.15762976,-1.3127327,-1.1179508,0.5166895,-0.15177858,0.756672,-1.7252257,-0.7883241,-0.7288646,1.335993,0.034643784,0.3383671,-0.25314108,-0.32857504
550,1.7281665,0.7526922,-0.7098106,-0.12073058,-0.15333605,0.84474266,-0.119354784,1.1448677,0.47634944,0.78591174,-0.1253522,-1.2400635,-0.372868,1.1930376,-0.81053257,-1.1365111
544,0.26956043,1.4050119,0.38234425,-0.8962068,-0.28702536,-0.635494,1.0529886,-1.1063783,0.36115444,-0.33064508,0.8464643,1.2810566,-0.11699617,-0.19957906,-0.5179167,-0.03581202
222,-0.20351005,-0.8283509,-0.64369816,-0.21975769,-0.8753308,-0.41619802,0.67326057,-0.15222514,-0.04429619,0.39594138,-0.56886154,-0.83986145,0.46939382,-0.455265,-0.825079,1.3765957
234,-0.42338946,1.0047218,1.0182185,-0.4683609,-0.4925445,0.13477677,-0.06091708,0.048080653,-2.3185484,-0.02548778,0.5944518,-0.82426214,-0.5630656,0.14309174,-1.2195187,-1.0760548
1978,-0.5432884,0.48806876,-0.41393238,1.574625,0.52251697,0.58525753,-1.0889497,-0.7927849,1.3047855,-0.19772205,-0.48364457,-1.4090784,-0.31525484,0.27070022,0.4287494,-1.3165838
220,-0.39899123,0.03944622,0.5242523,-1.2157327,-1.2358077,0.9492345,-1.5061848,0.7144202,-1.2260414,-0.75882673,-0.5803398,1.5195513,0.60165054,-0.60209113,0.66422915,1.0237664
208,0.16957408,0.8843696,0.259023,-1.3469791,0.8628254,0.7841484,-0.07330108,-1.6631161,0.8991858,0.45620647,0.08514994,1.244773,-2.020327,0.35439843,0.8215387,0.6498294
1944,-0.09694527,-0.25010458,-1.4586675,-0.42308566,-0.107849255,0.2863142,-0.31297922,-0.049952447,-0.3022199,-0.8458663,-0.46100453,0.89363873,1.9901897,0.2329247,1.6174928,0.1168613
1788,-0.10520604,1.114815,0.92984056,1.3694823,0.8011764,1.2477928,-0.44615862,-0.8552043,-1.226174,-1.0032706,-0.47014713,0.0262978,-0.12631832,0.8617094,-0.21597639,0.4199388
1950,-0.8357161,-0.46727583,1.2190284,1.3404067,-1.2984465,1.0020496,-0.6585933,-0.0023183376,0.50065595,-0.025688946,0.7498559,-0.6855695,-0.2915976,0.28658414,0.112769485,-0.79323614
1005,0.29163024,-0.22889847,0.98005116,0.4180526,-0.17007288,0.066581726,-0.37995976,0.6417357,0.57797444,0.75521475,-0.83544713,-0.14679763,0.39039698,0.21132767,0.5275526,-0.5202106
591,0.42179102,0.08478464,0.058794618,-0.9792315,-0.8652619,-1.6159,-0.9959838,1.1513866,-1.0409824,-0.53728163,3.48338,-0.81128466,0.23805425,0.6519317,-0.17763603,0.20348454
1763,0.14148235,0.026630484,-0.48788258,0.027787752,-0.54053944,0.8580367,0.35760123,-1.011964,-0.19363879,-3.8885167,-0.36285537,0.38995633,-1.6935608,0.4364769,2.7516935,-2.0557315
1777,0.25972173,0.17431974,-0.09033349,1.9939362,-0.41099897,1.570405,1.4108365,-0.89220357,-0.47948384,0.18647933,-0.4080881,0.6114037,-1.2669874,-0.40277523,0.81514543,-0.5897649
585,0.5474984,-0.48358923,1.6368003,-0.75232583,-0.37559733,-0.49289572,0.010211952,-0.6324001,0.5401957,1.2482452,0.2081027,-0.9499684,-0.790035,-0.4949715,-1.3341901,-0.5603197
1011,1.2203889,-0.73294616,-0.52442837,0.01581359,-0.62303597,1.2773051,1.1828529,-0.24889404,-0.849406,-1.2527665,-0.10173011,0.8974871,0.5172751,-0.31408748,0.12749413,-1.7528522
1039,-0.819449,-0.70008004,-0.23792619,0.25395283,0.59428674,-0.53756016,-0.41529936,-0.17723696,-0.027492478,-1.8643793,-0.52780247,0.64749795,-0.74934244,-0.46617192,1.3007371,-0.28377208
1987,1.4538273,0.79353154,-0.5169337,0.06956573,0.52162826,0.5359862,-0.12497926,0.77915585,0.07819106,-2.2395663,0.623572,-0.7239115,1.5074297,-0.44036144,1.6447502,-0.1394895
1993,-0.1511114,-0.270392,0.05164597,1.8538481,0.9206998,-1.3396108,1.1173562,0.48946875,1.1193175,-0.13238527,0.7621639,-0.88185126,-0.29435635,-0.47485965,-0.2686115,-0.7773701
750,0.0704357,1.7225491,0.6360567,0.39799562,-0.042921558,2.07392,-0.0486176,0.61706996,-1.9679652,-0.19038993,-0.22386649,-0.5263195,-0.01850412,-0.72749054,-0.7382796,0.91977143
988,0.3882103,0.52640045,-0.21359044,-1.8303549,0.65400374,-0.630067,1.0742013,1.0216439,0.14869305,0.7915299,0.6044143,0.4045717,-0.3418972,-0.20807719,1.4455954,0.38983792
744,0.107335836,0.17729756,0.5617611,-1.4844165,-0.6425311,0.12994814,-0.8250467,0.4780387,0.4625585,-1.0912025,1.1477046,-1.0946015,-0.44272494,0.7174057,-0.72905815,0.63884825
1561,-0.9573728,-1.9611467,0.007075615,0.4625081,1.9271659,-0.18649575,1.865006,0.10440457,0.01663655,-0.014122995,0.07396672,-0.72314954,0.27594757,1.5271515,-0.727763,-0.038887262
1207,1.9354486,-0.34072027,1.0404663,0.66389096,0.9334573,-1.2872574,-0.90614235,-1.0256152,-3.0809228,-0.43307483,0.18473719,-0.8739145,0.067833334,1.5111381,-0.89548945,-1.1173787
1213,0.5327406,-0.88485515,-0.5037922,1.4384341,-0.7835189,-0.3414504,0.0025362372,0.33259246,-0.6945454,-0.40559185,-1.567631,-0.86813456,0.2055864,-1.4527768,-0.68742883,-0.2864691
787,-0.2296542,1.2342696,-0.45257378,-1.1777928,-0.030207634,-0.6602156,0.82807434,-0.83402497,1.2467637,1.1232864,0.17424771,-0.5587833,1.0013578,-0.8441788,-1.0369308,-0.3342421
1575,2.4758408,-0.83239377,-0.28737855,0.18823488,0.010363978,-0.07449266,1.0907263,-0.2531531,0.26787123,-0.9118798,0.34295523,1.3280323,-0.9349448,-0.64459014,0.28264216,0.006333798
2054,0.16982567,-0.2381528,-1.8839712,-0.31106913,-0.9067957,-0.7045963,-0.8439119,0.15401381,-0.53876376,0.4103177,1.2181423,1.2448231,-0.3060145,0.9615592,0.21318024,-1.4560844
977,-0.2786484,2.13051,0.029889762,-0.29950655,-0.68487525,0.24430016,-0.016271979,1.6502938,2.397821,0.9564613,0.52994585,-0.20298553,0.28145257,-1.0475497,-1.8830665,1.0607518
2040,-0.81215715,0.40146637,1.2462927,-1.4642063,1.9912182,1.1290624,-0.36431432,-0.32202852,-1.179785,-0.8181491,-2.6581697,-2.5851934,1.9730356,-0.3562111,-1.2206602,-0.27921534
1549,-1.1264522,-1.9318292,-0.5898265,1.1278626,-0.5278968,-1.0408821,-1.0658256,-2.0067546,2.6136663,-0.83887374,0.31589335,0.005990088,-1.3919142,-1.4979545,-0.41613796,0.3496719
142,1.325486,1.010967,0.5273988,-0.06806575,-1.172153,0.30306005,1.5613999,0.6719634,-0.61636436,-0.1983594,-0.5395893,-2.1234102,-0.8161756,1.2134748,-0.27497992,0.22697562
156,0.60724163,1.1715077,0.66467226,-1.0983241,-0.41499686,-0.16932064,-0.40758395,-0.32933074,-0.872398,-0.42340642,0.6895329,-2.0499482,-0.023342274,-0.495059,-2.273541,0.2965483
80,0.1520814,-0.047419198,0.964079,-1.3097899,0.7797116,-1.3346484,1.3586986,-0.7338154,0.89643764,-0.045176163,1.294152,0.28549266,-0.24425852,-0.85156393,-0.59814674,-0.37274566
1398,0.3082859,-0.98376286,0.15821676,1.2978418,0.7122802,-1.1406133,-0.5638946,-1.4734879,2.3354816,0.3027383,0.4091544,0.76662624,-2.829402,0.7374064,-0.70227575,-0.085391276
181,1.9647427,1.6148263,0.50694245,-0.91494405,-0.8442397,-0.79257244,-0.52084196,0.5121786,-0.394404,-1.088319,1.1545601,-0.93958926,2.5670612,-0.90803665,0.56170475,0.35625517
1415,1.0724268,-0.6584466,-0.4108335,0.2049295,0.97860986,0.9390324,-0.44257027,0.570248,-0.047949366,-1.093045,-1.9794784,1.1186293,1.7290246,0.1678749,0.3050835,0.88245547
1373,0.5098114,0.09947969,0.26943126,1.1059418,0.8714195,1.9494319,-2.3020997,0.2067201,-0.2533954,0.15293059,0.61546624,-0.03737718,-0.51233965,0.37242815,1.1802609,0.31922287
1367,0.39632216,-0.6164092,-1.2912986,1.10913,-0.4107075,-0.576111,-2.2465765,-0.30851078,1.3591179,-0.57992184,-0.76751435,-2.2028506,-0.39181295,1.955339,0.3484689,0.2818222
1401,-1.511272,0.4092605,-0.27239937,1.1431056,0.3290187,-0.41494834,-0.23156744,0.1616735,0.7915591,-0.3589607,0.54253614,1.2455151,-0.5817215,-0.19883311,1.2215247,0.5901705
195,0.020050585,0.010579467,1.2310754,0.054992653,-1.1393319,-0.13310313,-0.1910761,1.1674365,-1.0634279,0.013171054,-0.32332468,0.4504669,-0.89622366,1.6919665,0.6926762,0.7304981
1429,0.27075404,0.6553613,-0.00052440166,1.3037859,-1.530011,1.0090283,-1.5094938,-0.1862768,-1.8412485,1.4230382,-0.28881127,1.6343778,-0.76712894,-0.4144818,-0.32765684,1.4163325
43,-0.62374634,0.6071508,0.10439965,-1.8170687,0.5512205,1.5339109,1.5259924,0.056875437,2.538649,1.0864758,2.6315565,0.7229323,0.009632051,-0.9117216,-1.50514,1.2644354
5,1.3013649,-0.5570346,1.2284484,-1.1121024,-0.7241381,-0.9707004,-0.56177104,0.2863508,-0.07573518,0.15315081,1.6936321,-1.1201994,0.45469812,-0.4169166,-0.74968594,-0.39829028
426,-0.67825884,0.77375615,-1.9614942,-1.3903301,0.22231728,0.687632,1.2579907,-0.29662162,0.691342,1.821975,-2.4604383,-2.1526625,-0.39547664,-1.7766664,0.16761188,0.4665612
340,2.4722733,-1.5960279,-0.6330074,-0.6913965,0.2526099,0.017490804,0.028187588,1.6986269,-1.5963062,-0.008545101,-0.5103773,0.18226004,1.9138374,-0.79211104,1.3965287,-0.3201688
1818,2.2056532,0.20443967,-0.7046317,1.8969804,-0.36039126,-0.35387203,0.38829413,-0.859133,-1.552422,2.1351674,-1.1522012,-0.16125348,-0.3573804,-2.628939,-0.9158491,-0.6012562
354,-0.7013581,0.59990704,0.7841617,-0.42806414,1.5157156,-0.9628562,-0.6449636,-4.259291,0.9295034,0.5311465,2.6437073,0.6699242,-0.36482418,-1.2519934,-0.0057171583,0.20687848
432,-0.63131917,-0.80354446,0.80518156,-2.0473845,1.2593158,1.1746521,0.25509614,0.74017227,-0.21132165,-0.3171956,-0.042973936,-0.14495711,-0.6298672,0.15768516,-0.7865248,1.2004175
1830,0.50944525,0.28214058,-2.4989471,1.8824549,-0.96195596,0.26542157,-1.1920676,0.8897168,2.1203396,-1.5395182,1.4774457,1.0230744,0.9100091,1.5621688,-0.70252824,-0.17757535
1824,-0.7882384,-3.1031442,-1.5892566,1.7625033,2.0031283,0.67546046,-0.20163043,2.3292067,-1.1545722,-0.08750321,-1.6171963,0.29691607,-0.71281314,0.27523553,1.3536676,-0.32751518
368,-1.0610793,0.7539462,0.8312025,-0.59464186,-1.1145679,0.8510685,-1.5835614,1.9147027,-0.42503136,-0.22565609,1.3686233,-0.55783117,-0.29341555,-0.41710842,0.16127998,1.0092186
1171,-0.45556924,-2.2887394,-3.0881422,-0.8956479,-1.9372605,-0.5325862,-1.2899315,-0.23063475,-0.7406487,-0.07851142,0.042233445,1.7015126,1.1251862,1.6645447,0.50202644,-0.16040176
1617,0.95009387,0.4599926,1.2874516,-0.57561207,0.6833015,0.7556125,1.279999,1.2299844,0.45109236,1.487889,-2.1703281,0.31623092,0.22693263,-1.2908909,-2.4718232,0.8640773
383,0.39157525,1.3361665,1.2694249,-2.0744975,-1.0105808,1.1446539,-0.44947425,0.39533105,0.77690357,-1.1159697,-0.3710952,1.4503659,0.4350341,-0.88036716,1.9736991,0.4233799
397,-0.6621748,-0.04669842,-0.64665246,-3.2801929,1.738191,-2.774816,0.5861224,-0.7373514,-1.2746018,-0.6662442,-0.56021154,-1.0372742,0.9990738,-1.6336935,0.2665649,1.9329439
1603,-0.117223084,-1.2826272,0.028202072,0.19355085,-0.49726513,0.4225563,1.6138573,-0.16306831,0.8453817,-0.6302386,0.064385295,-0.04883665,0.7117739,-0.9875175,-1.3333837,-0.6701532
1165,-1.0748361,-0.0658135,-0.8589989,0.5441009,-0.42364064,-1.1890473,1.0900162,-0.4733652,0.70662546,0.40877098,-0.9958428,-1.8295982,-1.8890038,-2.5632725,0.49117762,0.31896406
1159,-0.41116843,0.73497504,-1.3333848,1.0904089,0.90651274,0.45176232,-0.9411455,1.305344,-0.37051412,0.95559174,0.24614452,1.0490093,-1.0507188,0.5585999,-0.41847402,-1.0315484
1158,-1.7792754,0.03538862,0.82632357,0.96833026,0.50706565,0.064777374,-0.61067384,0.95444727,-0.13472487,0.57857275,-0.1866554,0.94317913,-1.684136,0.61686134,-1.2388537,-0.13966587
1602,0.65136725,-0.04127021,-0.3303684,-0.42181888,0.60796887,-0.6929792,-0.7849088,-0.040596634,-1.0188103,0.0021251813,-2.265093,1.0656922,1.283699,-0.050185025,0.29464024,-1.0605401
1164,0.7985771,-0.9593277,0.27603242,1.506479,-1.2327352,0.66210675,-0.90847516,-0.9626887,0.3371574,-0.0031442642,0.057599247,0.022522077,-1.1556871,0.6918807,2.0452197,0.23107074
1170,1.4818234,0.18817888,-0.42411825,1.250873,-1.3136255,-0.55496424,-0.46651113,-0.3980419,-0.77600974,0.34691858,-1.3602252,0.97934353,-1.3246121,0.038708977,0.95739555,0.22047457
1616,-1.2668729,0.44938248,0.44402233,0.67588866,1.2592022,1.0146633,0.9335466,-0.23968956,0.48569992,2.685026,0.30732465,-0.874998,0.7517345,0.608429,0.07642743,-0.30770165
369,0.094777554,-2.0949354,-1.3429966,-1.3626708,0.4725718,-0.3775497,-0.2516512,-1.7691493,-1.9787819,0.0143541545,0.84016746,-0.7822695,0.9563679,0.6619234,0.32310873,0.5990427
1825,0.40732923,-0.13391957,-0.48596776,1.4122133,1.7560672,-0.20994744,-0.541126,1.037539,0.4967077,-0.76006913,-0.1762467,-1.5943507,-0.09778795,-0.73098135,-0.65325826,-1.2420908
1831,-0.9303371,0.26783615,0.56945324,1.533154,1.3301995,-0.28822225,-0.12993568,0.8023682,1.2091455,-0.48330247,-1.0095494,-0.8109634,1.2540388,1.4652395,-1.256034,-0.99460924
355,-0.4441352,0.70993996,-1.9522524,-0.3191431,0.63077503,0.09423953,0.43780828,-0.8441087,-1.332978,0.47941333,2.4347153,-1.2076006,-0.9875895,-0.08218485,-1.7246251,0.36269656
1819,0.82396984,0.71203274,-0.32346606,1.4851838,0.5908585,-0.05901389,0.7714684,-1.8019024,-0.8101492,-0.56327486,-0.03438115,-1.4119028,0.7975286,-0.94063,-0.124869585,-0.37654924
427,1.321815,1.9587569,-0.01138705,-0.7597528,-0.090393685,-1.2001665,1.1676078,-1.3886684,0.7174843,0.47686553,-2.4733205,0.021794625,-0.87572503,0.7526561,-2.2427495,0.6351878
341,-1.1342069,-1.6178904,0.7887217,-0.1873782,-0.5962005,0.6171857,0.10600193,0.22881874,-0.7706968,0.3498885,-0.14500037,-0.26384142,0.46695325,0.803444,0.13727626,0.8461247
56,-1.0218564,1.5812979,0.40003294,-1.2537576,0.14123134,1.110386,1.4930313,0.54801345,0.024347186,0.04124528,-0.54037416,-1.1946124,-1.3046758,0.4454956,-0.5929053,-0.70018595
4,0.26318163,-0.5596618,-0.36735874,-1.4968498,-1.1216942,0.9246651,0.24599272,0.94054604,0.25085628,-0.35644773,1.5596793,-0.59965134,1.191998,0.29765803,-0.53583884,-0.7257879
1428,0.8956517,-0.31522936,1.0856141,0.32423854,-0.5894161,-0.05595257,0.49391454,-0.4956979,-1.71072,-0.57020956,0.9849989,-1.9136763,-0.32369617,-0.07331033,-0.68876946,-1.1339474
42,-0.33368298,0.3173773,-0.45276418,-0.3992319,-1.3650053,-0.14117648,1.2919075,2.0726552,1.5101953,0.35781193,-1.4913433,-2.1278145,0.874583,1.058329,0.13657391,0.9616295
1366,-1.0212828,-0.7268019,1.8546474,-0.42394644,1.2531632,0.17310357,0.14783126,-0.64929307,0.25937343,0.6304205,-1.8275158,-1.6866484,0.6974791,0.21771026,2.037507,1.3213835
194,-1.5521324,0.7265022,-1.624621,-0.17931806,-1.272378,0.59778935,0.9757487,0.28613034,-1.1593559,0.77911973,-2.4427738,-2.7756484,-0.5940066,-0.6948066,-0.3389015,-0.086321145
1400,-1.1405283,-0.8905436,0.8318594,1.074582,0.6277023,0.7449856,-2.1462913,-0.93392324,2.107638,0.79709524,0.40846312,1.2957225,-0.9831245,0.8594028,-0.48015708,0.93507874
1414,-1.5359218,-0.8316176,1.2655458,0.17270435,0.12119483,0.14854011,2.6900697,-1.1700249,0.78881645,1.1560926,-0.48867288,-0.13422465,-1.2092805,1.1755981,-0.28133702,-1.8359046
180,0.4167511,-1.4418249,-0.16088521,-1.6631109,-1.0753422,0.72009176,-0.92534655,0.7223903,-0.07744768,1.0537409,0.6993128,0.7012203,1.0133361,-2.0349731,-0.5333158,0.2479681
1372,0.6757273,1.6136949,1.6629198,0.55660766,0.7681122,0.80026937,0.63297665,0.5091331,-1.0312575,-0.263148,-2.370021,1.8388636,1.6279596,-1.044479,-1.048804,-0.18311334
1399,0.81003404,0.5069781,-1.1854956,-0.40353477,1.2248652,0.96763074,-1.06818,-1.3199736,-0.9534199,-0.4820227,-1.1346672,-0.91019785,0.59494954,0.45974863,2.088919,1.9119732
95,0.30041856,-0.3654799,0.005209118,0.33303165,-1.439496,0.29042056,-0.3883325,1.1202887,0.115958914,0.04088536,0.17002583,-0.9960642,-0.6159314,-0.5657618,-0.63071036,-0.87866694
81,-0.1107601,1.0367336,0.36351803,-1.1488769,0.5818676,-0.116791666,0.18175995,0.8474215,2.1591494,0.7723165,1.3054712,1.1076629,0.7314543,-1.3702495,1.2955554,0.62608063
631,-1.3583369,1.7899911,-1.4880762,-1.5295056,0.34168172,-0.027644582,0.89590216,0.80112153,0.8801696,0.60074604,-1.1936358,-1.5853481,0.11048582,0.17255914,0.54014325,-0.0864799
157,-1.451536,1.5309234,-0.74170715,-1.376797,-0.3059726,-1.8132,0.73504025,0.36769262,-2.156437,-0.29741433,-2.10277,0.34463286,0.27732202,0.65652084,-2.1900241,-0.90343946
143,-0.89081264,0.7866456,-0.40856045,-0.47981223,-1.3097318,-0.6032608,0.6899823,1.1193871,-2.0244334,-0.5232975,-0.8706357,-1.0738335,0.065028876,1.4786192,0.51895964,-0.37038362
625,0.041942,-1.4854665,0.13330258,-0.69500583,-0.73280823,0.31945038,-0.06792803,0.66652423,-0.8918992,-0.61500424,-0.3353601,0.7389535,-0.056473166,0.97392833,0.9876682,0.8552832
962,-0.29296547,2.1328514,-0.39209062,-0.033808753,-0.8644397,-0.058415137,0.042514518,-0.21600862,0.10640904,-0.22896433,-1.1206205,-0.4616915,1.2906727,1.6633787,-0.05046186,0.319335
1548,-0.28133357,-2.4356422,-0.41129637,-1.1322204,0.13591805,-1.4885619,1.1543342,-0.27331454,0.74310887,0.30159414,-0.5590644,0.759727,0.093046844,-1.1708798,1.4679104,-1.358426
2041,-2.1933374,-0.5959121,0.6256014,-0.457896,-0.67782015,0.9944521,-0.2893023,-1.624447,-0.7825814,-0.2447595,0.051977843,-0.9402579,-0.57579863,-1.0199175,-2.2131329,-0.0922074
2055,-0.38955268,0.06239888,0.7603224,-1.4977933,1.6274109,-0.88787377,-1.1774222,-0.43007264,-1.1194073,-0.38079524,-0.54101825,0.38960418,1.1698667,-0.70149446,-0.88704,-0.6468366
976,1.0379354,1.3616624,-1.7718775,-2.7378242,0.28524086,-1.4929078,2.1269474,-1.683903,0.8554145,0.116190255,-0.37755242,0.5611212,0.0031637996,0.29609558,0.99131614,-2.0748096
1212,0.4253791,-0.13124612,-2.2463949,0.08129303,-0.7135292,-1.0060177,0.43159258,-0.6338479,-0.61558664,-0.67095196,-0.18624365,-0.22752479,0.5221193,1.0734023,0.3968332,-0.55808866
1574,1.4231809,-1.1968389,2.5699892,1.2356184,0.25072885,-0.42239365,-0.33301836,-0.20274115,1.544624,-0.5802579,0.78095376,-0.03372445,0.3073676,1.4378601,-0.7546497,-0.86741745
1560,-0.031200096,-1.2815328,0.3930923,-0.039085645,1.4908615,-0.60486484,-1.6468436,0.49062014,-0.44959247,-1.8092673,-0.8129668,-0.6217909,-0.17297213,0.6289717,-0.4480906,0.14767504
1206,-1.6051786,0.24265632,1.598068,1.0704565,1.1541716,0.31348372,-1.5710038,-0.26657832,0.0012935996,0.6036043,-0.15785259,0.19140245,1.051577,1.1546555,0.24241388,1.3228779
779,0.39250746,-0.14616962,-0.630075,-1.1803873,-0.804617,0.6640807,2.2590923,-0.74836135,0.39655858,-0.14829609,-1.4380085,0.94348013,-1.347626,1.779984,0.91996753,-1.2065558
745,-0.26206544,-0.870074,1.2488208,-1.1551188,-1.4750658,0.48518306,-0.6782216,-0.97697574,0.2798227,-0.41944772,-0.654374,-0.05427154,-0.040658534,-0.2282564,-1.995052,0.7129424
989,0.34473315,-0.19181114,-0.5376281,-1.7683516,1.9732672,0.11899322,-0.23213491,0.37116542,-0.7396502,-1.1162732,1.3996351,-0.80282044,-1.7919325,1.582212,-0.8958084,-2.0387115
1992,1.5676683,0.8675161,-1.0059978,1.0213581,0.9738141,-1.72718,-0.5151489,0.20425755,0.82104474,-1.141947,-0.6403105,-1.1009052,1.8183734,2.0012052,-1.7788935,-0.2361154
1038,0.33426213,-2.1545825,0.20245704,0.2841838,1.5766398,-0.4410029,-0.60668147,-0.779764,-0.22507024,0.63071585,0.0058086514,0.059689462,1.0376767,-1.5993333,0.3582536,1.9283667
1986,-1.2922592,-1.4620725,0.039429277,1.2874113,0.29029235,1.676811,-0.223481,0.27343446,1.5651424,-1.1367023,0.4350377,0.6994629,0.47082657,0.2706316,-2.0588825,-0.09974903
1776,-0.9518781,0.11047762,-1.4016948,1.575825,-0.8359734,0.23055983,1.6655084,-0.6094955,-1.0543284,2.180185,-0.01964882,0.115468025,-0.5436686,0.4336996,1.4605634,0.30174267
1010,-0.043971404,0.46220332,1.7434361,-0.40876597,0.6818584,0.02687566,2.1463604,-1.8701385,-1.1567118,0.96778965,-0.13036701,0.15164894,-0.9002112,0.8131137,1.1090325,-0.37001026
584,0.75323063,1.1905422,1.5714828,0.06627989,-0.5987342,-0.06407726,0.5145145,-0.577639,-0.9314122,1.2393348,0.33589202,0.832886,0.25729465,0.40956414,2.1746712,-0.11000037
1004,-0.24385817,-0.20200405,1.1247772,1.6622969,-0.33831888,-0.40076435,-0.6381622,-0.30930144,0.6959799,-0.34667432,0.85739505,-0.9563017,-0.56764513,-1.2049733,-0.51917374,0.38456798
1762,-1.3231702,-0.7691318,0.7987075,1.017828,0.09053214,0.10727358,0.1395252,-0.7752406,0.45202652,0.30574286,-0.6361344,-0.6925008,-1.0250117,-0.8405197,-1.3297653,0.30365342
1951,0.47062916,-0.4091727,2.3741663,1.288783,-0.27135938,0.10359342,-1.3783083,-0.29782733,1.357264,-0.1868307,-0.51530576,-1.4585583,0.33140296,0.60497296,0.2752769,-1.3032911
1789,0.1243618,-0.99904215,1.0217351,0.17705269,0.21120057,-0.086503685,-0.07865906,0.19491605,0.10447393,-0.20169926,-0.8256625,-0.15722312,-0.29275,-0.32723755,-0.029795721,-0.6956668
1945,-0.9067127,-0.7413848,0.34090704,0.53103036,0.39047945,0.6421794,-1.0382309,-0.4670998,-0.010939479,2.0108576,-0.27846062,-0.67418635,1.229022,1.043833,0.36551914,0.6229092
209,-1.1602038,0.8648944,-0.8529331,-0.5766107,-1.4434837,-0.24713539,-0.27477533,0.6226576,-0.5095715,-0.7038666,-0.21323457,1.3602736,-0.0962438,-0.5385094,-1.1370308,0.08512157
221,0.1399838,1.6982107,-0.7931837,-1.0246766,-1.224741,-0.9935617,-1.1523618,-0.67641467,-1.0864949,-0.5319161,-0.32113123,-0.08067609,0.37921897,-0.29945946,0.30906987,0.15823328
547,1.4124811,-2.174146,-2.0111763,-1.5010859,-0.5000059,-0.1496428,-2.0542173,-0.28457576,-1.6549401,-0.8581642,1.1557077,-0.4353179,0.55894667,2.0961828,-0.33875036,-0.589608
1979,0.20179033,1.4212195,-0.8744967,0.82370484,-0.056927003,-1.300412,0.6611839,0.59577584,0.75059175,-2.0964332,-0.63247657,-0.8038533,0.42689997,-0.8087564,0.16308543,-1.2207333
235,0.21366212,3.3311112,1.0734212,-0.0865117,0.0069821477,-0.577757,-1.3927904,1.2884865,-2.0572145,0.45572695,1.3971664,1.5926523,0.6792429,-2.48726,-3.0317395,1.9464663
1799,-1.1736553,-0.67967784,1.8238379,1.2198702,0.5742563,0.10329148,1.1342721,0.23586535,-0.11380875,-0.7918989,-1.0160359,1.2314444,-1.092715,-0.23309973,-1.1850464,0.545865
1941,-1.124642,0.80617094,-1.9265802,1.4946966,-0.99024546,0.55484855,-0.60385793,-0.57016575,2.0290244,-0.32492894,-0.43002543,0.5805626,-0.8222662,0.26030633,-0.22004181,0.34240094
219,0.31593177,0.63339126,-0.42232472,-1.2690305,-1.1902523,1.2815183,1.2240747,-2.176824,-0.034251675,0.24986513,0.21271138,1.0267099,-1.2533035,-0.12755737,-0.42602986,0.0037423372
1955,1.309079,1.9188417,1.4305792,2.1982932,0.15478703,-0.6212886,0.72015727,0.88977045,0.31894016,-1.8655175,-0.1642242,-0.8301222,0.18613905,0.2833535,0.32424155,-1.070885
231,1.3146912,0.1926387,0.3639706,-0.014305167,-0.5094938,0.40279,1.2380772,0.096806034,-0.26434177,0.9464053,-0.45216718,-0.31249607,0.53556144,-0.10164434,-0.34877777,1.0049102
225,0.7712362,0.59546447,-0.015342534,-1.0413455,-0.6743187,3.0835497,0.64381707,0.836076,-1.5888635,0.15054752,-0.12492057,0.565698,-0.18092676,0.4239564,-1.7621758,0.101112306
1969,-0.65781856,-0.74511796,2.267259,1.457243,-0.5395873,-0.33409482,1.4645331,-1.9272783,1.8378235,0.7188076,-0.44301492,-0.53683174,1.857743,0.17313153,-2.2768073,-0.10648741
1982,-2.4301322,-1.0510471,0.9509029,0.025917046,-1.2754835,1.5536492,1.1231399,-1.6408851,1.4526459,-1.3025866,-1.0660943,1.7950536,0.26677516,-1.1224456,-0.44131005,0.768937
1028,1.2089304,1.2714128,-0.6279884,2.4413617,0.10673785,0.05422908,-1.1546018,0.8547572,0.6419859,-0.11316654,1.2811396,-0.10004997,-0.5748931,0.8383779,2.7051597,0.9916683
1996,-0.6865716,-1.0300962,1.410486,1.477222,-0.12124402,-0.82008374,0.2808247,-0.46347234,0.9801379,-1.3184247,-1.1105058,0.18254583,0.14167781,1.5666893,1.4970825,-1.3717622
1766,0.93140125,-2.6363685,-0.33757514,0.26433757,-0.013472974,-0.04571891,1.812849,0.14200139,-0.38302767,-1.7444658,1.048546,0.26022318,-0.4664945,0.17812777,2.335376,-0.18794143
1000,2.142745,1.7317184,-0.14510995,-1.1911392,0.3234225,-0.25445193,-0.49952954,0.15019104,0.72685134,1.1306529,0.36849955,-0.8634705,-0.08484447,1.0059655,-1.0988637,1.5328726
594,-2.7103777,1.293566,0.693668,-1.0509789,-0.06309563,0.73612404,0.8180388,0.07335357,-1.6554089,-1.5869243,-1.5132377,1.402977,0.6041395,-0.7408868,1.0487256,0.89377934
580,-0.5527828,0.22731756,-0.61530244,-0.90506744,-0.5543211,-1.0089002,-0.76605666,-1.4642674,-0.6188867,0.16238561,0.19200903,0.6311873,-0.6647471,-1.4003339,-0.21767619,-0.10157867
1014,2.3774662,-0.98208845,-1.282604,0.46878466,0.088997245,-0.06743848,-1.6560135,0.046836913,-0.6030009,0.20696378,-1.1038966,0.8379347,0.74922085,1.3521651,-0.35191596,-0.7264553
1772,1.6006118,0.1661712,0.013492912,0.52776456,-0.5814012,-1.0079186,0.60710454,-0.24002632,-1.990583,-2.8029153,-0.8088522,0.8757336,0.3474927,-0.65372485,-0.20784122,-0.3613818
769,-0.31189722,1.9091139,-0.022419065,-1.1989585,1.705124,-1.6387562,-0.2706754,-0.20111714,-0.97630596,-1.1934772,3.215084,1.3683116,-0.9654361,0.98695904,1.2559602,-0.77849245
741,-0.8827181,-1.0362356,1.332965,-1.1153682,-0.60082644,0.33436048,-0.03241828,0.4776383,-0.5605969,-0.56666744,0.5845639,-0.3354497,-1.6515783,-0.60360193,0.43013033,-0.464567
999,0.5440657,0.6559964,1.8349117,-0.72493106,-0.99421066,-0.0578849,-0.37515303,-0.007586837,1.2607226,0.9100848,-0.7509981,-0.3135259,0.4472878,0.52872276,0.16796559,2.1560938
1558,0.9677949,1.5038763,-0.49223787,0.69813436,1.1230822,-0.9437964,-0.2998969,0.13602567,0.065929025,-1.3703665,-0.20891923,-1.5383143,1.4713295,-0.01722043,-1.3448749,-0.37454584
2051,0.12615052,-0.8082675,-0.46321636,-1.6168692,0.3100281,-0.8211554,0.743708,-0.78212655,0.9174323,-0.20280111,0.46336398,-0.87332755,-0.17416121,-2.7513857,-0.8067541,0.49069893
2045,-1.8885833,0.70413506,1.2791604,0.0020980565,-1.3688403,0.5161017,0.042881966,0.5331583,-1.2784016,0.63970613,-0.4266839,0.52608025,-0.4380874,0.41104215,1.0286101,-1.0704715
796,0.60330415,1.2372574,-0.50726074,-0.8799056,0.42630726,0.48653832,2.0074224,-1.0149201,-1.2165486,0.9759005,-0.10624053,0.54383665,-1.0596585,1.2428148,-0.32129896,0.556247
1202,-0.0950306,0.1775377,1.5510883,1.396719,-1.0907111,0.31478596,1.1406394,0.22666842,-1.2743791,1.2223039,2.2442224,-1.1705848,0.3016137,-0.15502223,2.3775158,-0.5509343
1564,-0.40198255,-0.44903404,-1.4320993,0.49073207,1.4645288,-0.79093957,-1.1205422,0.6322851,-1.5316485,1.6043674,0.8983429,-1.527374,0.852258,0.32680318,-0.06888127,1.7168267
1570,-1.3673445,0.32162723,-1.4710075,-0.22079259,-0.022257984,-0.16445076,1.351436,-0.15714604,0.7302107,-1.0687951,0.45229837,1.0788978,-0.95167756,2.6057997,1.5948472,-0.18686137
1216,-0.72004735,-0.44098678,-1.6962938,0.7492602,0.51059324,-0.9138155,0.08475578,1.0649617,-0.14375404,-0.20164192,1.141889,-0.08763464,0.16755337,0.1781846,1.038469,1.6565284
782,0.12404096,0.37321085,-1.1489956,-0.9774238,1.3796318,1.8197501,-1.1402981,-2.2308621,1.5754762,-0.7135537,1.7262807,1.520805,0.721364,-0.7905842,0.73331934,-0.56895876
1389,-1.2598766,-0.70991206,1.2902586,0.2141045,-0.022676766,1.0997379,0.64840484,-0.05160898,-0.41964558,-0.3340037,-0.93516666,0.5915866,-0.1563682,-1.5706072,-0.5822508,-1.4889057
85,1.2931349,0.29716247,0.84483206,0.23752542,-0.3184667,1.5117797,0.020232245,0.039454103,1.0644245,-1.3710717,0.103064984,-0.045920704,-0.23344827,1.702304,0.75349236,1.160784
609,-0.104468405,0.6863668,-0.7274801,-1.086824,0.20343406,-0.2012339,-0.014974862,-0.6894033,0.5535036,0.084849864,-0.7023617,-0.41624397,-0.88569355,0.027560681,-0.3258808,-1.2560378
91,-0.2535537,-1.5498654,-0.64595366,-0.5619746,-0.06277231,-0.12296314,0.26174048,-0.41979647,0.4597503,-1.0982654,-0.7720917,-2.0757203,0.3478705,0.7071816,-0.6241456,1.3954997
621,1.4118977,0.110191,0.7954943,0.09843827,-1.3987094,0.4634381,0.59374344,1.093181,0.7627264,-0.7295333,-1.3789744,-0.61540216,0.4333974,1.4129103,-0.38662323,-2.3589516
153,1.3622926,-0.3579455,-0.2365122,0.67536294,-1.745712,0.63403076,0.29876626,-1.2509593,-0.5727973,0.8115463,-0.4243141,-0.22497748,-2.394195,1.7231097,-0.23378369,0.506389
635,0.45624912,1.6428161,1.4839454,-1.3820491,0.4598831,-0.1772432,0.13005765,0.14639184,0.13341501,-0.6369619,0.084267035,0.40875804,0.13805023,-0.81652373,0.6042044,-0.24895628
46,0.28477502,-0.65241927,-0.093439944,-1.5510751,-0.019106306,2.521861,-1.2459692,0.71627057,-1.1118968,-0.98965865,1.7788571,0.032233715,0.08387521,1.0234644,-0.87326163,-1.1006896
806,1.6637495,1.3701806,-1.9853392,-1.3596504,0.9537692,0.17948377,0.7411419,0.7529676,0.19078526,0.41925272,0.27029616,-0.68328893,-0.42033345,-0.7192974,0.68391114,0.8988105
1438,-0.75505406,-0.57562345,1.9854435,-0.59894407,-2.028817,-0.80431825,3.3833444,-0.31851608,-0.62085587,-0.19357854,0.89975816,-1.2023321,1.7922134,0.5237772,-0.6598994,-1.4530338
52,-0.014089182,0.925064,0.6133674,-1.7618363,0.35181826,0.42473376,-0.4296045,0.19006984,2.0094028,0.73427397,2.3179502,0.11390203,-0.09783018,-2.0674632,0.7701113,0.6227323
1376,1.2856934,-0.35984734,-1.3074853,1.5736688,1.0449222,0.21628308,-0.86930406,-0.5392031,0.86204004,1.5282478,-1.534661,-0.06825182,-1.125561,-0.31702444,0.074515045,0.10967451
184,-0.21642113,0.6311572,0.5898295,-1.6915464,-0.82662445,-0.24416023,-0.20584902,-1.5930104,-1.199299,0.6582875,1.5692724,-0.46321037,-0.019036368,-0.51100546,0.3279478,-0.37205184
1410,0.013979614,-0.6873726,-0.40510264,0.3500724,0.70229906,-0.20237935,-1.2920151,-1.0480365,-0.9237659,-0.0720212,0.24786142,-1.3558732,-0.41503927,-0.77053916,-0.24674511,-1.1712592
1404,2.663002,0.582903,-0.41799724,1.0982492,-1.8792684,0.32504278,-0.3765627,-0.57316536,0.61404204,0.17312473,-1.8045214,-1.1654952,-0.7427603,-0.8388886,-1.4480048,-0.040648445
190,0.273682,1.6821871,0.9115927,-0.40759408,-2.201663,-2.760922,-0.119772136,-0.96447086,-0.7827396,0.49347875,1.8622777,-2.0827818,0.1886184,1.326586,0.16426069,-1.7146032
1362,-0.24897942,-1.8970772,-2.7076306,0.22103079,1.1995975,1.743187,-1.4028981,0.53046,0.5607002,-1.6251577,0.060949117,1.4152828,-0.9190951,-0.7149919,1.2395749,-0.9060734
1835,-0.14063495,-2.8584292,0.7538282,0.530008,0.24347785,-1.34201,-0.38869756,-0.4595123,0.7357123,0.12318757,-0.972632,1.9873407,0.36001888,2.006068,0.40370357,1.5343453
379,-1.3456709,0.82575226,0.42671108,0.11082971,-2.5610082,1.2993782,2.458218,0.49339736,0.8365353,-0.45692807,-1.4135628,0.72431093,0.022549808,0.70307374,0.08385885,-0.32589066
1821,-0.3775326,-1.4876759,1.2522905,0.8214835,0.88089824,0.3479868,0.164617,0.13344443,0.98104703,0.03063824,-0.11600722,-0.20724812,0.56561255,0.49050197,1.1650693,1.0733575
1809,1.0747354,0.26360822,-2.3285835,1.1706588,-0.45862517,-1.256265,-0.5495221,-0.15871286,0.8562277,-1.3466102,-0.58327264,2.6744215,1.695345,-1.0960582,-0.59535456,0.4519381
345,0.89406884,1.0931817,0.53798974,-0.5045927,0.20680246,0.5203992,0.21545088,0.41569424,1.9051211,0.23994885,1.2076495,0.5896358,-0.38731152,0.21473435,-0.8060443,0.80810237
423,-0.44467002,0.7906689,1.1227351,-2.6149712,-0.7461466,0.04129053,1.5864307,-1.1371002,1.379412,1.0541484,-0.17856652,1.1057678,-1.4160331,-0.72781897,-0.16793954,0.46247327
437,0.71762466,2.0509233,-0.55603623,-0.30459467,-1.4571238,1.5602088,0.38030046,-0.36496514,1.0678166,-0.4649013,-1.7107601,-0.15730545,1.1728647,-0.019193016,0.0950161,-0.14744829
1148,-0.74144447,0.12514043,-0.98952,2.44675,-1.3812503,1.2211639,0.9417683,0.0689445,-0.6156287,0.21250647,-0.09038752,-0.6622746,-2.4953418,0.46246123,0.8637221,0.4990698
1612,-0.3630171,-0.39727312,0.04514885,-0.02706077,0.25017202,-0.15812185,-0.07302058,-0.5485024,-1.2961128,-1.7696645,-1.1887968,-0.21270078,1.3786236,-0.05050896,2.6535814,-1.5505269
386,0.5852946,-0.59723914,-0.24276885,-1.8126541,-0.25893012,-1.3197904,0.83486015,-1.0296798,0.42966542,0.88584167,-0.2294856,-0.40192065,-2.3797374,0.14675593,-0.7676746,0.80371284
1174,0.5564486,-0.9112994,0.8129731,1.3146784,-1.0356547,0.9727896,1.6019666,-0.054181665,-1.367815,-0.7356223,-0.6218288,-1.4486909,-1.381863,1.0817925,-1.4858811,-2.1504538
1160,-0.71473503,0.009756118,-1.2137654,0.7282688,0.8663038,-1.169291,-0.39682794,-0.13071656,0.19035706,-0.29380828,0.34771302,0.93760234,-0.85114896,-0.10775172,-1.5341833,0.25014216
392,-1.7092035,-0.46545798,0.75726223,-0.27623484,0.023918718,0.7388484,-0.29299173,0.8498162,0.19508387,0.21961899,-0.2833817,0.23578335,-1.4643273,-0.13450111,0.2840304,0.65792924
1606,0.7570581,-0.8767495,0.46317998,1.2138963,0.26823923,-0.59708506,0.26090375,0.55906737,0.6243406,-0.25004178,1.4901558,0.9299948,-0.78050053,-0.41128802,-0.45241237,1.2683792
1161,-2.2314215,0.86438847,-0.850301,0.24187964,0.31313676,-0.8024571,-0.0021095276,-0.3718029,-2.503607,-0.77736694,-0.7702123,0.8827771,-0.7349451,-1.5006399,1.2345426,1.553883
1607,0.28167492,-2.455218,-0.46499994,0.45994842,1.5203036,-1.0651004,-0.44558132,-0.60726833,-1.7776163,-0.25698993,-0.44476932,-1.3356302,-0.54124886,0.5960263,-0.24276975,-0.92287403
393,-1.3849686,0.397728,0.65411025,-1.5096213,1.3880529,0.5516705,-0.30122364,-0.0795628,-0.5817771,0.40761608,0.5374674,-0.18369788,-0.08537313,-0.18041873,-0.6452471,1.0507455
387,-1.046531,-0.60157,-0.067062795,-1.9206531,0.353605,1.5321947,1.5611824,-0.7019547,-0.14569326,0.008955121,0.34128636,0.44364497,0.31604052,-0.4581557,-1.247045,0.076495826
1613,1.7574636,0.115812525,0.57594764,0.6528897,0.16887408,-0.33990976,-1.3299344,-0.74359834,1.5841913,0.6217166,-0.29044396,-3.371418,-0.8348651,-0.08939321,-0.26869586,0.14160636
1175,2.3898551,-1.3422253,-0.5019889,-0.098578095,-0.32136258,-0.16661248,0.36100596,-1.1058481,-0.52433896,-0.20097804,-0.07872379,0.38601106,0.45104522,-3.2482002,0.93324244,0.8009778
1149,-1.1761583,-0.24370974,1.1914666,0.69853014,-1.6818928,1.1576908,1.585527,-0.9869467,-0.42797843,0.7886379,-0.7226391,0.51729965,0.08296014,-0.07620907,-0.024592847,0.60756934
436,1.677932,0.0979656,0.65693206,-2.2787046,1.1987462,1.8473867,-2.0994227,0.45020294,-0.830977,-0.45107508,-0.3028666,1.7260141,1.6715513,0.29349223,-0.1837804,1.6580215
350,-0.23515786,-0.29595095,-1.3738555,-0.5815371,-0.10354757,0.78592396,0.19810021,-0.77504,1.1373762,1.1853433,0.71849453,-1.0917013,-0.13077198,0.13688263,-0.218364,-0.5711982
344,-0.028063599,-0.043422848,-0.7290529,-0.10042721,-0.008515885,-0.033235595,0.76963377,0.266469,0.36300743,0.9849812,0.7404123,0.2327199,-0.82603073,-0.79795116,1.8876157,-0.016570836
1808,-0.66332555,1.1495985,0.40739593,0.9600488,0.35100853,-0.64815485,-1.392025,-1.3573265,0.48137844,0.30972165,-1.5995564,-0.4917563,1.2139943,1.1191039,-0.56148726,-0.9557722
422,0.502654,0.37027794,0.75589126,-0.8990931,-1.8038751,0.62399596,-0.25907782,-0.39646512,-0.68374056,-0.9200519,-0.2005398,-0.8559884,-0.15952845,-0.39612323,-0.41302046,-0.7009686
1820,-0.96583694,0.8905349,-0.9885211,0.5957049,0.27109656,0.6747384,-0.2311678,-0.638776,-0.36673662,-0.17434715,-1.1481956,0.05297566,0.6364088,-0.6846125,0.07116186,-0.5539581
378,-1.8033003,1.1108601,-1.9239528,-1.1824019,-0.9298576,1.4425018,-0.062151425,-0.60614413,0.9454998,-0.9366131,-0.7265191,0.19473031,-0.5105965,-0.06166601,-0.88002604,-0.4787203
1834,-0.31867424,-1.290033,-2.0734248,0.13910632,1.2658184,1.5357323,0.022232756,-1.5475476,0.6628791,0.76092863,1.1600564,0.7980261,0.5770998,-1.276766,0.8162476,0.31714904
191,0.77633756,0.69486076,1.7418325,0.10192609,-0.9194852,-0.2001154,-0.039430417,1.0608279,-1.2619132,0.17002812,-0.23807763,0.6997411,-0.8395537,0.30915582,0.5856898,0.2165379
1405,-1.0934508,-1.5238124,0.73768616,-0.71795845,-0.2683884,0.2837601,-0.26729915,-0.36578754,-0.7654803,-1.6661253,-0.09556782,-0.63696826,-0.15554261,0.010026395,0.8584123,0.70806456
1363,1.1297281,1.3298805,-1.5429142,2.6851063,0.7322558,0.84568423,-0.35839435,1.8758808,0.5968815,-0.64794594,1.7000189,-0.28549036,-0.7426957,0.48608083,0.55494165,-1.0961062
1377,-1.2678227,0.5317141,0.030121103,0.56365716,-0.30308774,-0.85468924,-1.5141543,0.8328516,-0.038268745,-1.7367303,-0.48120472,0.24062417,0.35024017,0.28516373,1.0398033,-0.6044396
1411,0.7439765,-0.576509,1.6006465,1.0738981,-0.4148473,-0.7764856,0.21479392,-1.5581207,0.34009522,0.50002503,-0.6797154,0.07033169,1.9572039,-0.6998396,0.7734914,-0.94517815
185,-2.1755419,-0.28080392,0.22702575,-0.79939604,-2.1810007,0.9352604,-0.3293966,-0.14657223,-0.51454556,-1.0012738,-1.3358376,-1.9325634,1.6306574,-2.8360767,-0.0030491054,0.7782639
1439,-0.66179514,-1.064578,0.8743161,0.25276256,-0.31070164,0.74149394,-1.2613411,-1.1797054,-1.0649695,0.0767459,0.10709724,-0.33421278,-0.015450716,-0.89386946,0.599766,-0.8948861
813,-0.073603004,0.03145559,-1.0711249,-0.9565106,-0.5795223,1.1703353,-1.2152361,-0.3226761,-0.14195527,1.4487839,2.243808,-1.8039236,0.7421639,0.43171015,-1.650151,0.33347598
53,-0.10244956,1.4349837,2.563263,-0.35969776,-0.64314234,0.7841279,1.9505256,0.73775214,-0.28218254,1.4180167,-1.2936437,-1.3440714,0.47711083,0.8718485,0.22246087,0.03969863
807,-0.99423146,-0.9898963,0.94187164,-2.5563376,0.44240332,-1.571786,-0.53424954,0.64010024,-0.52589417,-0.6249089,-1.3146167,0.028752357,-1.3627295,-0.5271316,-0.6943363,-0.26069415
47,-0.41251987,-0.087866545,-1.7822771,-1.1453365,-1.223618,-1.1386554,0.018838525,0.30568373,0.8195227,-0.8801304,1.0009439,-0.27886665,0.8787938,0.6858051,-0.1538055,0.15590489
152,1.3008229,0.9245442,-0.012963004,0.22796226,-0.68970656,0.119961336,1.1647297,-0.43270832,-1.0221654,0.3983695,-0.7441294,0.523962,-1.4973435,0.15971127,-1.4114506,1.2293336
634,-1.5133684,0.4195907,-0.39666843,-1.2763126,-0.4974351,-0.20585167,-0.5814871,2.4947696,-0.8222885,-1.4219888,-0.77014685,-0.116906434,1.3475199,0.717834,0.5789352,-0.060322724
620,0.52264714,0.23545325,-0.8062181,-0.8591255,0.2519667,-0.9554733,0.774776,0.8684245,0.1961234,-1.0687528,-0.24243899,0.08123225,-1.7313473,-0.30316636,-1.482737,-0.26908797
146,-0.07286814,0.40746817,-2.031385,-0.8518994,-1.4113772,-1.6609945,0.2674418,-0.5386441,-1.5984958,0.9138665,-1.4540215,-2.9111264,-2.5344772,-0.5137049,-0.29917777,-0.39638752
90,0.4488835,-0.5246297,0.8893627,-1.9592311,-0.54834545,-1.1902798,-1.2423831,0.23263383,0.1717304,0.50613165,-0.32342815,-0.40766057,0.7469317,-0.36371997,0.54303104,0.72415674
608,0.37947986,-0.06621845,0.7536222,-0.24340078,-0.71257484,-0.790263,0.9828026,-0.40040386,0.069660395,-0.5994661,0.6834208,0.7553065,0.87138003,-1.3173376,1.4880328,-1.8240058
84,-0.30745384,0.7787218,1.5950297,-0.124736816,-0.081160866,-1.371969,0.09712064,-1.0302529,0.7054041,-0.76445675,0.96025884,-0.056172565,-0.37628096,0.36112732,-0.17718753,0.5912545
1388,1.351951,0.27615908,0.11385474,1.0898528,0.5876857,-0.32641718,-1.6352875,0.53723615,1.961599,-0.6787156,-0.8971185,-0.92579377,0.579324,0.54415303,0.9888421,0.26482695
1571,1.4481305,-0.5896778,0.103130266,0.34408832,1.5348058,0.09687093,-0.0058034062,-0.14708728,0.28839976,0.9255098,-1.1156273,-0.20247298,0.463826,0.3059267,-0.47563845,0.27268094
1217,1.3525198,-1.5245075,-0.22771877,0.91375875,-1.2204568,-0.60028577,-1.5433629,0.8638057,0.18744816,-0.47241417,-1.0461814,-0.48488197,-0.14647178,-1.2050303,-0.49576554,0.2139747
1203,-0.70835584,-0.06636233,2.2038784,3.563167,-1.0106227,-1.8070638,2.2264657,-1.2032704,-1.1783578,0.2651413,0.76469594,-1.3455279,0.92434585,-0.8473499,0.26797545,0.7422338
797,-0.18671678,-0.08056076,-0.16462074,-0.6098351,-0.9741716,0.77217937,1.0022509,-1.3070078,0.3267877,0.5163541,0.9204716,1.3378046,-0.63908494,-0.14347184,-0.9232747,-0.85555315
1565,-0.098201126,-0.5053349,-0.39233398,-0.20349282,0.45282316,-0.51590085,0.006872925,-0.45658708,-0.51391536,1.0319202,-0.5822567,1.511854,1.0417588,-0.18509023,1.5936582,2.0030766
2044,-0.802593,-0.34136468,0.21457754,-1.1823982,-0.2835901,0.39747435,-0.15488923,-0.42727992,-0.7437435,0.20077294,0.21676141,0.8816607,-1.2013094,-0.46197975,-0.17163658,-0.8954655
967,0.4149021,-0.4357285,-0.8243967,0.8992188,-1.7945105,-1.1099436,-0.61018914,0.9486815,-1.2020628,-1.3631961,1.3208466,-2.2107375,1.6414781,0.8801353,-0.8782943,0.1731083
973,-0.7910321,0.4734926,-0.06572278,-0.37353146,0.3434974,0.65855855,-0.64247376,-1.4189246,1.4223915,-0.32388288,0.85060215,0.03276883,-0.29851753,-1.1985661,-1.2793548,-0.1811269
2050,-1.017546,-0.21621722,0.35904768,-0.73749167,-0.14291275,0.64419645,1.7426279,0.19226378,1.0277092,-0.40599042,-0.39617002,1.035202,-1.6323363,-1.0133762,1.259028,1.5135647
1559,0.33155394,0.13241056,1.5165157,0.13870053,0.1098528,-2.5561776,0.86180997,0.085981965,-0.17191075,1.011602,-1.2365046,1.7173114,0.41495562,0.6987937,1.0086268,0.40918002
740,-0.14155221,0.009666599,0.69849277,-1.8036158,-0.62728965,-0.8889951,-1.2465012,-0.83967125,0.11918247,-0.2940053,0.2841046,0.803836,-0.5133777,1.9913734,-0.037144728,0.5854485
1015,-0.22854286,1.3014377,0.15362026,1.4182396,0.75309145,0.99915004,-0.120788515,1.058073,-0.09170593,-1.078719,-0.15877771,-1.5014331,1.487565,0.019085642,1.4198029,-1.3166385
581,-0.51517284,-0.21605444,-0.43422616,-1.0037984,0.37876007,0.61076653,-0.52333677,-1.3971578,0.7124785,0.24568146,0.058384217,-0.6409179,0.66314006,-0.83515275,-0.93763644,1.1511543
1773,0.9290124,-0.24010754,0.9993976,2.003573,-1.3324592,0.62751836,1.0604143,-1.3183427,0.14484136,0.16737513,0.5503602,-0.047307044,-0.8872361,-1.2813605,0.49443245,1.4276061
1767,-0.5332055,0.2621535,1.6967031,0.4293131,-1.4368604,-1.4347364,-0.8866341,0.020878896,-0.09156698,-0.7101151,-1.8532877,-0.331106,-0.8785691,-1.6744244,-0.18741046,-0.48821425
1001,0.68752956,0.065212175,-0.85561943,0.7626393,0.329837,-0.24975601,-0.48074692,-0.797031,-0.4024735,-0.069842994,0.28789133,-0.62938654,1.0278457,-0.002132088,1.9966244,0.43928444
1029,0.16225535,-0.6882851,-1.6563332,0.012226184,0.6927051,0.5788359,-0.3536707,0.64706457,0.00978066,-1.8654754,-0.7040676,0.54234606,-0.3165847,1.6609664,0.98861957,-2.628706
1997,0.9191339,-0.2164929,-2.4138362,1.92347,-0.7163599,-0.8423338,0.8063881,-0.51560575,0.54613423,-1.8226738,1.3033035,0.23232841,2.4879797,-0.2096296,-0.53729856,-0.23894054
1983,1.8639259,0.15590878,-0.006017387,1.5116528,-2.0056384,-1.086988,1.1733129,0.15043265,1.5246682,-0.89334273,0.85773796,-0.33668554,-0.17523536,2.4879394,0.40556794,-0.5225222
1968,-1.8910096,1.519695,-0.6368431,1.1603435,0.49149305,-1.0735561,-0.11098957,0.6016562,0.31025153,-1.2515944,-0.25451493,0.100484215,-1.3550059,0.6692684,-2.661942,-1.6880983
224,0.61606693,1.6263924,0.16156045,-0.43552384,0.8657401,0.3431899,1.361262,-0.31220067,-0.07350951,0.66571254,0.3079489,-0.20489706,-1.1042846,-1.2746723,0.51537925,-1.1486881
556,0.7735797,2.1826463,0.6518564,-0.6250994,1.0361912,0.2946823,-1.9372891,0.1812842,-0.8645126,-1.0185704,2.1438887,2.2172225,-0.7002914,-2.9754562,0.8031798,1.6432295
1954,0.37182146,-0.049061894,-0.71015084,0.27773976,-0.087620914,-0.6702417,-1.2881974,0.599841,1.3418694,-0.35609072,-0.32054734,-1.1067626,1.0102271,0.78560036,1.4647604,-0.6817516
218,-0.52695894,0.41490352,2.8821268,0.17492631,-0.65726626,0.7816373,-0.71925783,-0.18145347,-0.50719124,-0.15841937,0.22021598,0.39111453,-1.6434464,-1.2924643,1.4172285,1.3709354
1940,0.7099561,1.1253836,-0.07205385,1.73468,0.21006233,-0.87920475,-0.45844173,-0.25652003,1.1612759,1.3052683,-0.6786876,0.956401,-0.1638152,-0.57978153,0.35475734,0.7839893
1798,-0.26273286,-0.38558245,1.9343393,0.10160522,0.34481636,0.20197016,-0.715228,-1.5287545,0.2581498,-1.006422,-1.00432,0.1571877,-1.2460178,2.1961298,-0.9122145,1.5538077
1956,-0.27901042,1.5632776,-0.7072366,1.4112257,0.020195924,-0.27105916,0.86927605,0.6241924,1.0446515,-1.6280075,0.268588,-1.0231268,-0.24242972,1.0605059,0.46140197,1.9728421
568,2.2222614,-0.33765942,0.0055191144,-0.13432989,-1.5635753,0.49540636,0.23867397,1.3715367,-0.18045437,0.43202728,-0.80546093,-0.11106962,-0.49941328,-0.5944661,0.058731064,-0.45409194
1942,-1.1718583,-0.0733687,0.0029526353,0.7102529,1.1836321,-0.61695606,-0.41133538,-1.0476723,0.24141318,-0.34435886,-0.8164449,-0.95786005,0.5194751,0.23753233,0.63727283,0.7961662
226,0.51948583,0.13095488,-0.5610671,-2.0511107,-0.59187925,1.1199299,-0.81777006,-0.7581317,-0.614475,1.4628563,0.628835,0.28897202,-0.20918873,-1.138779,0.07146683,-0.54395694
540,-0.68341637,-0.7873191,-0.43443602,0.03269395,-0.96828246,0.2009275,-0.61087185,0.69333506,0.7546437,0.5573009,0.6006731,0.11176972,-0.99407786,-0.7254441,-1.3918765,-1.1664538
554,-0.53460944,0.16350257,0.7510134,0.37542,-2.8865297,0.6372095,-0.28131142,-0.16000196,-0.20024142,1.0969349,-0.031137079,-3.386165,-0.54051507,0.063729815,0.10733992,1.8458263
232,0.86185706,1.8739694,0.08501507,-0.13342047,-0.7367242,-1.187647,0.0670796,1.355937,-1.2686538,-0.5288975,-0.3693103,-0.75962776,-0.11397144,-0.2860232,-0.69075483,0.6861761
1995,-0.49780846,-0.19741023,-0.32601967,1.2602762,-0.83909667,0.45894086,1.2857833,-1.7105834,-0.20710124,0.05729799,-0.7343463,0.009871617,-0.2520134,-0.42744735,0.035304308,0.9049263
1981,-0.36874256,1.5796031,0.5082361,1.7269894,2.0185313,0.88379854,-0.81573427,-0.5820406,0.6231321,-0.04113707,0.5253862,-1.8009609,1.9099429,0.47218624,0.3814941,-0.116098166
1759,0.14846165,-0.45798224,0.12863387,0.10091528,-0.05094503,1.5102284,-0.997576,0.12404445,-0.18021084,-0.4384509,-0.6388881,-0.1686736,-0.13842076,1.918591,0.14273876,0.23439366
1771,-0.6374345,0.6316127,-1.1060275,1.5572832,-0.8043479,-0.17786296,-1.5746405,-3.158548,1.0889621,-0.9845698,-2.5376637,2.0835824,-0.28744107,-0.5211923,-0.74056584,1.2232965
1017,1.1831405,-1.3209165,-0.3012172,0.40740824,0.1060466,-0.32272586,-0.07880442,0.40651667,-0.3063829,0.61042464,0.24172896,-0.84415203,-0.88283825,-0.1615111,1.1840754,-0.02704081
1003,-0.070417345,-1.0606438,-1.0412372,-0.3551394,1.3934404,-1.1511159,-0.8294371,1.2587141,-2.057795,0.26695794,1.7488859,0.79291725,-1.2744789,-0.19691342,0.037230194,2.6978893
597,-0.29851848,-0.89997995,-0.63624626,-1.1679448,0.46503046,-0.21798182,1.1168118,0.019050483,0.10470083,-0.27339423,-0.055148456,-0.16631073,1.1414796,0.0950644,-0.067400575,-0.7179096
1765,-0.15163341,-0.33334845,0.026278473,-0.059808433,0.39647087,1.059926,-0.0973821,0.4335574,-0.18524271,-2.410285,-0.44151157,0.14864653,0.67445636,0.033341248,1.5485587,-0.76411927
1598,-0.9111355,0.26189935,0.5639197,0.8848515,0.921314,-0.233947,-0.9060559,0.975641,0.9312905,-1.3076674,-0.99533933,-1.5864754,-0.37582475,-0.39104292,0.74450237,0.7190061
742,-0.014793426,1.5344577,-1.0112888,-1.1382014,0.108680256,-0.87415093,-0.35694674,0.9629942,0.8585714,-1.9365194,-0.7722335,-1.9166882,-0.7832394,-0.42200452,0.49662983,-1.4845273
756,0.7535019,-0.24956164,2.436658,-1.1358771,0.95807624,0.52357954,0.21282396,-1.2959645,-2.126698,1.6199892,0.21366638,-0.8497369,-0.5608526,-0.08124524,-1.5426968,0.771784
1229,-0.7136563,0.21162441,-0.4464367,0.08673051,0.8289837,-0.27622408,-1.3663963,-0.691064,-0.58926105,0.48703295,-0.5312326,-0.18548073,0.6368154,-0.27961332,1.5977578,0.75571656
2046,-1.5985945,0.80122185,-0.046598315,-0.874484,1.0215043,-0.85827243,-1.1778476,1.1712031,-0.71046805,-1.8800371,-0.8510982,1.2145721,-0.18049967,-0.92650867,1.3862677,-0.14022039
2052,-0.5594727,-0.6097338,0.6584608,-1.4331648,1.2219207,0.47022945,-0.24363905,-0.7323385,-0.35033906,-1.0821337,0.17658651,0.05475439,-2.2356875,1.3065276,-0.8780658,-0.33479354
959,0.66042733,1.2868478,-1.6201527,-0.47553274,-0.50205606,1.3075365,1.0346215,-1.2835199,1.3715465,-1.2373252,-0.53467345,1.0630469,1.7511392,-0.5555166,-1.927101,-0.43839112
1215,0.37854242,0.020435214,-0.13678712,0.13891001,1.0790426,-0.6617029,-0.35137588,0.8242488,-0.743344,1.549619,-0.4054854,-0.24165918,0.91968954,0.42358997,0.19693223,0.06430037
781,0.040392555,0.17723437,-0.24498487,-1.5447663,0.21354327,-1.2133636,0.25553593,0.6370428,0.3891651,-0.5868931,-0.49170816,0.39018348,1.6640233,-0.4009447,1.4972761,-0.61978126
1573,1.1920774,-1.376412,-1.840364,-0.06694059,0.35874254,0.23613146,-0.6809094,-0.29005092,1.1169393,0.5635161,-1.4691209,-1.7019068,0.21719684,1.3853366,-1.4334055,0.019423187
1567,-1.5556428,-1.4902515,-1.3657869,-0.42373934,0.83365804,-1.033564,1.7294512,-0.40579242,-0.56274116,0.21865308,-0.12177889,0.6702825,0.89029294,-1.8979206,-1.1596246,-0.94873106
795,0.81908035,-1.412005,1.2725035,-0.20611484,-0.83605903,0.86526716,0.28155792,1.5205784,0.1933963,-0.7431799,0.92909455,-0.17592533,-1.1250587,1.0887803,-0.33029467,1.5348747
1201,1.6702106,0.016183168,-0.21058476,0.7015782,0.282006,-0.9756236,-0.8768371,-1.0043974,0.3452503,-0.43242943,-1.0177478,-0.017294865,-0.41290307,-0.67916054,-0.8761314,-0.9130368
92,0.59700453,3.0781956,1.3415192,-1.315208,-0.23022616,0.13447064,0.50767344,-0.9606761,1.6094822,-0.07545394,1.1065892,1.4144804,0.5267753,-0.5003968,0.17106593,-0.14822939
178,0.6369394,2.0927885,-0.6814495,-0.41571793,-0.43656963,0.69793314,-0.718798,0.4231863,-0.41862902,0.93927765,-2.9451735,-2.1027954,-0.800576,0.46675247,-0.47128478,-0.11920267
86,-0.92743015,0.39697066,-0.27190614,-2.0840328,0.7064725,0.05719021,-1.7463046,-0.38540715,0.31124556,-1.0139058,1.1798296,-0.33055657,1.0081748,-0.5080523,-0.7101791,-0.23294042
150,-0.50093484,2.4078853,0.89127475,-0.93540037,0.45091233,-0.24629253,-1.154988,0.664055,-1.7195907,-0.7989435,2.0843227,0.12906113,0.13865308,-1.7086353,-1.4747399,-0.3927046
144,0.8974515,1.4987595,0.24084511,-0.31388852,-1.1463054,-1.1091609,-1.4769733,0.87694186,-0.19192548,-0.7942666,-0.3318093,-0.16851276,0.100456566,1.562761,-0.48989034,0.5595703
622,-0.53915906,-1.3456321,0.7084182,-0.77907497,-0.41356325,1.3933318,1.488387,1.8926877,0.19088179,0.025417566,-0.36713374,-1.3379253,0.3144147,0.8255046,-0.633693,-0.7224476
51,0.3281283,-0.047772676,-0.59215975,-1.4835281,-0.18467286,-1.7117615,0.66585165,-0.041066386,0.9998309,-1.469375,1.1865777,0.274853,0.87496865,-0.87897205,1.7817643,-0.779856
811,-0.58525217,1.4769306,0.7868079,-1.4554422,-0.41515243,-0.49445778,3.397595,-0.43122107,-1.3105992,-1.2057402,-0.76114404,0.5886116,0.42195335,2.4117115,0.2558615,0.12566537
3,-0.38829315,-0.6230623,-1.3918402,-1.0586526,-1.479913,-1.0083778,-1.1533914,0.37468973,1.2285157,1.1470354,-0.294366,0.3570916,0.2019453,1.9152818,1.1084152,-0.004601836
1349,1.6333337,-2.1132877,-0.15435009,1.1515824,0.92825013,0.596071,1.1898999,-0.7350714,0.44702795,-4.5463414,-0.71499836,-1.2573987,0.19412357,-1.3123424,0.3773831,3.2197592
45,-0.7368127,1.9197909,0.3926553,-1.0824611,-0.55567056,0.10436693,1.2870528,-0.07747869,1.2040143,-1.3094603,1.3698676,2.229287,0.93079615,-1.2927678,0.7935016,-0.7198689
805,0.022668958,-0.19439507,0.11088869,-1.3825157,-1.6448636,-0.7787725,0.00967221,-0.8148482,-0.8571925,0.33346093,-0.5450818,1.5134563,-0.3965688,0.21621442,-2.5554948,-0.44827318
1361,1.3307377,-1.4456277,1.1756307,-0.47044027,-0.72720504,-1.8972838,0.5653966,0.3146497,0.36327928,0.47802162,-0.52710557,0.8895668,1.6779828,0.88897717,0.1060929,0.35105392
1407,0.12810484,-0.33196217,-0.08675738,0.35116214,0.40558133,0.6722561,0.9574907,-1.7283095,-0.12406017,0.468136,0.9530605,0.8222342,1.3860891,-0.96187246,0.96994203,1.6996562
193,-0.69841933,2.014045,-0.36409917,-1.0454376,-1.4489988,-0.37304303,-0.11053313,-1.0419854,-0.20053834,0.5704935,-0.42794856,0.023289453,0.535076,-1.4038385,-0.9823399,-1.0418527
187,1.3852191,0.48341253,-1.6096735,-0.19472629,-1.4788451,0.2733512,-1.22334,0.10304986,-1.9514602,2.0249364,-0.14534417,1.4976041,-0.46755812,-0.6950872,0.21917604,1.009134
1413,0.66925955,-0.5484374,-0.04357794,1.1395699,-0.27928287,-0.29043934,2.302506,-0.009188354,0.20236531,0.08293456,0.70920485,0.44906515,1.1549641,0.67069846,-0.6080868,-2.2897708
1375,0.64212036,-2.3627696,-0.78376853,0.4296983,2.3225162,0.20943008,-0.6620649,-1.1483597,1.6728075,0.50632095,1.0113821,1.5877854,0.5454629,1.025096,-0.07996988,0.37065426
79,1.924809,-0.0666129,1.3740139,-1.0576577,-0.07079449,-1.0790555,-1.9104717,0.6533475,-0.38538188,-1.7688922,-0.0014341176,0.07428491,1.8602331,-0.43493235,0.340285,-0.49564275
839,-1.3052902,-0.7556733,-1.630346,-0.7792056,-1.4057323,0.32237828,-1.7818577,2.894425,-0.57537556,0.07583833,0.26715234,-0.70853496,2.0536485,1.0945688,0.32650304,1.6331477
1822,0.9482902,0.759185,-0.33764675,2.2503734,-0.5614896,-0.7070327,0.13952158,-0.9584997,-0.92677295,0.46105644,1.7532371,-0.53077257,-1.7410991,-0.40599445,-0.29693213,1.5327947
408,-0.44566184,1.3119483,0.2801176,-2.8441346,0.14958629,1.1129658,0.31892297,-0.07297641,0.35585546,-0.07804075,0.75901455,-1.331385,1.2616601,-0.1263963,0.12443429,0.8162977
1188,0.891384,0.4637711,0.49846464,2.3761423,-0.12021643,-1.2843947,-1.1858152,-0.9721444,-2.1227124,-0.7524673,1.2138138,0.7337463,-0.36983198,0.42102185,-0.50794905,1.226358
1836,0.41849303,-1.3312352,0.16539846,-0.4723082,0.68836063,0.35616302,0.6673688,0.18523282,-1.0632946,-0.70723504,0.21390218,0.50563985,0.83813477,0.0008324981,-1.3868545,-0.10535771
352,1.2777017,0.37308836,-0.12907687,-1.6656461,1.3297851,-1.1993657,-0.9000619,-0.92399186,-0.3887828,3.172857,2.765194,2.2522821,-1.9912333,-0.8104657,-0.37647283,-0.20576708
420,1.1324995,-0.3358841,-0.43496183,-1.3117218,2.1810274,-0.74053293,0.28636438,1.0228457,-1.5455594,0.85575426,-0.02945301,0.23648997,0.43255273,-1.666201,-2.57448,-0.16899994
346,1.3336711,-1.6707067,0.29334718,-1.1733068,-0.035324827,0.1790159,-1.4545417,0.16523919,2.5494833,-0.30398688,-0.40477055,-0.44877744,-0.5068847,1.2668164,-0.6247126,-0.3897375
1639,0.0677402,-0.23039299,1.3740778,0.19115643,1.9405142,1.0520806,-0.24117956,-0.5281378,-0.88897395,-2.05401,-1.3598237,-0.25809878,-0.72579324,1.3176882,0.5887825,-0.24298581
391,-1.3007324,1.0795571,0.6330587,-1.3223573,0.50674427,0.31988305,0.5785395,-1.2721323,-0.6537955,1.8258554,0.9300738,-0.14596696,-1.379227,0.7753457,0.23832136,1.541027
1605,2.0137181,-0.6946512,0.14568612,-0.3182074,0.9300165,-0.67068446,-0.51965004,-0.75186515,-1.8109727,0.75037575,-0.60022277,-1.0859102,-0.016718954,0.84008116,0.2081703,-2.121295
1163,0.07830289,-0.81558347,-0.7666563,-0.5160928,0.37038732,0.84088,-0.008299209,-0.564024,-0.18880928,2.1786761,-0.44377044,0.02977842,1.0475352,-1.7690749,-0.393184,-0.77173066
1177,-0.28499788,-0.49151587,1.412986,0.36251706,-0.8064296,-0.48582733,-0.30206004,0.3205297,0.60434383,-0.83936465,-1.6505955,1.063985,-0.22146477,0.19412374,0.46623987,-0.6777075
1611,-0.6621643,0.0051579177,0.9527228,1.0641824,0.14260976,-0.26628065,0.23563021,0.42760393,1.259571,-1.4806043,-1.3833706,-0.48503548,-0.848068,-1.3635135,-1.7163961,-0.5592393
1176,1.1389707,-0.07155728,0.123119,1.1283584,-1.0215058,-2.0849023,0.18586099,-0.70928955,-0.63996315,0.62163776,-0.053364694,0.2635215,0.4442231,1.0297639,1.5461136,0.42505676
384,0.7026147,0.039471902,0.11141503,-1.9517899,-1.1038032,-0.8228322,-1.2066548,-1.7503097,1.5441555,0.31630778,-1.7585329,0.8016785,-1.1854051,1.2927904,-0.2877012,0.27316785
1610,-0.088083535,-0.4921172,-0.4291178,0.12245697,0.16098456,-0.11597201,-1.7149725,0.16520417,-1.1449194,-0.29885414,-1.1820359,0.5901811,0.9397665,0.7840435,-0.19455855,-1.7805121
1604,0.12926689,-1.0505288,0.05801773,-0.28315955,0.13430794,-1.3284347,-0.82642186,-1.1460805,-0.39816254,-1.4513268,0.00982346,-0.31490397,1.1367282,0.7842194,-0.14467353,0.5636025
390,0.7641015,0.41301948,-1.0634146,-1.2536,0.7500091,0.5943103,1.3791859,0.72545594,1.0388783,0.510017,0.036862414,-0.64047074,1.8510562,0.027884126,-0.67153376,-0.42715716
1162,-0.6576401,-1.0816156,-0.03596425,0.24012673,-0.5850636,0.35568547,-0.014176607,-1.6135389,-0.571746,0.833937,0.7451081,0.13619488,1.05606,-0.1870943,0.22750914,0.75291944
1638,-0.7819087,-0.71427536,-1.5449319,-0.31741735,1.3341144,-0.659499,0.4711946,0.2538507,-2.0340824,-1.2197955,0.6654258,1.1588578,0.9452325,0.48882625,1.0709361,0.59757626
347,-0.5374,0.47764948,-0.6751652,-0.9720503,-0.37549838,0.09048469,-1.4442813,-0.33300847,-0.988742,0.49537703,1.7379723,-0.7072554,-0.13223138,0.05172655,1.1121296,0.3602888
353,-0.37781787,-0.17849663,-0.72381985,-1.401812,-0.7576142,-1.1464804,-0.37959075,0.45033607,-1.5654718,-2.2504544,1.8502195,0.73754144,1.05462,-1.1428794,-0.0908515,1.8228087
435,0.5503001,-0.42590678,0.091417395,-2.3023567,1.7552915,-0.46996742,0.25556892,-0.2630013,0.22972107,-0.45390472,-1.1417965,-1.0096335,-1.8104419,-0.73900735,-0.75353503,-0.12425698
1189,-0.102657095,0.37975565,-2.085527,1.3599309,-1.6491662,-0.44435644,1.1156783,0.54841423,-1.0120997,-1.7404085,1.1011609,0.8761775,-0.81730604,-0.52264994,-0.67318904,0.8432414
1837,-1.2038603,0.07903054,-0.21843725,0.65492606,-0.56494343,-0.021953344,-0.59859955,-0.021061957,-1.0472642,-0.7140714,0.78484637,0.45278987,-0.4375596,-0.64911103,-1.4986666,-0.74708736
1823,-1.1563689,-1.2263172,-1.5059198,0.7184706,-1.2072128,0.95260984,-0.41249943,-0.46017867,0.6867697,-0.7864581,-0.57948786,0.81130886,0.8057122,0.26353434,-0.4170003,0.451829
1412,-1.1867068,-1.7869331,-1.0782173,0.687901,-0.2509907,0.6858065,0.9323653,-0.8931254,0.6862916,-0.3971464,-0.1969074,-0.20374432,1.2270257,0.17428705,-0.19877976,-1.1890526
186,0.41239664,0.30410728,1.4475569,-0.34004462,-0.5613792,0.12011498,1.3043369,-1.003095,-0.31342983,0.5661382,-1.0487481,0.5431373,-1.4984925,-0.07703936,-0.3729695,0.25736982
78,1.0110466,-1.6678113,-0.8016293,-1.3132448,0.14961548,-0.14096475,0.9585218,-0.57573265,-1.3278189,0.010044664,0.82888424,-0.44658622,1.4967406,0.13106503,-0.25700188,1.696724
1374,1.0183485,-1.6271507,-1.129352,1.1236316,-0.99283856,1.2670699,1.6943619,-1.0755326,1.6268001,-1.6642847,-0.7640583,0.665868,0.21717468,0.6491765,1.0876211,1.1760337
1360,0.86838603,-1.7106634,0.950531,1.2626266,-0.038038045,-0.32842207,0.38376433,0.25097063,1.0469086,0.3627505,-0.16495639,-0.24488519,-2.2754235,-0.6464639,-1.3246999,-2.2068076
192,-1.5810778,2.235476,0.5396515,-0.22670299,0.76844853,-0.11276385,0.23891497,-0.821347,-1.229599,2.4510612,1.9075234,0.0545225,-0.23045725,-0.8018942,-1.5034772,0.5561533
1406,0.8212334,-2.7273993,-0.84396756,-0.7235181,0.20461315,-0.9486924,0.23117173,-0.3028873,-0.47574782,-0.5610568,0.2373372,-1.0364811,1.107814,0.009188592,-0.14976716,0.9344937
804,1.8486071,0.8055172,-0.5335592,-1.6567435,-0.535838,2.0886793,-0.99237406,0.96388716,0.24213625,1.2958429,-1.0287695,-0.9032818,-1.0803773,1.1552672,0.11499341,0.670462
44,-0.35429224,0.12735963,0.6493932,-0.74044555,-1.0343109,-0.59497845,-2.1660647,0.82194287,-0.44089612,0.46814638,0.40516478,-0.9226897,-0.15784767,0.40329683,-2.951777,-0.24244347
1348,-0.16617803,0.81848496,0.40209103,0.89182854,-0.6020411,-0.013240755,0.19973454,0.38029322,2.107456,-0.27462828,-0.40729195,-0.92388004,0.19678624,-1.2322253,0.6172063,0.10182899
810,0.81333673,0.88097006,1.3415039,-1.4167482,-0.70843863,-0.007847726,-0.5381967,-0.45992434,0.3823791,-0.9108479,-0.61375517,-1.5541514,1.3345708,1.2086945,-1.3483033,0.48583993
50,-0.16046143,0.5223795,-2.1631424,-2.1638718,-0.44581497,-1.8824168,-0.73228246,-0.1299111,-0.4295071,-1.7210097,0.12203355,-0.5794339,-0.8114395,1.1020926,1.31041,-0.4302956
2,0.41173798,-0.27668452,0.29785904,-0.85221034,-0.7359577,-0.5591718,1.3627535,0.15500695,-0.2851606,-0.06695348,-1.7800072,-0.955024,0.66419756,1.428308,-0.74829066,-0.19031402
145,0.31533957,0.71091866,1.309138,-0.45119098,-1.1209787,-1.1108341,-0.02437061,0.9618367,-2.171474,0.45270053,0.37134975,0.39301306,0.3522811,-1.3609061,-0.32601264,-2.1557982
623,-1.3087988,1.6914513,-0.8292387,-0.6320871,-0.97671425,-0.18244833,-0.8371103,0.56045043,-0.30429325,-1.5321276,-0.49039093,0.38175565,0.56270254,-0.4846188,-0.043762773,-0.9453208
637,-0.38530755,0.4155485,-0.7375966,-0.20441185,-1.2099468,-0.26824972,-2.1782458,0.44902965,-0.6618172,1.8172404,-1.1857574,0.77612627,-1.4683063,-0.25648403,2.3139377,2.5166101
151,2.0285635,-1.0785698,0.89592636,-1.3001128,-1.3257661,-0.40918314,-0.24362618,-0.8750919,-0.5514995,-0.51226705,1.417815,-0.43129593,-0.2688175,-0.22020918,0.59570336,-0.7609327
179,1.1302233,1.9155184,1.7491003,0.54389167,-1.6480334,-0.18454897,-0.81335825,0.095981166,-0.1561359,1.615711,-0.85319954,0.5121236,0.6873359,-0.57445276,-0.70212376,0.7541648
87,0.099241614,0.112042904,-0.13210154,-1.201937,-0.7758158,-0.23741066,2.2050276,-0.0042233467,1.1978754,0.84815735,0.8601894,1.1380471,0.16850036,0.6284261,1.1010492,-0.47164005
93,0.75488293,0.5741634,0.18930724,0.0002682507,-0.24812609,-0.23225835,-0.081334546,0.4438451,0.61249346,1.2505515,0.41881397,-0.5744704,-0.8135164,0.21228147,-0.917326,1.2105273
1566,0.8941179,0.82418805,0.6207992,-0.4956807,0.766157,-1.3007488,2.100994,-3.245802,-1.6213136,-0.1922482,-0.9917728,0.3782214,-0.125067,0.7108854,1.4501958,-0.75693357
1200,-0.91368955,0.28817493,2.9328532,0.17366192,-0.68772185,-1.0868247,-1.8737636,1.9380311,-1.2781575,0.77804667,-1.3854797,4.909508,0.50018305,-1.3257043,-1.7224554,-1.1201379
794,1.0418903,1.669317,0.50462204,-0.046573788,-2.6818957,-0.04526317,0.3661602,-0.4221705,-1.1609725,1.1670785,0.45412442,-0.31891108,0.07535423,0.8866622,-1.8143847,1.0019124
780,-0.18309674,1.619477,-0.27865568,-1.0492443,2.2320476,-0.3338871,-1.3247133,0.39153555,-1.4873127,-0.78563935,-0.780799,-1.679964,0.4744544,-0.30451292,-1.8419399,-0.076939195
1214,-0.44071987,0.25301245,0.18118191,0.06591524,0.539644,1.8468523,0.09124863,-0.47574213,-0.5870918,-0.309237,0.7851454,0.004467994,0.35601687,-0.9084551,0.10444993,-0.48440108
958,-0.72650754,0.68840885,1.2203805,-0.2806861,-0.77400404,-0.30806676,0.572309,-0.14095178,1.6149749,0.46295464,0.40135902,-0.4390707,-0.60722643,-0.97972625,-1.0235819,-0.18452233
1572,-2.411723,-1.773273,0.9626574,-1.1651423,2.484004,1.4952967,-1.7649672,-0.1980241,-0.9532689,-1.4852313,-0.08346107,-0.21420045,1.4274254,-2.5421336,1.1872656,-1.9748499
2053,-0.26706165,-0.98472476,-0.78282607,-0.41478124,-0.5289453,-0.6338564,0.29376015,0.19411552,-0.101950556,-1.3480128,-0.6630528,-0.36304444,0.7614829,0.45965677,0.87075627,1.0590036
970,-1.3448266,0.67186993,0.11491275,-1.0963691,-0.90709317,-0.23567459,-0.3087721,-1.6258979,0.6843188,-1.4862978,1.207788,-0.81301343,1.0563265,0.054233134,1.4354885,0.9839139
1228,1.2072563,-1.1181326,-0.61586905,0.7860807,-0.7799608,1.1236115,0.36982313,0.2432883,0.94508064,-0.81953675,0.13416913,0.46932557,-0.45160213,-0.5336285,-0.09433716,-1.7932179
964,0.43254343,2.4707549,0.30695212,0.36962682,0.3895669,-0.7352309,1.3382293,-0.68716854,0.88198686,-0.74985635,0.9055632,-0.16319083,-0.8128481,0.35826665,-1.2667031,0.58660614
2047,-0.05548662,0.052113585,-1.5563803,-0.38748604,0.7697011,0.3246194,0.22197695,-0.97352666,-0.20692077,-1.0852966,0.87783885,-0.15279001,-0.41347644,-0.1937924,2.3889832,-0.78306705
757,-0.18613876,1.6409465,-0.23993552,-0.47280148,0.2411691,-0.8652523,0.58331126,0.015667103,0.038632218,0.9543183,0.47230664,-1.0854551,0.06912504,1.0829277,-1.1631933,-1.0624161
743,0.61970305,-1.487422,0.10542161,-0.9635578,0.628229,-0.020949185,0.018511266,-0.4631731,-1.2305192,-0.95692205,1.2761996,-0.07421237,-0.68444514,-0.07886365,-0.45297632,-0.67024195
1599,-0.7827952,-2.1348772,-2.548413,0.8454982,-0.07788268,0.772241,1.0240784,0.10546696,0.6056918,0.20238721,1.6321954,0.3154521,0.5593156,-1.0454379,-0.16122563,1.2838557
1002,0.09108716,-1.3578248,-1.3453444,-1.7276729,0.52390456,-2.2966595,-0.6927669,-0.52617687,-1.2940186,-0.68938756,1.1570162,0.53844917,0.7007169,-2.1092882,1.328797,-1.1050407
1764,0.3604127,-0.26422033,0.19793653,-0.18092278,-0.23385651,0.106062315,0.87067497,0.73555326,-0.3391211,-0.71218,-0.22261474,-0.11307436,-0.15714788,-0.6971264,2.7142158,-0.6065376
1770,1.2941403,0.413316,1.6694777,-0.26420426,0.29012924,-2.1150372,-0.5073916,-0.073393755,-1.40289,-0.98205954,-2.3107662,-0.943349,0.68614817,-2.9574838,-0.14461285,0.5041036
1016,-0.029730499,-1.1921369,-1.8972826,-0.5159153,-0.9264906,-2.6293583,-1.2230294,0.07882434,-2.0955377,1.1673484,-0.21039629,0.42786014,-1.0194759,0.5582733,0.5806782,-3.139573
582,-1.4019865,0.23277237,0.3066839,-0.6139281,-0.5386625,-1.0965755,0.5373888,0.73912954,1.1519642,1.113942,0.25892848,0.48155466,-1.1233258,0.19127592,1.0424557,-0.48206195
1758,1.1044208,-0.8744132,-0.6111929,0.46970892,0.48172885,-0.3783741,-1.7449063,0.83281815,-0.5841491,1.186113,0.3421631,-0.5742316,-0.4653987,0.67342126,-0.77005976,-1.276384
1980,0.8562119,-0.41441688,-0.43511668,0.4841646,1.9372233,-0.56654453,-0.054138962,0.05943805,-0.25630268,-0.81191504,-1.0598512,0.030441366,-0.517133,2.1050475,1.2891682,0.88859445
1994,0.82742465,-0.31781787,-0.9242385,0.57165986,-0.57865965,-0.45757923,0.1315791,0.65650773,1.3065908,0.3338082,-0.5964383,1.1603401,-0.7188976,-0.5755199,0.37748656,-2.324413
555,-0.6070399,-0.31506366,0.20162898,-1.2465391,1.0527612,0.63889074,0.4332969,0.0790734,1.9097706,1.022243,2.1896741,0.51579434,0.05360493,-1.0378331,0.30954006,2.113536
233,0.79444635,-0.45321235,-0.5810275,-1.4822036,-0.9900401,1.6990709,-0.34734902,-1.3496871,-1.1183789,-0.9537115,-0.96149635,-0.7056359,0.6003543,-1.45063,-1.1586576,0.7721565
227,0.53711706,1.9279232,0.60953,-0.7045534,-1.087613,-0.17012101,-0.8529992,0.01756382,-1.4737127,0.3719121,0.06584421,-1.6525669,0.4609927,-0.91322386,0.46454167,0.5430345
1943,0.5731592,-0.91793555,-0.32951576,0.5429778,-0.14619067,-1.5488223,-0.32262123,0.34997684,1.0093204,0.15463018,-0.5364454,0.4606029,0.19167398,0.24429604,-0.39050865,-1.9944824
1957,0.8347529,-0.36565486,-0.30209243,1.0672858,-0.45280802,-1.7143881,0.77835184,0.28987503,1.9906938,-1.586958,-0.6154612,0.17495193,2.9114523,-0.40545565,-0.9518151,1.2895637
240,-0.15993714,1.8397999,0.8210817,-1.2518101,-0.081535846,-0.05698269,0.25777924,-1.8103042,0.10585225,0.24980652,-0.5826874,-0.79219675,-0.9635173,-0.9618009,0.5065122,0.0064448714
254,0.026014447,1.2586281,0.5531634,-0.82792914,-0.7959154,0.7946967,2.6860461,2.370402,-0.9290209,1.9256035,0.20930928,-1.8197985,-1.9658006,-0.06288731,1.6991973,-0.18221259
1918,1.2124681,2.7626963,1.7330843,0.9706934,0.34047854,0.52223045,-0.36463133,-1.7541578,-1.0104187,0.21750262,-0.49946794,0.56292987,1.2241063,1.9336001,-0.640504,1.0062815
1930,0.035371937,-1.0421417,-1.6933355,0.39645514,0.29908335,-0.47967348,0.14436215,-0.5250758,0.22370583,0.011164252,-0.4008007,1.3449037,1.0191267,-0.3649335,-0.8175344,-0.7936171
1924,-2.479796,0.39868838,-1.2649608,1.1164806,1.3423537,-0.6220436,-0.27113476,0.6766037,1.1058574,-1.311824,-0.6957827,-1.2485533,0.39233717,0.60283566,0.32587373,-0.5734189
1717,-0.6703297,-0.00995028,-0.29092816,0.38455194,-0.18528566,0.5526294,-1.1144643,0.82998455,-0.17402312,-1.0715284,-2.2544026,-0.060589552,0.23283279,0.4689144,0.04608488,0.5543747
1071,0.4827542,-0.88100743,-0.3357647,0.07814432,1.035883,1.9840533,1.1513262,0.08806443,-1.1208624,-1.9825424,0.048927322,-0.084329575,-0.7892883,-0.24757573,0.06357968,0.48674226
1065,0.6974615,-1.2662551,-0.7789054,0.8759799,0.19628641,0.044566147,0.6490121,-0.17180642,1.6456258,0.6096524,-1.2202873,1.3181106,1.0915443,-0.48637897,1.2791327,-0.15728225
1703,1.2679313,0.7577662,-0.09969629,1.5946126,1.0623578,1.9281778,-0.42015105,0.14715055,0.88747317,-0.30101132,1.4092612,-0.06879917,-1.8610163,0.10503781,2.4339905,0.8790184
297,-0.82990605,0.16729987,-0.26002723,-1.6024902,-0.8605847,0.2643451,2.3902838,2.0436735,0.29500505,1.5918167,-0.08494252,-0.91700673,0.5790986,0.66275895,-1.3762523,-0.65970516
1059,0.8273388,-0.73961395,-0.6507218,0.5978178,0.20513809,-0.15101811,-0.7286849,-0.04587409,1.7151287,-0.5844781,-0.36785784,0.22023103,2.2602353,0.20643856,-1.1236309,0.030616641
724,-0.21748737,1.1238396,-0.62881655,-0.27455944,0.065491326,-0.16825211,-0.24922797,0.9090641,-0.043046147,-0.23945966,-0.45797434,0.6294118,-0.40226656,-0.27913073,0.4170737,1.1823964
730,0.40787223,-0.3920866,0.032241315,-1.8309444,1.5216556,1.2800633,-0.14659476,-0.8020615,-0.629119,0.5332618,-0.2001552,-0.32268295,-0.33133274,2.2981436,0.502136,1.0787315
718,0.58623433,1.2250661,0.6548021,-0.57882607,-0.5695752,-0.14823967,-0.15074578,1.115718,0.104659304,-0.45759374,0.24797338,-0.57039046,-1.1843405,-1.1140138,0.39835238,-0.25949022
1298,-0.093024045,-0.861043,0.5065747,1.0211754,0.96911347,-0.37812692,0.95208037,0.68957865,-1.1138437,-0.43776846,1.9181623,0.11012575,0.15731682,1.2866496,0.23515636,-0.02436141
1273,-0.64762354,0.37612244,2.2439852,0.5964537,-0.17620605,0.36101443,-0.62714475,-1.318422,0.07502797,-0.09004432,-0.33675763,-0.06577736,-0.12476519,-0.5622615,1.5928769,-0.94908106
1515,-0.22001277,0.89655936,-1.4492316,1.1759602,0.6801355,0.4131587,-0.45606595,1.116592,0.30521706,-0.7955968,1.1434847,0.13835892,0.8406791,0.45002395,-0.3883432,1.1679049
1501,0.11191249,0.26015925,0.33317316,0.7653657,1.5399075,-0.49748927,-0.8628272,0.92313784,-0.8898476,1.1190425,-0.8308355,-0.60718536,-0.9225619,-0.01985234,0.118231386,-1.3297728
2008,0.83481324,-1.1124492,0.6148412,-1.2764181,0.35174993,0.21899053,0.42632058,0.15223882,-0.14904511,-1.1802702,0.6951477,0.12525973,0.45402288,0.5635523,0.0914543,0.78981584
1267,-0.037213445,-1.202472,-0.97946703,1.3344254,-0.88728046,0.6389509,0.41465306,0.19952348,0.8866725,-0.16819626,0.9383639,-0.45027032,-1.1339173,-0.0011219941,-0.28257772,1.2336527
903,2.0002127,1.2328353,0.47029722,0.39615893,-0.6030706,0.70069754,0.957302,1.4369202,1.0578574,-0.53180623,1.5500194,-1.2248122,0.38098985,0.46583754,0.9770889,1.7003402
1529,-0.21178815,-1.37413,0.59117186,0.58372355,1.2227452,1.2433865,1.2970811,1.1006958,-0.3786864,-1.115335,0.3060072,-0.009371996,2.1524172,-1.2836927,-1.7870791,-0.039922744
2020,0.9242723,0.26070178,0.54697466,0.7275447,-0.6068341,-0.8309937,-1.521736,1.3892645,-0.36174878,-0.6756433,-0.2528851,-0.14278372,-0.550566,-0.26163942,1.1026124,0.2643991
2034,-3.4470296,-1.2163252,1.1551985,-0.35217464,0.12966701,0.9003509,0.25915983,-0.038981065,-0.06978222,-0.6579598,-0.34376252,0.10333751,-0.33916736,-0.8898165,0.30845654,0.05960366
650,-1.3576773,1.1947567,0.09410834,-1.7533346,-0.7386857,0.5939659,-0.4707803,0.2932222,-0.601849,0.3617736,-0.4414087,-0.5324732,1.7676381,0.45893338,0.381657,-0.95690185
136,1.169616,0.16038677,1.1952726,-1.0248568,0.33196414,0.1375454,-0.519923,0.5137215,0.67263424,-0.286431,-0.002756238,-0.4161302,0.5852482,-0.24080706,-1.2116431,1.2578387
122,0.7599739,0.7279937,-0.09520285,-1.8236443,-0.0600005,0.70994544,-0.7065467,-0.49029028,1.3208442,-0.62430584,2.5730555,0.32377607,0.12473215,-1.205078,1.2599041,-0.26175362
644,-0.3036104,-0.49889487,0.5646577,-0.1291844,0.47291812,-0.6718831,-0.7981943,1.2396342,-0.23479049,-0.36593693,-0.8782794,-0.42329776,0.11138044,0.1563682,-2.0688934,0.8215966
1307,1.2952383,0.02909673,0.0065127797,0.20773573,-1.1790924,1.2792888,0.24619508,0.8846104,1.48435,0.5508349,-1.9479101,1.388495,0.15972626,0.018241525,0.087401584,-0.6858798
693,0.6869681,1.1839815,0.5704832,-1.1495512,0.34510458,1.3045692,-1.309923,0.26004183,-0.0015518665,0.1813617,-1.6263548,0.13778442,0.42700028,-1.644845,0.53747857,0.14408448
1461,-1.7187608,-0.4198506,-0.52921534,0.7465147,-0.08140707,-0.3345935,-0.9933072,-0.32495517,1.573402,1.0682108,0.28263655,-0.6430038,0.5861701,-3.0157163,1.1415167,-0.20020056
1475,0.3594493,-2.0702965,0.6216084,-0.013951663,-0.7917998,-0.14669445,0.7897734,-0.16772069,0.2503087,-0.21885805,0.6151325,-0.6205991,-0.8117278,0.29085004,-0.21971092,-1.599055
687,-1.6675434,0.6467564,-0.6187225,-0.71069497,1.0259289,-0.069951504,-1.0492332,2.3447278,-1.024795,-0.24865544,-0.4890811,0.8763216,-0.066076376,-0.6323265,0.19833124,0.17646542
1313,-0.007455755,-1.2234671,0.6792009,0.18220076,-0.07760222,-0.59157276,0.66578245,-0.19011989,0.7861059,-1.5248585,-0.12319959,-1.0307313,1.8160326,-0.888345,-0.50116074,-1.0273439
37,-0.5755695,-0.16048233,1.121061,0.0757924,0.1939324,-0.8361877,0.045540188,1.0320057,1.2824651,-0.633906,0.36637577,0.1863533,-0.22831273,-0.14674202,0.8344584,0.0009010136
1449,-0.55510354,-1.4754186,0.36015618,-0.48362586,2.0318341,-0.98988056,-0.4282207,0.3364332,-0.7674159,-1.5930078,0.8468181,1.3915637,0.6442329,-0.25108856,-0.37475345,0.27028716
863,0.8132783,1.0000085,-0.8427693,-0.97248477,1.0193609,-0.44357857,0.92427087,0.25206202,0.34112588,1.8132633,0.55350137,0.55405396,-0.2958658,-0.7345853,-2.0118356,0.5860834
1878,0.7843385,-0.45466843,0.56529534,-0.21088363,1.294343,-0.22643048,-0.9230196,-1.5256982,0.2587953,0.025107034,0.2564205,0.6935883,0.5346612,1.1350647,1.0986333,0.5190882
334,0.8807547,0.83609664,0.82168686,0.51091087,-0.33544013,1.8211856,2.942307,1.3913703,0.12939,3.1407442,1.4452083,1.7240769,-1.0527077,2.4102433,2.5496225,0.1985631
452,-0.63742894,0.39863718,-0.28263116,-1.5378898,-0.37180156,-0.8565629,1.156537,-0.8832766,0.11688328,1.6841753,0.29632676,-0.48953113,-0.61084884,-0.68975157,-1.4551141,-0.01224497
320,1.4043547,1.449512,-1.1849618,-0.64369005,-0.04444234,1.2428069,1.0410717,-0.21851863,1.8639562,1.0253041,1.3961864,0.1697293,0.4665143,-0.03358364,-0.3233117,0.1782729
1844,-0.6727787,-1.0162218,-1.3779728,0.3571933,-0.25997308,-0.46343967,0.42864424,0.06531976,0.5378521,-1.7341907,-1.4045362,0.07873303,0.7085119,0.91107804,-0.39413014,-0.19488335
308,1.0659306,-0.89442074,-1.3020704,-0.8862662,-0.60419226,0.9007484,-0.95801926,0.05128944,1.3381765,-0.21451935,0.2022455,-0.8501643,-1.2724897,-0.027658924,-0.15905064,0.33145863
1850,1.2108636,0.22988667,-2.2265847,1.5381848,-1.1314094,0.7170248,0.13040617,-1.5755937,0.20550995,-0.5385907,-0.31844658,-0.15112543,1.1159002,-0.32655802,1.0918738,-0.33897245
1688,-1.2462397,-0.04606308,0.10686138,0.23520337,1.0577401,-1.7184913,-0.23289412,1.745927,-0.20138258,0.852268,-1.7570436,0.37442577,0.30859134,-0.81325376,0.9187965,-0.1323961
1663,-0.10293239,0.32030258,0.081353486,0.29870066,-0.9227582,-0.4551357,0.04315871,-1.0237477,0.1641848,0.6042452,-1.1731255,-0.795118,0.9964648,1.1618313,-0.15439776,-1.8956249
1105,0.39623353,0.49207833,-1.5508957,0.7446254,0.7740963,-0.80644345,-0.8018076,0.11658816,-0.57832277,-0.37913352,-0.17287818,-0.64748204,-1.2155426,-1.4390012,2.3100708,0.15320426
1111,0.013802677,0.41692457,0.34155962,0.6275697,-1.3476238,0.50753707,0.58047426,-1.2339836,-0.14766464,-0.45229906,-1.0850153,-0.19320981,2.226146,-0.74984336,-0.25803196,0.22835408
485,-0.5004816,0.7870111,0.18236709,-1.1993945,-1.3673863,1.3971286,0.30551627,-1.9437978,-0.32058248,-0.82703483,-1.356073,0.8277978,-1.3352461,0.50728786,1.1116595,0.13672549
1677,-1.8128335,-1.6298931,-0.3187749,0.22406638,1.710987,-0.34880763,0.49721494,-0.42834985,0.19571811,-0.55367076,1.342505,1.5748835,0.13167363,-0.55578923,-0.26133078,-1.796003
1887,-1.1608933,-0.90054834,-0.9881269,0.42677528,-0.6269758,1.2479987,1.55212,0.9778431,1.3331538,-2.0565407,-0.527045,-0.73330903,-0.14070135,-0.7885028,-0.20932835,-0.4825387
1139,0.012858331,0.5184083,1.0940595,0.7954117,-1.3830278,-0.111106455,-0.55577165,-1.2154692,-1.6124179,-0.33082518,-0.3154811,0.975988,-0.87211126,0.65542936,1.1233531,-0.84862685
1893,1.3285011,-2.539875,-0.6642244,-0.0017201155,1.6568298,-0.21322426,-0.17158899,0.13440207,-0.37018296,0.15114057,0.5842813,0.118858665,0.55903983,1.3126899,0.5780574,0.57482743
1892,0.7539793,0.39715463,1.2061348,0.58686864,0.40667024,0.064605236,-1.1147256,-1.3012096,0.64170694,-0.2259883,1.6204882,-0.57115066,-0.70633966,-0.5135435,-0.94949406,-0.3663873
1886,-0.26726848,-1.8883555,0.12885922,-0.48123038,-1.3017433,0.096384615,1.333611,-0.34536254,-0.16803457,-1.0026772,0.916288,1.0262339,1.2886467,1.8491447,-0.16472068,-0.3194474
1138,-0.2236321,0.6711798,-1.740169,0.705111,-0.713175,2.5269659,1.1124357,1.328855,-1.2776197,1.8453555,-0.1988118,-0.054064453,-0.14609452,-0.7154546,-0.28618842,0.5593526
484,-0.45184442,0.46329677,-1.258623,-1.0402075,0.7153369,1.6068381,-0.6571397,0.6714171,-0.1600753,-0.24997701,-0.43912452,0.15217501,0.21321346,2.2129579,-1.296462,2.1037064
1110,-0.48177212,-0.8387247,1.779012,0.1642536,0.3852753,-1.4710964,1.4742758,0.25232673,0.451982,0.2027986,-0.0009550378,-0.30423832,1.2494692,1.2563924,-0.25325948,-1.7357978
1676,-0.14210406,-2.12906,2.1427057,-0.13609567,1.1635481,0.3302002,1.0758374,-0.7077084,0.4734233,-0.86045814,-1.56742,0.9327428,0.5979671,0.2988246,0.3800912,0.09606899
1662,-0.66725373,-0.3144834,2.1158216,1.0628293,-0.4869719,-1.1032028,0.11422821,1.9117635,1.7305251,0.9859208,-1.4099302,0.33893195,-0.092558,1.9627174,0.2164129,-0.56661385
1104,-0.6275986,0.31181282,-0.077608764,0.7377347,0.26000422,0.0665144,-1.007264,-0.4848675,-0.63107353,-0.6121792,-0.5995662,-0.75384927,-1.0671148,-0.0076543093,1.7316213,-1.2852848
490,-0.14910017,-0.19402802,-0.5035639,-0.2666935,0.56000215,-1.8276258,-0.48005432,-0.32139996,0.27635154,0.43354532,-2.8368893,-2.4972916,-0.80808496,0.4698552,2.4028053,-0.21272132
1689,0.59590816,-1.050784,-0.64650786,1.2997241,0.76227957,1.4216926,-0.4222011,-0.0412817,1.417597,1.0461551,-1.5999174,-0.822309,-0.67853594,-1.2336938,-0.55946934,-1.2331828
1851,-1.2836509,-1.0855322,-0.81402814,-0.46213487,0.14171314,-1.2016534,-1.3196384,0.12914693,-0.9649147,-1.1154618,0.1717661,-0.19792688,-0.4365358,-1.2724884,-0.22780511,0.31801602
309,0.19144508,1.1366159,1.1930314,-0.51004046,0.25494936,0.6203244,-0.67302,0.39451823,0.30990636,-1.5228457,0.8989521,-0.1857495,0.06915818,-1.0946293,0.75238156,0.3491338
1845,0.72775996,-0.12260713,0.44073293,0.37889305,-0.21183391,0.28416318,-0.004232132,-0.8409275,0.3188879,0.6515724,-1.4083092,-1.2083044,0.30727693,0.2602136,-0.6304041,-0.69588375
321,-0.41537967,1.1066474,1.2818851,-0.45086616,-0.3169234,-0.46503344,-0.3247102,-0.7587451,0.33541292,-3.1194165,0.46813288,-0.096414894,0.4291529,0.07912016,0.460105,1.183479
335,-0.2960293,0.8727441,-1.0143204,-0.022747375,0.10819785,-0.5178482,-0.16465911,1.1275852,0.85650873,0.6910727,0.8242856,-0.37824845,-0.3385197,0.4199841,0.96445537,1.4186618
1879,0.52648866,-1.5424869,0.43146238,0.5560435,1.9122624,-0.6564884,-2.258222,-1.7361796,2.751227,0.6435451,-0.24660796,0.1305519,-1.3207211,1.713456,-1.8423293,0.93187255
453,-0.13401467,-1.0551919,-0.62514895,-2.2253711,1.4900124,-1.383399,0.37340218,-2.61649,0.19558127,-1.7296736,-0.20541933,0.2556067,0.07224776,-3.0257664,-1.4016287,-2.4770727
1448,2.57401,-1.6205484,-1.9193752,0.093317494,0.67283416,-1.0531621,0.050378356,0.06362668,-0.8649876,0.04051709,-0.08518106,0.6449392,-0.19617227,-1.5331318,0.45791525,-0.11629976
22,1.327516,1.124707,0.24704778,-0.6032351,-1.0022566,-0.7722631,1.8310723,-0.13663745,0.15888405,-0.4386152,-0.4578565,-1.1934358,0.26655537,0.58416927,-1.1250494,0.8906807
876,-1.1556348,1.0321891,0.7458815,-1.7405338,0.17399517,0.6960565,1.7906094,0.7122185,0.35180604,0.14404327,-0.40499932,0.9442018,0.3739305,-0.58688056,-0.47434476,0.40430355
1474,0.36184642,-1.1451576,1.2468071,0.06035638,0.8461155,-1.1842895,0.4409032,-0.112993374,0.40013298,0.7663063,1.7198992,-1.0141445,1.7259469,-0.5470468,-0.1427862,0.37015063
1312,2.4939628,0.8861966,0.14078107,2.5219774,-1.4681084,0.7891567,1.596024,1.339614,1.75648,0.35610306,1.2666566,-1.6181929,-1.4729627,-0.071413904,-0.89139104,0.6008716
686,-2.0615706,-0.37340486,0.30129036,-0.88022304,-1.5181742,1.6360782,-0.6266774,-0.18274572,0.32874417,-2.1201162,0.38351986,-0.417612,0.31115562,0.24494392,0.54446715,-0.5095771
692,-0.18628067,0.96615547,-1.2076011,-0.925369,0.5778812,0.22407629,0.13983434,0.04810252,0.91810596,-0.42193037,-0.9100102,-1.8097608,2.072649,-0.5635282,-0.14631367,-0.42518458
1306,-0.26890308,-1.3046284,1.6264249,0.8261669,0.6035385,-0.4013222,-0.8087226,-1.3705442,1.2542682,-0.086542234,0.10443732,0.8680038,-0.24357401,0.3264206,-1.0285449,1.7365613
1460,-0.06147514,-0.21605629,0.29126877,0.5710629,-0.608623,-1.2081304,-0.1526618,1.3505428,1.4954925,-1.3478625,-2.2498126,-0.5068227,0.40780127,0.8102331,0.35978705,0.18041372
123,1.3223978,0.45868355,-0.73761404,-0.31765082,0.6050409,-0.13069367,1.5750387,0.07407631,-0.14119506,0.6805506,-0.1549449,0.37705365,0.614555,0.71088964,0.64689624,0.671193
645,-0.16589177,0.4981504,0.21666372,-0.47052598,-1.4613179,0.6232922,-1.9010228,0.55511856,0.6231921,0.99050057,0.20193507,0.047211573,-0.009314209,0.9202806,-0.40260327,-1.4410875
651,1.9105726,0.54804105,1.3685049,-0.823962,0.89180845,-0.43579555,-1.438939,2.1139545,-0.78154844,0.43622443,0.24993467,0.7775843,-0.2910418,-0.9475241,1.1970546,-0.124318
889,-0.8430924,1.0954764,-0.4033351,-0.95741856,1.4225482,0.09454802,0.9871251,0.33751628,1.685726,-1.3655859,1.4299772,0.8062502,-1.5083936,0.9677284,0.28224015,0.35272115
137,-0.6805239,-0.15250814,-1.4727024,0.8478969,-0.4471338,1.3354275,-1.3156368,4.0003357,-1.7947603,0.16148569,0.09382551,0.73628914,-0.041176002,0.62974083,0.2562031,-0.26847488
2035,-0.37227648,-0.12225255,-0.4950595,-0.7432334,-0.3763192,-1.5577159,0.46536964,-0.8305662,1.4017516,-0.1792478,1.320851,-0.31910866,0.98999894,-0.8272377,-0.36379144,1.962516
902,-0.6936916,0.42640728,0.7512287,-1.8495877,0.9022445,-1.1271226,0.7832556,-0.18349695,0.16641739,2.793542,-0.24692068,-1.4894781,-0.46755254,0.97193295,-1.572221,0.3283165
2021,-0.52453697,1.0871284,0.8338164,-0.9628167,-0.47975016,0.083238125,1.2930022,-1.0712596,-0.29536748,0.68759805,0.3995265,0.45264888,0.8594807,-0.15206039,0.76503396,1.2377121
1528,0.8809252,-1.5900418,-1.8541048,1.131226,1.1856835,-1.1374457,0.11943758,1.0957496,0.5478196,-0.96471524,-0.9376128,-1.8564874,-1.6646991,-0.7844506,-0.0062192082,-0.24019265
2009,1.4809773,0.6846163,-0.5142845,-0.12361958,-0.7371716,-0.4740403,0.18479589,-0.548879,-0.6727649,-0.34642607,0.027701437,0.29541463,-0.4283498,-0.4434818,-0.4274317,1.5896556
1500,0.22924948,1.192699,0.9663782,0.53473246,0.42627722,-0.7448965,-1.2392918,-0.54870945,-1.2892662,-0.49238503,-1.6203777,-1.755002,-0.77736783,-0.16115828,0.5558927,-0.4665049
1266,0.51184785,-0.44384995,-0.54616046,1.2479645,0.4994814,-0.11888695,-0.9178316,-0.8252735,0.06295499,0.5114868,0.37500992,0.25437278,0.80643475,2.0237157,0.49440244,-0.98711234
1272,0.7772261,-0.14635321,1.5835115,1.7019353,-0.43830693,-0.30793625,0.8105283,-1.485532,-0.41995177,-0.5164503,-0.55825496,-1.154832,-1.2378855,-0.28385824,-0.53316915,1.2830911
1514,0.16002393,-1.754317,-0.4667594,0.10773942,2.333248,-0.7958753,-0.4103521,0.33339125,-0.3624544,0.7228013,-0.20092514,1.4628009,0.16947037,0.9110539,-0.9191961,-1.028373
1299,-1.2157933,0.54031175,-0.45004684,2.1953669,-0.6786461,-0.42085642,-0.55787647,-1.3063147,-0.5019955,0.13232285,0.18925971,-0.038202763,-1.4914982,-1.2893267,0.3567568,0.3201295
719,1.1428642,0.5897612,2.4740424,-1.7005861,0.93088347,1.219755,-0.5910868,-0.5474939,-0.049657106,0.3260919,1.4344888,-0.5940234,0.623523,1.2434391,0.9187723,0.27026302
731,0.22287868,-0.07072881,-0.84264755,-1.5135716,-0.3902212,0.41694775,-0.52531815,-0.47479686,0.14794326,-1.6517401,-0.5515969,-0.49544996,1.4859455,-0.14754105,-0.708441,-0.652416
725,0.34245777,-0.26080397,-0.94713604,-0.68142545,0.34751132,-0.7765321,-0.030645072,0.19443843,1.0361497,1.6698394,-0.4879948,-0.54234064,0.6262043,0.63249177,-1.2073034,0.8889189
1058,1.5801373,-0.42566356,-1.6559356,1.1980151,0.56003255,-0.30010623,-0.033877015,0.26981616,2.2768998,0.022274852,-0.33119726,-0.83246565,2.019896,1.4576187,0.034304857,0.23470634
1064,0.8374635,-0.00114429,0.5158988,1.7629521,0.8287239,0.43736687,0.6039513,1.1878246,0.38216275,-0.7417692,1.5867622,-2.1407795,0.94727665,0.9526634,-1.9662575,0.5157873
296,0.5713272,-0.050427914,-0.54907256,-0.5364778,0.18103683,-1.3037616,0.38665628,0.61632633,-0.74992216,-0.25310072,0.5733549,-0.22245164,-0.09185666,0.12159106,-0.22618806,-1.0351484
1702,0.22269414,-0.29329795,-0.50875527,-0.38338402,1.1259177,-1.9066043,-1.396782,0.30968186,-0.8756462,0.35029694,-0.95768356,-1.0707166,-1.1200908,-0.4323383,0.524138,-0.6719947
1716,0.48385128,-1.470653,0.9048221,0.9603632,0.7590561,1.2871503,0.46061656,-1.2413051,0.35533276,-0.42050248,-0.20022848,0.82729924,-1.4745028,-1.1249511,0.8651706,2.2360754
282,0.0151923895,1.303371,1.4135187,-0.6541394,-0.09998353,0.13115287,-0.11397952,-1.1915765,-0.64684105,-0.8979484,-0.19839536,-0.18421482,0.33787733,-0.21255714,0.7862376,-0.95030075
1070,-0.27274403,-0.7966903,0.43997657,0.21595994,0.14145342,0.7571946,2.0783002,1.5498543,-0.4360578,-2.0640419,0.31911248,-0.047871947,0.046373248,1.358166,-0.39163458,-1.0439777
1925,0.87048995,-0.29205096,-1.0628319,-0.034013078,0.73513013,0.23053372,-0.1346643,0.8547371,-0.7643614,1.0971297,0.25883025,-0.9100481,0.94403046,-0.1104942,0.18199575,-0.80353266
269,-0.94612104,-0.097057745,0.1990632,-0.7879406,-0.93348444,0.9003308,-0.03180137,-0.27920693,0.3908039,0.7676188,-0.15316501,0.6720067,-0.97142166,0.6705384,0.08591437,-0.441566
1931,-0.95122826,-1.2252226,-2.5607677,-0.4743352,0.1768178,0.26261055,-1.1789219,0.8975392,-0.3480368,-0.25372207,1.151573,1.4654843,3.282877,0.6987784,-0.0070858896,0.015567839
1919,0.764987,1.1134214,-1.5937442,1.4809067,-0.23261558,-0.3595333,-1.3804228,-1.1483474,2.3385205,-0.49919242,-0.25566053,0.20677045,1.1666386,1.1821859,-0.042007178,0.2615416
241,-0.42566067,0.65903115,0.46342722,-0.7146401,-1.1480247,0.095626295,1.525485,-1.3432376,0.8582163,0.20595786,0.8158008,-1.0105356,-1.1867378,-0.8821605,-0.6568212,-0.5101496
527,-1.636811,-0.68176425,-1.2062514,-0.2732942,-1.0453086,0.010553241,1.7376198,2.0482292,0.5173738,0.43288153,0.6054857,-1.5955899,-0.65330034,-0.15249723,-1.4813265,-0.8336869
257,-0.024244696,1.5666661,-1.0716292,-0.7331376,0.22921216,0.36254746,-0.712656,-0.32054162,1.6745673,-0.029159129,1.0414864,0.63728774,-0.33768758,0.26730487,-0.042339683,-0.9619232
525,-2.03037,-1.3755958,-0.5324086,0.62158203,-0.8391247,0.38801438,2.123988,1.7937338,0.52573603,0.3028923,1.1428341,0.20589611,-1.5328628,1.1993312,0.49511003,-0.6104919
243,0.82171875,0.7354524,-1.6385049,-1.1200396,-1.0814097,-0.49973094,1.0695695,-0.90700257,-0.23307721,0.73828924,-0.7397534,-0.9014102,-0.22727583,-1.1655961,0.32009405,0.55962616
1927,0.017319843,-0.77811843,1.0177907,0.5512175,-0.7746295,0.46151307,0.71157914,-0.6651757,0.38323054,-0.90948987,-1.0071502,0.2107879,0.7605968,0.71895504,-0.87183094,-1.3687375
1099,-0.6141224,-0.9050686,-0.059439152,0.14974532,2.196257,0.99259114,-1.0620155,-0.07553744,-0.8545658,-0.32273045,-1.4154522,0.17397237,-0.19642402,-0.5205536,-0.7639381,1.3464228
519,-0.761884,1.3404673,-1.821306,-2.1327457,0.06295492,-1.039951,-0.1605381,-1.4791701,2.76944,-0.15139794,1.7501551,1.4524115,-0.22772554,0.59318566,0.65640664,-0.7518865
1933,0.2878809,0.5987735,0.63100505,2.6088853,-0.6517936,0.30457076,0.10933179,-0.37412238,1.6159216,-0.8306066,0.0528394,-0.60418993,0.4443713,-0.31098494,-0.7129096,0.28731698
1700,0.24881509,-1.3471444,-0.06408097,-0.1980606,-0.42910537,0.37294984,-1.4117517,0.591594,1.5552083,-0.7871118,0.71871924,-1.0088304,1.0821468,0.21898884,0.3171963,0.52136993
294,-0.7898941,0.97751915,-0.37271672,-0.04097107,-0.28078675,0.7520578,1.7741528,2.1677976,-0.192274,0.1602655,0.23620594,-0.9963076,-1.6472678,-0.25151902,0.08917613,0.48013023
1066,0.8968344,-0.9102057,0.287316,-0.25462198,1.5174614,-0.14597616,-2.0568588,-1.2438754,0.37216717,-1.5443399,-0.8350278,-1.1151434,-0.34319645,-0.6333833,-0.5328382,-0.9753337
1072,-0.5292227,-2.365767,0.56240594,-0.11705338,1.6422402,-0.17300405,0.17585213,0.96224415,-1.0269599,-0.2870598,-0.5074602,-0.66731167,-0.81813973,1.2456621,-1.9739099,0.61189556
280,-0.88681865,0.18009776,-0.034199268,-0.24401504,-1.7014996,1.5622286,1.5658678,0.4481101,-0.70562506,1.915575,2.2773266,1.0429646,-1.6964275,2.3592362,-0.30312142,0.8710789
1714,1.5566541,-2.5121088,1.6237555,1.4509019,-0.14931166,0.073060334,-0.07164791,-0.7770992,0.1263341,-0.34838653,-1.4485182,-0.22374676,-0.04877667,0.7913066,-1.2849885,1.7034578
1728,0.14032972,-0.6307158,-0.5632114,0.76354206,-0.020445064,-0.7167655,0.5788833,-0.021968156,0.07192066,-0.29559585,-0.227646,-1.6020716,0.8055007,2.043229,0.54380035,-0.032752603
733,-0.55169153,0.54460883,-0.13699493,-0.45800576,-0.3591243,-0.037532806,-0.12648326,-1.7185913,-0.131531,-0.9930104,-0.28743136,0.09803212,-1.2027869,-0.3928072,0.47813034,1.1901057
727,-0.5523525,0.52448547,-0.9442164,-0.80858606,-0.46712884,0.70271736,-0.5509483,1.3273702,-1.3739972,2.3757157,-0.71406615,0.7253945,-1.0129632,-1.9854175,0.6407462,0.037566602
928,0.83598626,0.22637118,0.8017654,-0.821972,-0.9448514,-0.619041,-1.6465815,-0.1665979,-0.21517593,-1.5883963,-1.3397651,-1.3848573,0.92142993,1.1891927,-1.4185162,1.538406
1264,-0.47629705,-0.8731444,0.29622933,1.2301451,0.8689581,0.082509115,0.20537615,0.70840305,-0.85324645,-0.09273076,1.7859238,-0.45827955,0.16563976,0.07090076,-1.6085734,0.6121253
1502,0.4670904,0.24550183,0.41477883,1.302465,2.4163926,0.40271598,0.5779675,0.2440257,-0.49235344,0.93565637,0.53909004,-0.9005803,0.28071943,1.2875082,0.5345736,1.0642073
1516,-0.133017,-2.3084364,1.9248478,-0.17636278,1.7667134,-0.24766156,-1.8600339,-0.5032385,0.22068256,-0.7894131,1.0697836,-1.8948787,-0.6881635,-1.2125367,-0.20600952,-0.89630413
1270,-0.39634392,1.3202322,-1.4112576,0.41030455,-0.1106077,-0.5856831,0.7886681,2.024476,2.0880344,-0.03469789,-1.3975096,1.9182835,2.531652,-1.2213646,-1.3402362,0.07511155
1258,-0.6922363,0.34450752,-0.25515503,0.63996243,0.31944454,-0.00863342,-0.3266505,0.062185347,-0.29488137,0.6444048,1.4012249,0.34394038,0.33123213,1.3850274,-0.9509399,-0.07245301
2037,-1.2599653,-0.5068356,0.31397545,-0.103248894,-0.66667867,1.5446647,0.4214633,-0.42958277,0.13710126,-0.9076116,-0.1824823,-0.67278314,0.2907753,-0.1733096,-0.34196478,-2.0536242
2023,-0.057377458,0.062522724,2.348787,-1.3219838,0.23001611,-0.44983253,1.7173746,-2.0163662,0.55539834,0.1834571,0.36779788,-0.12950893,-0.86155194,-1.6994739,-0.97935486,0.39208925
647,0.6269861,0.38024879,0.3621542,-1.7782243,-0.046098195,0.81670153,1.1177146,-1.9314811,-1.7798665,-0.30000582,-1.8514363,1.7097605,0.05303639,-1.125657,-1.7943137,2.9127276
121,0.4637635,-0.8934772,-0.65589297,-1.0661224,0.89026445,-0.22037368,-1.7541103,0.39890906,-2.7418628,-1.1383674,1.1533773,-0.17842208,0.9628044,0.9717449,0.24318165,1.6291581
135,1.3012037,0.3169809,-0.89939296,-1.9279214,0.12155518,0.8296469,0.45732242,-0.0118246,-3.7530227,-0.6147093,-0.7895917,-0.82545596,0.63120925,0.62581813,1.2943822,-1.4130687
653,0.49117067,-0.65912676,1.7536597,-2.2897933,0.47427413,1.089626,-1.5822139,-0.19977275,0.6994791,-0.24748099,-0.76872635,-0.6025677,0.20797943,1.0481278,-0.18595695,0.87338626
1489,-0.60101295,-0.46277422,0.31803688,1.2507555,-0.31906694,1.1660342,-0.16576898,1.6131556,-0.20238547,0.79788256,-0.10193655,0.06035918,-0.14456373,-0.47529948,-1.0420625,-0.86304146
109,0.67257106,0.40419915,0.3449218,-2.5674467,-0.07296322,0.013384417,-0.28534913,-1.0986445,1.1047382,1.3320432,2.7383058,0.9557915,-0.66975737,-0.84433866,0.73156273,-0.6712813
684,0.61608386,-0.9463039,1.8234203,-1.2003106,-2.1895757,0.5650459,0.14591897,0.87157106,-0.07209116,0.84179616,0.24983287,0.14063403,0.66591823,-0.89291304,-0.64698637,-1.0102328
1310,2.2276878,-0.094545424,0.69768393,0.31619468,0.041865677,-0.31092703,0.23361506,-0.026956886,-0.6348234,0.36457908,-0.960327,0.6860331,-1.1481953,-0.04444474,0.26051176,0.6163517
1476,-0.44526818,-1.0074229,-0.67998964,-0.19172882,-0.6963618,-0.5081318,1.4008598,-3.3320084,-1.5723265,-0.39245084,-0.9312927,-0.6867999,1.150819,-0.052232236,-1.4863348,2.6693535
1462,0.09445621,-0.8847596,0.39297432,0.844833,-0.34969088,-2.5363832,0.2064954,-1.0643399,1.4288683,-2.1903014,0.41116315,-0.93104887,0.9837484,1.453825,-0.3644173,0.25345778
1304,-0.5198917,1.2856826,-0.25509468,1.0909706,0.849771,-0.5008865,0.376601,-0.32421726,0.16952623,0.03999555,-0.6083946,-1.461422,1.2430366,-0.6367408,-0.13841093,-1.0083145
690,1.6924376,-0.32871065,0.9880291,-1.232733,0.06793222,0.025765337,-0.32314295,-1.286303,-1.3884354,0.23200071,1.5561304,0.49311626,-0.099834755,-0.6540899,1.6157744,-2.4888306
848,-0.39421493,-0.59227574,-1.4969208,-1.4318079,0.1999636,-0.19867569,1.5233138,1.8112142,-0.5473778,-1.5831664,-0.8030571,1.6737216,0.40919924,-0.90254027,0.3235895,1.043678
20,-0.18416804,0.62876284,-0.2788517,-1.5141233,0.17990999,-0.057025388,-1.2406995,0.76788807,-0.68909264,-1.9894519,1.9512523,0.22365424,-0.5573792,0.7236341,1.2217429,0.35684735
860,-1.0927037,1.4325552,-0.7786652,-0.30085304,0.7098588,0.69916683,1.6523882,0.72391236,0.81863034,0.7140242,0.078737274,0.21286815,-0.70944476,1.9915527,-0.7557643,0.36873847
1338,-0.5104796,-1.2897297,-0.4287182,0.82735884,2.6525595,-0.033688128,-2.5044136,-1.1443671,0.4431474,-0.46544307,-0.6014203,1.367208,-0.90587807,0.9044561,-1.5033245,-0.1717875
874,0.06999919,1.439735,1.2114463,-0.34367025,0.93640035,1.4209418,1.070934,0.9595983,2.205429,1.458031,1.8801502,-0.27128807,0.9114207,-0.8642844,-0.24688804,1.0970807
323,1.6762308,-0.09558387,0.31218207,-0.68913233,0.47878325,-1.2637017,-0.15629908,0.119085535,-0.84525394,0.8698092,1.1616067,0.7072352,-0.6807115,-0.43127364,-0.21340114,2.3054152
445,1.431937,-0.44439992,1.1368492,-0.80136,-1.4672015,0.11335975,0.9951411,-2.485295,-1.6722023,-0.4723171,0.30517954,1.8471658,-0.6733792,0.2312097,-0.01860845,-0.6767825
451,-1.0938525,-0.2218817,-2.9479756,-1.03911,0.0742795,-2.102863,0.89514124,-0.5545461,1.0692707,1.8687801,0.08166945,1.2024095,-2.826488,0.11833069,0.66630906,0.92315644
1853,2.1713405,-0.6294503,-0.4250678,0.10827615,1.0757872,0.17909312,1.0613827,-1.2605758,-0.34819394,0.09290639,-0.37090978,0.40708542,-0.68432057,-0.074022055,-0.46066213,-0.76505387
479,-0.80679345,0.14456397,-0.24648196,-2.8144765,1.1533107,-0.34384793,0.44300273,0.3887422,-1.995098,-0.39206007,-0.95665365,-0.42507303,0.01877302,1.7545838,0.19187818,-0.057953298
1847,1.3768764,-0.1899101,-0.3932587,0.07415676,-0.30233598,-0.08908099,-0.06870532,-0.18223315,-0.4992531,-1.38532,0.6462907,-0.52003884,0.026996017,-1.237107,-1.4244341,-0.46773863
1674,0.13071081,-0.7777038,-1.1050558,-0.05848594,0.5606849,0.9236611,1.3623751,0.1329593,-0.18209097,-1.5071832,0.29139635,1.497092,3.1278515,0.6228554,-0.3682712,0.12451106
1112,0.7162039,0.00948108,0.765574,0.37916487,-1.331466,-2.2176971,-0.06780848,-0.11823702,0.17461373,-0.72899854,0.022389382,-0.99279714,-0.2515506,-1.9484774,0.09739536,1.4772725
486,-0.9976494,0.63539076,-1.0927359,-1.7455165,-0.5578147,-1.3431611,-0.40542474,-1.3983314,1.195573,1.5072359,-0.873386,1.2854347,-1.1331592,1.487003,0.0811528,-0.46038544
492,0.08741251,0.38728666,-0.822827,-1.3097767,-0.038979042,-0.13167614,-0.7670393,-0.5651173,0.43770432,1.2704706,-0.8255396,0.5338881,-1.935773,-1.0145787,0.0382735,0.7267885
1106,0.28962246,2.312228,-0.05337093,1.5231626,0.032546803,0.6309112,-0.3435806,0.7650916,-0.14801998,-1.9982486,0.46023595,-0.12527007,-1.2605826,1.1115943,1.1233034,-2.063915
1660,0.12952805,-1.4116998,0.27461445,0.3055763,0.896329,1.6832894,0.022808224,-1.3583437,-0.16638175,0.6289787,-1.9320724,0.72323346,-0.63688946,-1.3704824,1.4227238,0.5764437
1648,-0.8825933,-1.4206706,0.3444404,0.8900346,-0.57508993,-0.86351067,-0.67397517,0.4021122,-0.28765842,-0.41846028,-0.20300275,0.45817935,-0.90038663,1.9462928,-1.5241129,2.5331616
1890,0.5551013,1.425246,-1.5618674,1.2637608,1.2480425,1.453907,0.18326914,-1.2050713,0.25132078,-1.4288568,1.2196853,0.82592225,1.3701794,-0.20282105,0.4051007,0.71139693
1884,1.0288479,-0.28857225,-1.4357873,1.4119282,2.2512727,-0.3222741,0.74734366,0.83790165,-0.9085982,-0.35557938,-0.3640038,-0.09613299,0.8542663,-0.75374126,-0.8413304,1.0333716
1885,-0.41626108,-0.16029246,1.2660763,0.5696875,-0.34267738,0.90190804,-0.4207876,0.53075206,-1.1931889,1.2569646,-1.7217228,-0.53457594,0.80486834,-0.3420537,-0.7345637,-1.5815063
1891,-0.21185726,-1.6163613,-0.33676717,0.24947675,-0.23053682,-0.45627946,1.2448238,0.7461659,1.0889057,-1.3825498,-1.444455,-1.0578569,-1.1255428,1.126876,-0.36721563,-0.7643803
1649,-0.5392041,1.6264386,1.7054057,2.393933,1.5236838,1.7420753,0.3800193,-0.022415172,1.4906517,-0.7801451,0.78625035,0.31190175,-0.6216138,0.89567757,1.5937717,1.149456
1107,1.0340044,0.16954327,0.72665924,0.69338286,-1.4990041,-0.20774317,0.21601625,-1.2590494,0.09680992,-1.1636994,-0.41279623,-0.41891465,0.48867488,-1.9598022,-0.48708296,-0.39352727
493,1.0737902,1.0491372,-1.1333575,-1.2346035,-1.8811221,1.1203637,-0.6676701,1.1097565,0.031881243,1.1067578,-0.38986355,0.4987388,-0.24501786,0.016122699,0.36980665,1.7480574
1661,0.28499532,-0.16316406,0.6320355,0.6852769,-0.057558283,0.33882782,-3.7680244,-0.28924614,1.4515127,0.4697595,-0.5913862,-0.4308062,-0.37096572,0.31342626,-0.8781505,-0.31584
1675,-0.7467459,0.56506574,0.16682655,0.39361364,1.7889917,1.517175,0.5628732,-0.6558789,-0.5402276,1.436062,2.0643055,0.45524815,1.8896434,0.7522078,-1.0528042,-0.41123134
487,-0.24258468,-0.31268197,0.41920942,-1.5759504,0.16786343,-1.6157492,0.13049689,-0.49027902,-0.4226531,1.4190301,-1.3211572,1.0676537,-1.9820408,0.6058683,-0.5670245,0.4894721
1113,-0.94822645,-0.4364313,2.1712234,1.4215405,-0.49698606,-0.40938726,-1.062021,1.706338,-0.9313932,0.40784505,-0.6187382,1.7940615,-1.6221236,-0.35584408,1.3673446,0.48412454
1846,1.1387832,0.0026843846,-0.01732156,0.04067605,0.5181116,-1.1562841,-0.4195692,-0.27843773,-1.0478872,1.369215,-0.451499,0.080720164,0.15816163,0.12501791,-0.2015653,-0.038423996
1852,-1.324124,0.4506396,-0.62853324,1.1202291,0.9208057,1.323931,-0.3480348,-0.6679981,-0.11143648,1.3300579,0.681753,-0.31870353,0.9261717,1.2644219,0.7033611,0.7793521
478,0.9666661,0.3459906,1.6668468,0.26098996,-0.8135732,1.0406655,0.93130815,-0.12046152,-1.7406679,0.37792355,-1.6128665,-0.28420052,0.032686267,0.48400545,-2.0812526,-2.1244237
450,-1.0856674,-0.07956605,-0.5513728,-2.0386639,-0.4216252,-0.3352917,0.4056667,0.22023903,-0.40731326,0.80868894,-0.61976963,0.6697739,-1.799866,1.6584611,-0.8515556,-0.7782262
336,0.106512904,-0.16363068,-0.7550743,-1.243168,-0.25252268,-0.6734984,-0.9635115,0.46491706,-0.20118608,0.34082335,1.3773718,-1.252046,0.2644521,0.57938397,0.12426734,1.5339425
322,-0.67383415,0.71051973,-1.3740172,-0.8455382,-0.5903723,0.041805774,-1.3254361,-0.7770184,-0.9628387,0.46624976,2.8818805,-0.5470439,0.03114058,0.7622471,0.11597454,1.0694231
444,-0.9116054,0.029244259,-1.547812,-0.6363902,-1.4819902,1.8763378,0.3432354,1.2119323,0.08622165,0.74007577,-3.0356271,-1.2388687,2.3738885,0.811985,0.19787195,-1.0934975
1339,0.41919577,0.2102741,-0.263073,0.1805766,-1.1544694,-0.24916816,0.09053844,1.0685341,1.4338176,-2.322062,-1.3662181,-0.28606182,1.2462294,0.074884206,-0.70152247,-0.26041195
35,1.6748656,0.004955977,-1.8306147,-0.7357509,0.89072543,1.5642829,-0.003340602,0.2524152,-0.39872545,0.9216875,2.0122645,1.1743064,-1.413191,-1.304227,-0.0529719,-1.2888689
21,0.5005624,0.8211948,-1.578328,-0.88833135,-1.0857139,-1.397311,-0.14797853,-1.4188341,-0.015374854,0.47133553,0.892649,0.0855691,-0.13519067,-1.177663,-0.30270168,0.15827186
1463,0.015918493,0.3708667,-0.10665399,1.5492656,-0.40483904,-0.25702345,0.7424186,-0.13411869,-0.38338387,-0.118382946,-1.0515269,0.096298665,-0.08426419,0.15766191,-0.29660988,0.6104878
691,-1.3242648,0.70150125,0.3860126,-1.4690562,0.21396257,0.48584205,0.767876,0.8318951,-0.7371241,-0.60699725,0.6623047,-0.0014079213,-1.3947606,1.7298083,0.66364074,-1.095156
1305,2.292844,1.2042215,-0.4481762,-0.41570294,0.8978653,1.6065344,-1.4975008,0.84656465,0.12139173,1.6128795,-0.88247347,1.3778243,2.210466,1.4908122,-0.5056801,0.99006647
1311,-0.020702899,-0.19429894,-0.00017778762,0.9821296,-0.86532664,-0.0037626624,0.9369701,0.90792644,0.08339533,-1.3213886,-1.3207525,0.89023197,-0.045625657,0.3165153,-0.79157907,0.018914886
685,-1.4821973,0.5890378,-1.8132375,-0.64829445,-0.5034406,0.10249443,-0.23391561,0.4343832,-2.399164,1.1086938,-1.5151706,0.2139615,0.94956064,-0.94649327,-0.25648075,1.0944821
1477,-0.19612473,-0.32685238,-0.69097275,0.40537667,0.92619336,0.714002,-1.7319703,-0.48888928,-0.4184353,-0.9964757,-0.09452623,0.21067753,0.42167175,-1.199016,1.9151878,-1.3897382
108,-0.54230654,0.34908518,0.37905714,-1.4101783,1.408632,1.0687958,0.43317616,-1.1946747,-1.6962818,-0.63965017,-1.9926734,-1.4705987,2.239052,0.3760098,0.8461145,-0.2632643
1488,-0.9538512,-0.662014,-0.7315532,0.41932094,0.14611803,1.0955138,0.13848376,1.0491772,-0.16582516,0.2522133,0.3111263,0.33913288,0.5672534,-1.006729,-0.37522674,-0.8688388
134,0.9600074,0.5871957,-1.4498087,-0.7112855,0.8226078,0.6186164,-0.6199234,0.18858749,-0.7281333,1.3117907,-0.6092599,1.3749475,0.5507058,-0.7475146,0.84291506,0.6656615
652,0.14006245,-1.1713732,0.3277228,-0.81182814,-0.7286943,0.10202238,-0.6439394,0.10664029,0.15018561,0.10677078,-0.22860456,1.3028888,-0.51484066,0.098743856,-2.631975,-1.0214579
646,-0.105462104,-1.5111744,-0.95540214,-1.6341304,-1.4034741,0.29777512,-2.7474682,1.3269241,-0.107887864,0.66495246,-0.5122607,1.763879,0.26060593,-0.29331586,0.31085485,1.2643512
120,-0.67774373,-0.14944002,-0.3822273,-0.08588584,-0.6740049,0.13050467,-0.1486177,0.52465796,0.07744019,-0.4484194,0.11270815,-1.2882462,0.4282986,-0.9715133,0.23755819,0.09881419
2022,1.2031102,0.8840968,0.12185015,-1.9408053,0.15232469,-2.3423095,1.0201962,-1.697628,-1.5299228,1.7521695,1.3589927,0.27717075,-0.24929368,-1.3351403,-0.25913554,-0.13560832
1259,0.40431994,-1.0740521,-0.4815617,-0.08354759,0.23960066,0.7681096,-1.111565,0.74111545,-0.94301426,-1.9791932,0.8849884,0.268922,0.71123505,0.1298711,1.4838672,-1.239889
915,0.8381841,2.124744,-0.1842765,-0.93646896,-0.67327714,-0.61177534,-0.40586334,-1.0708902,1.5407753,-0.967958,-0.93088734,-0.37822604,-0.9089203,-0.009466112,-1.7637565,-2.8981903
2036,-0.35472676,0.4631996,0.56219316,-1.5086706,0.96179557,1.5615056,0.6615759,1.1638587,-1.4077415,0.030225277,-0.11200841,2.6611543,-0.37032875,0.34670144,-0.9021465,-2.1149056
1517,-1.0519748,-1.0569316,0.13594067,-1.2506632,1.2326345,-1.1392076,-1.9803445,0.07107368,-2.7262247,-0.8474169,-0.7997867,-0.59017086,-1.4179804,1.8011853,-0.7996316,-1.5984727
1271,-1.1562047,0.45534056,-0.35405427,0.8557648,0.31242386,-0.26692834,-1.3979287,-0.41047764,-0.34048802,-1.3971422,-0.59473604,1.1027752,1.5461528,1.200486,1.0571111,-0.26608253
1265,0.59277666,-0.33689734,0.71404415,0.325386,0.45818377,-0.12226963,-1.0280726,-1.0272117,-0.32045573,-0.9830607,0.9389744,-0.6911948,0.7642571,0.58840597,1.7543027,1.585582
1503,-0.80690014,-0.9000024,0.23271284,0.83065045,0.24640457,-0.31207213,0.26132038,0.9921815,0.7657127,0.012465,0.60898626,1.1677332,-1.2501047,-0.4703906,-0.98160225,-0.5891581
726,0.7225845,1.0274891,0.7857616,-0.9081583,-1.0539106,0.39729983,-0.8435602,-0.79819894,-0.93586385,-1.580307,0.4065585,-0.11782107,0.3257166,-0.5496769,-0.20200676,-0.66681755
732,0.32099497,0.8295893,-0.6927864,-0.6395969,0.33502808,-1.9127586,-1.7061555,0.46161056,-0.17805618,-0.57643354,0.12321511,1.403063,-0.627815,0.36302733,-1.1746385,-0.13934737
1729,0.030462801,0.079505,-0.17836046,1.1859808,-0.9245881,-0.23805277,-0.5211076,-1.5466075,1.2969025,0.3834322,-1.4327563,-0.44425094,-0.27859372,-1.510713,-0.26665443,1.269027
1073,1.0253134,-2.0591166,0.70625603,-0.17353457,1.2563908,0.30058125,-0.08957845,-0.90762,-0.5824099,-1.6281413,1.4890049,2.0044923,-0.8619741,1.2495735,-1.9337355,-0.036126852
1715,-1.8675722,-2.1601796,-1.206881,0.44836763,1.0906208,0.45021266,0.5238451,-1.1686965,1.0374439,0.0035642385,0.14859533,0.13136087,0.566172,-2.667727,-1.1563466,-0.03433466
281,0.36793324,0.06435773,-0.28022143,-0.29578313,0.42363614,1.0531265,2.0792325,1.2538992,-1.9957091,0.6741313,1.0152019,-3.1488292,-1.5447191,0.48964986,0.46367013,0.04351236
1701,0.38031426,-0.75700784,-0.04632912,0.17203988,0.1678961,0.7247179,0.09179658,-0.6348125,-1.0754299,-0.22022407,-1.603556,-3.074172,-1.5012898,0.6913712,0.2929612,-0.90717876
1067,0.00045880675,-0.37868863,1.6793147,0.6337784,-0.5178629,0.7511211,0.10196683,-1.448169,-0.9268879,0.6687448,-0.7038506,-1.0835686,-0.8007695,-0.762045,-0.32085264,0.2724203
518,1.4385694,1.2472808,-0.3313588,0.57140017,-1.0659657,0.49337,-1.3165088,0.53674304,0.27580738,0.8590602,0.08097154,0.5871935,-1.2636774,-0.1825479,-1.8043363,0.8021751
1932,-0.28083402,-0.32018387,1.9323409,0.58608747,-0.12444045,0.40180588,0.3066613,0.9148749,1.1680527,-1.153255,0.9156483,-1.6063559,1.515234,-0.83126646,-0.16677515,0.9592727
1926,-0.50737906,0.5775197,2.0229287,1.6256374,0.78630805,1.325273,-0.8084979,0.07356048,0.033540756,0.44364634,0.862468,-0.27226532,0.195749,-1.160368,-1.9184396,-0.78108466
1098,-0.45243362,1.5357491,0.93296885,0.37323397,0.41517273,2.7410805,1.4916232,-1.3285409,-0.2031898,0.1463783,-1.6242437,-0.6960126,0.21733831,0.20932758,-0.80101967,0.5730512
524,0.13927293,-0.3081298,-0.0271658,-0.43418592,-0.54775554,0.960213,1.0583892,0.7557881,0.33203885,0.5146455,-0.62652427,0.5516566,-0.69570506,-0.2715301,0.10497953,0.14186022
242,-0.043263458,-0.122240394,1.6828747,-1.2838874,-0.9211654,-0.34955722,1.4144752,0.9353074,-0.24927695,-0.99332297,-0.85360265,-0.056330398,1.6179397,-0.44878593,0.09030197,0.112799
530,0.15973544,1.7110577,1.7751548,-0.55485815,-0.9495733,-1.4837376,1.9049939,-0.30677912,0.16447952,1.1288791,-0.71907157,-0.74933493,1.0249186,0.004554093,-1.9639766,-0.2882617
1922,-0.5453272,0.63661003,1.0328891,0.71370995,0.8357891,-0.17195086,-0.9227134,0.7642062,0.25543883,-0.64768815,-1.2766007,0.36064076,-0.334979,-0.2262429,0.41557914,-2.457045
1936,0.6532254,0.12442742,-1.4529773,-0.51845,-1.9276756,2.0318103,1.4668763,-2.5221386,3.192535,0.78028,-1.970577,2.057213,1.362566,-0.75410795,1.5445477,-0.9253887
1088,-0.64570284,1.7096301,-0.032797255,1.7966077,1.8287692,0.5979856,-0.41257024,-0.57805514,0.2706246,0.910318,-0.18457443,-1.6168504,-1.6220133,2.6424117,-1.2706399,-0.7608366
246,-0.30037913,0.067851424,0.020520657,-1.2116356,-1.6598701,0.9344952,-1.4076849,-0.49501386,-0.364877,-0.34299004,-0.6432229,1.106602,0.78176486,-0.014868163,-0.90120816,-0.6170447
520,-2.6092331,-0.7370495,1.6503075,-0.8389663,-0.3370276,1.44235,0.11225027,-0.533027,-0.09065837,-0.19314957,0.35997376,0.07828167,0.5960233,-0.012007505,1.5651331,-0.33895457
1739,-0.13829277,-0.47692886,1.3642001,0.47162545,-0.10575201,-0.10213077,-0.8019601,0.5029659,-0.8542747,0.057727575,-0.55726373,0.87773603,-0.14517744,0.6738827,0.94546276,-0.33101392
1063,0.3296942,0.36868864,-1.8152999,0.52981925,-0.13103586,0.7136127,-2.0144308,-0.37729758,1.0193686,0.14379619,-1.2782102,0.44789326,0.69780076,-0.666695,0.8040712,-0.21842447
1705,0.3464198,-0.023199975,-0.87026095,0.3673881,0.12912291,1.7503208,-0.49600604,-0.89949214,0.39487383,-0.9531745,-0.5616189,-1.3777871,-0.8669089,-0.83430266,-0.5217905,0.32299158
285,-1.7823403,-0.034997065,0.058059216,-0.4785276,-1.1119504,-3.0056212,1.183469,0.20958084,0.07771632,-0.5839565,0.47756353,0.56759536,-0.69273716,-0.55555695,0.16294992,-2.6697838
1711,0.06448273,-0.62922716,0.23880547,-0.6288491,-0.059720777,-0.16875064,0.67966944,0.23942378,0.6268753,0.05566898,0.86735237,1.2614615,-0.6659742,1.2860202,1.1279383,-1.4688766
1077,-0.030051053,-2.2274985,0.3101546,0.2818684,2.0421634,0.14073527,-0.979928,0.78819495,-1.1915504,-0.60300314,-0.65673554,-0.27204597,-1.0655731,0.58847547,0.20208552,-1.1211704
736,1.1713483,0.13530156,0.7567947,-1.4855865,-2.080171,1.6784863,-0.16106391,0.9313133,-1.8405362,-1.330992,-1.4480559,0.52680826,1.444496,-0.34729615,-1.2876084,0.9690986
722,0.218363,0.040215816,1.2952302,-0.54193974,-0.3364928,0.17178899,-1.5361096,1.2229757,0.45826137,0.19835705,-0.7245262,-1.4600577,0.85969126,-0.17813179,0.23265189,0.90017396
2032,-0.9512539,1.04869,0.83891404,-0.51667064,0.33482698,0.6813914,1.2304513,-0.61130923,0.16712582,-0.27635145,0.32775882,0.53838336,-1.6408429,0.0964624,0.04099387,0.47711027
911,-0.045752317,0.028851897,-0.6801878,-0.79457927,0.25028902,-0.17823064,0.20904097,1.636901,-0.8762687,-0.66118515,0.25392014,-0.873558,1.9376416,0.28434244,-0.5025839,-0.7816891
1249,1.2349701,0.083404034,-0.47874558,0.7670585,0.78691256,0.81410897,0.97077334,-0.62266946,0.6328964,0.84118783,-0.6049025,0.036052763,0.4104792,-0.11718473,-0.35399577,-0.60656214
2026,1.050265,-0.4145193,-0.039245635,-1.2348609,0.57441807,-0.9425824,0.7343857,0.4402101,0.058564853,-0.37271398,1.02153,0.82348835,-0.46723378,1.1459254,-1.4090188,0.087214336
1507,-1.5914663,-0.8635167,-1.1671858,0.5248896,0.30787727,-1.7820399,0.52759266,2.3179216,2.0928833,-1.2018719,0.6634468,-0.31342405,-1.8360729,1.5414944,1.493199,1.0539776
1261,-0.7358356,-0.6196671,1.2927967,1.6100018,-0.9252572,-0.6391895,1.6242667,0.14068896,-1.4088933,1.178772,1.6979368,-0.55990577,-0.7776887,-0.048981786,0.6029552,-0.4164209
939,-0.4545955,-0.8682442,0.39519173,-1.6935762,1.6331593,-0.6428792,-1.6787344,-1.4640901,-1.5370477,-2.1792364,-0.77982366,-1.2862064,0.09453869,-0.8684202,-0.9193562,-1.345789
1275,1.390856,-0.9176841,0.07342027,0.58828104,-0.5023451,0.6297048,1.010644,0.6659498,0.8297546,-0.88299006,-0.78305185,0.67583776,0.026980411,-1.1792347,-0.95033264,-1.0089912
1513,-0.3831822,-0.6943925,0.01861909,0.16738991,2.1158533,0.3652602,0.412158,-0.56634665,-1.5205723,-0.5485311,-1.4970549,0.6839653,0.42124042,0.83442044,-0.23890781,-0.014858127
118,-1.0233946,-0.22827923,1.1555532,-1.337552,-0.8588532,0.18916416,-1.5687723,0.8828384,0.18899527,-0.3126618,0.039577693,0.6614913,1.2889665,0.1071134,0.37696543,0.7362206
1498,0.3828092,-1.2371299,-0.35342583,1.1420238,-0.23459089,0.28696296,0.5673543,-0.43550533,0.94275457,-1.1338396,0.785139,0.23515712,-0.26615828,-0.24915543,0.8838603,0.71805334
124,1.6573448,0.8726705,0.31674743,-1.3185744,-1.2471882,0.33210585,-0.90530455,-1.296087,0.6570792,0.086410165,1.8026656,0.19370124,-0.53273433,-0.16856,0.74824953,0.52764255
656,-0.23238936,-0.21697913,-0.17115414,-0.047308937,-2.060543,1.3511751,-1.3492008,0.007712662,-0.76039314,-0.37152663,0.6299661,-0.5321215,0.2623386,0.07014229,0.014867723,0.12567009
130,0.009892717,-0.5316722,-0.089662015,-1.4283746,-1.4101211,0.29114974,-2.2749908,0.54305446,-1.0714102,-0.5821198,-1.1047485,1.2845556,0.5207115,-1.2937115,-0.6395181,-0.009665728
1329,-1.5417665,-0.74062943,0.66146576,1.198454,0.343205,0.51884836,0.03680241,-1.1723967,1.0729666,0.7442938,-0.1115261,-0.75526005,0.40346253,-0.014128789,-2.2911265,-1.6358862
25,-1.7306721,0.31656218,-0.90667826,0.007051483,0.35832864,0.90792614,-0.5992324,0.014315724,1.1796179,-1.0534219,0.108981505,0.17067066,1.8126674,-0.34174636,-0.066772506,-0.6736853
865,-0.108288884,0.32494116,-0.09711397,-0.47726107,-0.31440896,0.22185934,1.9711413,2.1954398,-0.8072908,1.2816068,-1.5982927,-0.3651011,1.8260632,0.9712789,-0.5110371,0.1173348
31,-0.2956993,-0.24015129,0.11525278,-1.771818,0.37593773,0.041555762,-0.66409945,2.184487,-0.3936749,1.4026364,-0.61924493,-0.6932976,0.98132414,0.49513054,0.61346126,0.31623143
871,0.11355518,2.256296,-1.7237092,-0.8968285,0.11636761,0.98665607,-1.3487043,-0.12951079,2.0358167,1.9310646,2.0138564,-0.64606327,-0.8869107,-1.9056928,-1.4310713,-1.1430537
1473,-1.2824271,-0.42615238,0.1243198,0.20782214,1.1741592,-0.20484501,-0.05454755,0.25628978,0.40208063,1.5825254,0.37379402,-1.59166,0.9674469,0.34478265,0.33588725,0.34511888
681,0.72641313,0.69499373,1.085402,-0.9008007,0.26368117,-0.358535,-0.23110348,1.1659476,-0.31205437,-0.10750604,1.6086898,0.38107425,1.0408622,0.77046967,0.4736197,0.59388685
1315,0.31361902,-0.52157867,0.25358203,0.72713184,0.40743437,-1.1115856,1.6958611,0.57210416,0.70270324,0.26601928,-1.0868804,-0.80026275,-0.096172094,-1.0297716,-1.1220146,-0.51395065
19,-0.42405498,0.70648336,-0.2872862,-1.7098498,-0.26403838,0.6414838,0.54355645,1.4498942,0.94466716,0.5554426,-0.5959394,-2.2470472,-0.30030787,-1.0512631,-0.5459212,-1.3847501
859,-1.1612782,0.10888337,0.9540973,-0.41315523,-0.5478413,-0.943627,-0.20055553,-2.9312456,-0.15953912,-1.3401673,0.50989014,-0.37498164,-1.9576701,0.11055706,-1.7601522,-1.6459746
1301,2.167972,-0.36025685,-0.25814667,0.128224,-0.76567674,-0.073079586,0.124583244,-0.31246734,-1.4612958,0.37308946,-1.5927814,3.9229815,-0.20055208,1.4329611,0.36167696,0.0025900006
695,-0.028075375,1.2231055,-1.2487386,-0.031325728,0.20272025,1.6997466,0.32747477,-0.56369567,-0.39882764,-0.9885484,0.23069909,-0.7974921,-1.2684591,-0.5805902,0.91131353,-0.42215163
1467,-0.6452533,-1.3759483,-1.2756784,0.40467852,0.79090583,-0.8081925,-0.38705748,-1.1909521,0.9358585,1.0867478,-0.6833046,2.4445243,0.9823292,-0.0764412,-0.349168,-1.3096684
1856,1.5804584,-0.118667215,0.558512,1.6748115,0.55565745,1.225209,-0.4245683,0.68983316,2.8268516,1.5145454,-0.82308376,-0.114997804,0.008483946,-1.613701,-0.94720745,0.104234874
1842,-1.2997661,-0.50190294,-2.9860477,0.6876764,-0.66219234,-0.6982004,-0.06823513,-0.26210555,2.042558,-1.4307827,-0.5901244,-0.9341092,0.78895175,-0.64142615,-0.89525586,2.1224189
468,-0.46658427,0.26096833,1.3476889,-1.2414781,-1.1642553,-0.385503,0.32789305,1.0666416,0.0057899505,-0.7987267,-2.1459188,-0.3440899,0.3415984,-1.4062299,0.9726802,2.1441364
440,-0.5756844,-0.48714578,0.081459016,-0.81169444,0.83052963,-0.27564907,0.019500732,-0.88089097,1.349008,1.3140284,1.9840115,-0.6997994,-2.251924,0.8613359,-1.8483168,-3.090539
326,0.7768977,-0.91088176,-1.6826179,-0.7742277,0.7581085,0.4431167,-0.57511806,1.2937999,1.338525,-0.5100433,0.45689735,0.14472324,-1.8488891,0.8515774,0.3097151,-1.7981092
332,0.83175623,-0.47906145,-1.7624643,-1.4776292,0.06876242,0.109846175,0.2777568,-0.026677221,2.1433232,-1.4339628,-0.1876505,-1.3734001,0.8318554,0.538358,-0.413249,2.1429775
454,-0.8033086,-1.0908921,-2.4727995,-0.5591142,0.40220636,1.5002272,0.18675077,-0.15918863,1.2025788,0.6002907,-0.7455447,0.09573008,-1.7384288,-0.17062369,1.7676129,1.2819896
1895,-0.94085073,0.39947352,2.1298864,1.7623119,0.14369723,-0.6020863,-1.2658106,-0.6550053,0.64117813,0.37146556,1.1057895,0.050652802,0.19609912,0.76682365,0.34616047,-2.139599
1659,-0.36245036,0.49990922,0.2611135,-0.7248137,0.8577221,-1.9438655,-0.6101044,1.8630157,1.6151981,0.50927234,-1.8010031,0.95323455,0.55632037,-0.45134404,0.49631336,1.1230353
1881,0.0067742914,1.6581686,-0.03841646,1.1008049,-0.33260933,-0.03187478,0.67151695,-0.9745182,0.16438498,0.28212667,-0.34262872,-0.44501272,-0.18762249,0.95242923,0.114518255,-0.26169896
1117,0.61278534,0.5969949,0.12878811,1.7171516,-1.9914935,-0.27409062,0.86221206,-0.39472222,2.0896392,-0.50692225,-1.6823025,-0.4636441,-0.100429274,0.22399905,0.9641175,0.4409237
1671,0.39415035,-1.0849551,0.6914513,-0.17725927,-0.06847286,-0.763047,-0.4064733,-0.12797013,-0.63707393,0.39650044,0.21492326,0.025382966,0.5900833,-1.338017,-0.1875664,-0.84303427
1665,0.3146578,0.20707974,1.290538,0.34267992,1.4644427,-0.6662148,-1.5632277,-0.69293153,1.3892701,-0.9385749,-2.1325798,-2.0361307,-0.32542384,1.1718876,0.41467166,-0.41369212
497,-1.0233538,0.13519534,0.45132023,-2.9305894,0.7640663,-0.78286314,0.34031734,-0.44639826,-0.703602,-1.2937067,-0.23605049,-0.5359694,-0.26213163,-0.36157075,-0.55973035,0.92857236
1103,-0.33642507,-1.1382791,-0.007694602,-0.062149942,-2.2655485,1.7752795,-0.34608546,-1.3529344,-0.18114853,0.21063107,-0.95727956,-0.61131614,-0.7324347,-1.2448716,-0.62104124,1.0959084
1664,-0.6311557,-0.108549766,0.6529927,0.94561774,-0.11751622,-0.5438059,0.8013623,-0.52029574,-0.30955303,-1.3511511,1.5054216,0.0162915,-0.67420393,-0.27172697,-0.074817374,0.31634188
1102,0.47313422,2.8898735,0.13755822,0.72214293,1.305454,-1.9159542,-0.49513698,-0.69658726,-2.320788,1.7684689,0.07599396,0.5635536,2.2610643,-2.4348116,-0.08419691,1.759871
496,0.27250418,-0.34882843,1.3221911,-1.5388103,1.1582624,0.8006246,0.3765245,0.05651354,-1.242175,-1.0434525,-1.7607396,-0.8358264,0.53897613,0.13696039,1.6670268,-0.16232572
482,0.04114628,0.25541726,0.63733476,-0.18401396,-1.5503225,0.17049941,0.36091274,-0.31697753,0.08200087,-1.4064659,-1.758728,-2.3455873,-0.4074598,-1.5374129,-0.24032664,-1.4194332
1116,-1.6276925,-0.5487943,1.9851747,1.305358,-1.4202731,-0.47331333,0.37073702,0.27991265,-2.077494,2.9021232,0.21568826,0.27402958,-0.36702573,1.00771,0.059283376,0.97219753
1670,-0.58349645,-1.3721429,-0.53744024,0.4960567,0.4186815,1.487427,-0.11700824,1.011749,0.6678852,0.31824237,-1.68774,2.4923825,-0.11649604,-0.15943271,0.46605578,0.39921454
1880,0.75870913,-0.16965944,-1.0284883,0.8234441,0.5103615,-1.4100817,-0.49659625,0.20970285,0.5943815,0.883774,-0.7401003,0.73605466,-0.22223812,-0.8539701,0.56568563,0.3176339
1658,-1.3273247,-0.38575006,-0.24431911,0.8183546,1.1993561,0.45292234,0.55456674,-0.3425414,-0.5609958,-0.49959093,0.82920957,-0.6328976,-1.3333127,-0.92124546,0.6396918,-0.13973117
1894,-1.3814765,-0.7837062,-0.54722637,-0.17085129,0.7812523,-0.34369898,-1.9858673,0.35050136,0.040168077,-1.1871674,0.35759485,-1.08656,0.15371457,-1.2587,0.6448179,-0.6084073
333,0.41859686,1.0534389,0.1517826,0.24108273,-0.44890442,0.42471576,0.015306756,0.20635888,0.4731313,-0.34270942,-1.0512491,0.3513842,0.2512736,0.57208526,0.37621203,1.0209918
455,0.16612214,1.9657089,-0.24125504,-1.4099818,0.9897957,1.1500335,0.046625316,0.29457653,-0.28022975,-1.5488086,-0.542463,0.47634366,-0.24910468,-1.0308802,-0.3581942,-0.22068322
441,-0.7442919,0.39246696,-0.5000504,-0.4724322,0.85160834,-0.30914497,0.24103343,0.8174893,0.3102536,1.1959801,-0.6139581,-0.6684849,-0.16506445,-0.3419077,-0.23584257,1.1975994
327,0.9641837,-0.7869386,0.5909415,-1.1024841,1.4815426,-0.6818435,1.1086206,-1.3430735,-1.2504073,0.7748454,0.074528605,0.16450903,-0.7731805,1.9132758,0.76719654,-0.37414563
1843,2.1901736,-0.6023195,-1.0751466,1.3447797,-0.6006739,-1.0960462,0.77029353,1.4305301,0.7921788,0.15482292,-0.88485956,0.058725715,0.3073904,0.5896732,-0.15155369,1.5292761
469,1.8266921,-1.418582,0.92512685,-2.474573,1.6875519,-0.83544993,2.0041044,-1.4700758,-0.5370736,0.5830269,-0.481594,0.49450135,-0.7477367,0.18398777,-0.6359474,0.6652063
1857,0.7464694,0.30055106,0.19992998,1.1770403,0.6557995,-0.13666958,-0.42047137,0.10902199,0.04993272,0.8779291,-0.45910907,1.7336525,-0.55712223,0.015421808,-0.31643346,-1.0700232
1300,-1.0483044,-0.7789786,-0.4960574,1.5416,-0.124622405,-0.72222817,0.37267733,1.8114924,0.2718483,-1.525131,0.5590223,0.012856919,-0.3206476,-0.5590964,0.4342464,-0.64709353
1466,-0.03625615,-0.6076193,-0.65918064,1.1320999,-0.25278878,0.61882883,0.06012845,0.30595696,0.7575407,0.13224396,-0.13063382,0.2675316,0.7033338,-0.19074677,0.63626033,0.7559663
1472,0.145973,-0.81510866,0.3208664,0.5624098,0.52699786,0.9584564,-1.0750985,-0.8337575,0.23060513,-0.4204841,0.8258947,-0.27003378,1.1917934,0.42429608,1.0160434,0.52318156
858,0.5191548,-0.106165946,0.5019842,-1.3889636,-0.20231801,-1.1600094,1.3864207,-0.3910039,-0.21594936,-1.2768371,-0.6427263,-0.5529974,-1.7103571,0.704195,1.3443371,-0.7453503
18,1.789982,-0.111275464,0.2630138,-0.16192836,-0.10802978,0.42082214,-0.41620895,1.0941198,-0.6502257,0.5907688,0.21056277,-0.18533829,0.31020874,0.29316306,0.105026424,-0.29423624
1314,0.5513941,-0.7213112,-0.7655313,-0.07012665,1.1594453,-1.5331872,1.1138319,1.8048755,0.40650773,-0.7550288,-0.20269634,-2.0082018,0.095882446,0.30358237,-0.21645194,1.5706064
864,-0.92196417,-0.09834975,-0.6334913,-0.7775086,-1.458138,-0.4134725,0.16838866,0.65253544,1.5312538,-1.0362744,-0.37797943,-0.6576559,0.3824917,-1.9792444,0.09245518,0.62261784
24,-0.31523365,1.1063412,-0.27877772,-0.62606084,0.42331445,0.2217482,-0.74292254,-0.571982,-0.54222083,0.47095096,1.1227396,0.06514111,0.8110635,-0.11508864,0.06583959,-1.9718523
1328,1.239468,0.051123127,-2.299099,2.1106253,-1.8372883,1.1430395,-1.1636127,-1.0440178,0.63225526,-0.6714175,-0.061605215,-1.4820141,-1.1899701,-0.09228364,-1.7588015,0.23299885
657,-0.9571151,0.5621064,1.2616022,-0.8675057,-0.11897442,0.5149352,-0.2398065,0.25679547,0.37053084,-0.013340756,-0.101601586,0.5609086,-0.22984716,-1.3143697,0.47490257,-1.1029817
131,0.30025113,0.32434186,1.4687033,-1.0501438,-0.8896541,0.68213725,0.19589025,0.6411725,-0.31610268,-0.49914825,0.8329966,-0.7510666,-0.8821731,-0.17675972,-0.29481578,-0.22313643
125,0.6084963,-0.35094845,-0.32422686,-1.809917,-0.13533337,0.32536885,-0.3365767,-0.37567806,0.15441626,-0.7533418,2.896599,0.73554456,0.7953574,-0.3346877,0.1957658,1.4672107
643,1.6742074,0.85135543,-0.052006483,-1.9435259,-0.49470997,-1.6606474,-0.06394982,-0.12541085,-0.86701983,-0.9235338,-0.80811906,-0.06925239,0.6034683,-0.54612434,0.38697326,0.22959685
1499,-1.9158027,1.212838,0.9107659,0.85568583,-0.12606096,1.1976957,0.01910764,0.66944957,0.089404814,-0.14962786,0.016829208,1.0234144,-0.37467882,0.18672763,0.17426723,-2.3965087
119,-2.2921765,2.334608,0.58869606,-0.4622195,-0.076942496,-0.4237011,1.1311935,0.6890949,-0.10125783,-0.092983395,0.6696794,-0.14321521,1.2879282,0.44895405,2.2347097,-0.5075696
1274,-0.7111057,-0.31521216,1.1081482,1.7177552,1.0292742,0.08822032,-0.024920821,0.6486583,0.33719018,-0.49901128,-0.94359344,-0.5649971,-0.31368965,-0.38522843,-0.51186824,-2.1685238
938,-0.9574573,0.44208312,1.2229544,-0.97596556,-0.9475857,-0.35420367,1.0931913,0.42913693,1.5125434,0.06329167,1.1132386,-0.3507836,0.101403475,0.69447255,-1.5603133,-0.8164997
1512,0.36765927,0.05378665,-1.4547945,0.8875114,1.2498407,-1.6208142,-0.49894136,0.6764117,-0.8431397,0.05253619,-0.4749177,-0.13547248,-0.4695028,1.6065369,-2.0095036,1.1274788
1506,-1.3787115,1.4580977,-0.57940656,1.1159078,1.7613258,2.247448,1.4117242,0.94834256,-0.72228086,0.035474226,0.9742867,-1.3893614,-1.4355437,-0.42608082,-0.57320374,1.3524264
1260,1.9679075,0.26162943,-0.34092695,1.3728738,1.0706836,-0.31309935,0.68443877,-0.13242161,1.0062833,-0.0061285496,0.035246402,-0.6097548,0.9237624,1.3367918,-0.44704825,0.08075562
1248,-2.2952318,2.6070392,-0.19156337,2.2518904,0.13932712,-1.0719855,3.130302,-1.1154741,-1.1288518,1.4414933,0.4701851,0.22683115,1.380513,-1.7294765,4.1456776,2.2856216
904,0.015241653,1.4434891,0.514123,-0.8623765,-0.5010997,0.49249414,-1.6456443,-0.46740472,0.16105354,-2.006921,0.27831778,-0.8620951,-1.0132754,1.2290484,-0.75177985,-0.2619232
2027,-0.0029246807,1.4902338,0.22497602,-1.2960657,1.4721712,-0.1767044,0.6911475,-1.1574003,0.20770437,0.7477221,1.5661798,1.053582,0.27015182,-0.26004887,-0.08484815,-0.35313314
2033,-0.19866335,-0.11760037,0.72625947,-1.4439493,0.7513842,-1.2469242,0.13833144,-1.1587965,1.9642615,1.0554831,0.6387907,0.9882641,2.1849892,-0.10930365,0.39556724,-0.39058936
910,1.0923452,0.15438491,1.8425426,-1.8718406,0.9568793,-0.24303278,0.37152505,0.8579146,0.04015112,-0.8113607,-1.4019907,-1.7171268,1.4420784,-0.25725603,-0.37481034,-0.0029169917
723,0.01456964,-0.13720801,0.8409485,-1.438309,0.913237,-0.72009194,1.2475097,0.52260417,-0.38741612,0.6149964,0.20434767,-0.96710026,-1.1001117,-0.8245067,1.3032032,-1.2857983
737,0.14469,-0.22653368,-1.447784,-1.3390127,-0.98587906,-0.1628055,-0.72197497,-1.4714628,-0.72327936,-1.9316458,-1.1170071,-1.8942351,-1.3600069,-0.13945207,-1.140427,-0.35349596
1710,0.1509004,-0.86984193,0.5395626,0.065075904,0.02582815,-0.8596911,0.520742,2.4522305,0.07732858,-0.0027374625,-1.2141693,-0.53158224,0.88029224,0.3629908,-0.074968606,1.8787353
284,0.65666544,0.27060848,0.08689493,-0.9460808,0.08689831,0.90033567,1.1451886,0.3459996,-0.8275466,-1.0475161,0.72761124,1.6355531,-1.8823564,-0.84006035,0.10642192,0.0069387257
1076,-1.0844716,-2.4855917,-0.9470217,0.21202129,2.1470504,-0.26568502,-1.8070185,0.25562954,-0.34689042,1.7472034,0.5095699,-0.69623697,0.26600885,1.3545853,0.46103927,0.7636256
1062,-1.89655,0.3349555,-0.43432772,0.69019824,0.86723006,3.033115,0.52249134,0.36304173,-1.0828513,-0.90018314,0.38112217,-0.39493057,-0.6163427,-0.8328576,-0.25909898,0.69210356
290,-1.6239249,0.21880761,0.27373672,-0.22924021,-1.4295075,-1.0971024,-0.025788963,1.0868046,-0.6862706,-0.7821405,-1.9541445,0.71441996,0.60680073,-0.15138581,-0.40327975,-0.8747455
1704,0.21328819,1.2581886,-0.0641429,0.543917,0.6697919,-0.15022886,-0.68883073,1.4871577,0.26600212,-0.25691307,-0.7986649,-0.1791113,-0.92480063,0.92233205,1.7081513,0.5986218
1738,1.3163279,0.5898353,0.61740804,0.781911,-0.09058013,1.9625533,0.3929554,0.406605,-1.0576198,-1.8318872,-0.5621811,-0.18489496,0.0105519295,0.5971157,-0.5425159,-0.6277567
247,-1.7821722,0.5492165,0.63401634,-0.44049904,-1.3643061,-1.0481857,-1.3310953,0.5043804,-0.050537467,0.21287638,-0.27588305,-2.6751297,1.101367,-0.16675292,1.2189393,-0.454121
521,0.36591485,1.266824,-1.2035382,-0.26267707,-0.29421648,-0.77891546,0.5845837,1.6358609,-0.2744191,0.28832543,-0.40124583,-1.6982362,-0.2238924,0.45660368,-0.5357668,-0.45988193
535,0.7970563,1.4730949,-1.6913295,0.40155876,-0.3904121,1.1365231,-0.22226131,1.2564666,0.42218167,0.35935158,0.38985458,-0.35816938,-0.74113286,-0.60655427,-0.14872281,0.5182497
253,-0.8156179,2.477498,-0.7354293,-1.9858975,-0.6107969,-1.2823225,-0.36448443,-0.28942174,1.651028,0.4924022,1.2318606,0.0008583367,0.951839,-2.2510555,-0.7798915,0.062319174
1937,0.41896385,0.72114664,-0.19650169,2.1260958,-0.7508025,0.5108108,-0.16352794,0.009542406,0.07980259,-0.6631804,-1.3268796,0.09306353,-0.95973265,0.58619547,-0.44276115,1.1971681
1089,-0.029624932,0.97703683,-2.7468607,0.39534363,2.73186,-0.7454058,-2.5309782,1.1521862,-1.2500993,0.5907015,1.3479133,-0.29397118,1.003483,1.8846422,-0.25024658,0.9152268
1923,0.025415488,-0.56544423,0.80329466,0.41716596,0.28192365,-2.1912673,-1.0774412,-0.50929844,1.082091,0.31262428,1.9071224,-0.5315386,0.098056495,2.0298893,1.420747,-0.0056692064
279,-0.3420791,0.73657334,2.082026,-0.41756165,-0.16767964,0.13204002,0.6813809,0.36582235,-0.34566227,-0.50267905,0.6214587,-1.498691,0.15450934,-0.5672504,0.92382836,-1.2255846
1935,-0.24529779,0.708151,-0.88798964,1.2354873,1.3144089,-2.794395,-0.1555355,-0.19245443,0.2942242,-1.1399758,-1.0792012,0.45467192,-0.5748867,0.5595055,-1.305424,0.5406808
1921,-1.2897785,0.7315671,0.69847965,0.70189446,-0.16453433,-0.17943895,-0.5420619,0.90476024,1.3588219,-0.91759205,-0.54925776,-0.9958465,-0.08494146,-1.7584747,1.4776677,-0.5200369
523,-0.5279206,0.6440328,0.38305777,-0.8556128,-0.3632932,-0.15267873,0.54132956,-0.32198024,0.4416869,-1.1447741,-0.7856117,0.098822,0.62800574,0.5458819,-0.6547319,-0.0632965
245,2.0088887,1.3897216,-0.856272,-0.11951833,-0.561411,0.39151832,-0.8502536,0.91485476,-1.0816283,-1.2023001,-0.65806663,0.1527001,0.11117461,0.5191827,1.451234,-1.2090458
1909,0.8489374,-0.5089779,-1.660022,1.1592252,0.022988979,1.1514664,0.10455915,-0.37883663,0.4869247,-0.52982485,1.1313188,-0.057577938,0.8133309,0.39627805,0.28585637,-0.38598883
537,0.8216206,3.6818583,1.2345127,1.3206707,-0.08180019,0.45149374,0.13196328,1.0860741,1.1504486,1.639046,-1.3101027,-0.83756673,-0.5465764,0.3287823,-0.07692604,0.28895646
1048,0.56397873,-0.43006366,-2.946104,0.8275297,-0.17472754,-0.118692756,0.35688233,-0.050587,1.2519948,0.538528,0.8442704,-0.32027,0.38058895,0.7324968,-1.4513931,0.64401627
1074,0.498514,-2.6669018,-2.1360064,0.8907061,2.05088,0.6872289,-1.0103259,1.3348445,-0.06422725,-1.053327,1.1612942,-1.5919496,-0.5370211,-0.14411695,1.6299865,-0.5799318
286,1.0584054,0.6470032,-0.09419775,0.11341207,-2.219655,-0.085237384,-0.42685124,1.5943689,-0.604069,0.22187155,1.132121,-2.7950928,-0.82008594,-0.5004908,-0.25112504,0.729173
1712,-0.7338042,-0.88254905,-1.9129137,-0.5803876,-0.7944852,-2.1251292,0.36974764,-0.9191232,-0.6610959,-1.3076861,0.16452149,0.9163636,0.99290764,0.7518093,-0.52775234,-1.1340325
1706,3.0720894,0.39369676,-1.8329062,0.60986406,0.22395961,0.03300765,-0.19440502,-1.0096939,-0.86818707,0.5519347,-0.19200468,0.46087718,-0.1792399,-0.46269968,0.35930526,-1.1366215
292,-0.4947925,1.5990562,-1.1256832,-0.52479726,0.741063,0.32619545,1.027243,-0.029344514,0.91331464,1.3214724,1.6271458,0.059891373,-0.9517617,-0.89557576,-1.7657992,-0.13716125
1060,-1.1161973,-0.13789687,-0.01843369,0.483432,0.89619565,0.84307927,0.32585257,-0.45289528,0.7125998,0.98503405,0.49619704,-0.6669899,0.55257314,-0.35782832,0.44985345,0.8677508
1289,0.8028115,-0.377882,-1.1201437,0.56946224,-0.06658751,-0.42440337,-0.42858663,2.018085,0.14958814,1.8440232,-0.7132,-0.09686947,-0.2945603,-1.2312772,1.4698858,-0.9090827
709,-0.7499175,1.3139596,-0.11391467,-0.71321416,-0.26195192,0.3975896,-2.551222,0.37526566,0.20761861,-0.039464056,1.6834793,-0.13077062,-0.031366885,0.2213521,0.29497647,1.4664998
721,-0.11125281,0.3559072,-0.73646086,-1.5875696,0.4693977,-0.73719704,-0.43251622,1.4734862,-0.32668364,-0.28181517,0.6431357,-0.20792729,-0.22577396,-0.44152966,-1.1927094,1.0027399
735,-0.072345585,0.763256,0.0962279,-1.533109,-0.23125342,-0.5929478,-0.57313246,0.35615364,-0.41399387,-1.3319694,-0.06604953,-1.7752885,0.7656517,1.441642,0.5482898,-0.15769677
2025,1.0856063,0.63420486,-0.32240105,-0.6858098,0.58092684,-1.3688319,-1.5936153,0.39585227,-0.026132371,-0.1650874,0.06950308,-0.8742347,-1.4172539,0.308371,0.1383645,0.6399683
2031,1.3212303,-0.77209175,-0.6796604,-0.4583615,-0.118812814,-0.9172572,-0.22585571,-0.5852962,-0.4402185,-1.9054098,1.4669349,-0.6175687,0.3417632,0.3081823,-0.46004117,-1.1455061
1538,-0.6619117,-1.5316471,1.0319333,0.07660895,2.280473,-1.0239863,-0.9500638,-0.4277845,0.98113465,-0.82978743,-0.55794895,0.81380624,-0.15155964,0.10344998,0.31299293,0.13447756
2019,-0.12957692,0.74425775,-0.8467823,1.4396323,-0.7231935,-0.31148273,-1.6114888,2.7166603,-0.5688187,-0.70044905,-0.11543937,-1.3898375,-0.5011998,1.5191746,0.7142732,-1.3012381
1510,0.20759761,-2.4668288,1.8286623,1.0344462,1.9826081,-0.63462204,-0.22429211,0.23430091,-1.129201,0.011204004,0.25852823,0.15045996,-0.3725231,0.44309434,0.06172836,0.4734972
1276,-0.76184624,1.1846596,0.803796,0.4809681,-0.16142745,-1.2139959,2.6775665,-0.7003687,-0.69546986,-1.703742,-1.5952158,0.5402573,1.5410839,1.6031399,-0.9229213,-1.0437648
1262,-0.38845855,-0.0419859,-0.5630922,0.26294646,0.23522192,-0.22331044,-0.72374153,-0.8861964,0.3939323,-0.75282127,-0.027668536,-0.23847134,0.44488415,0.55310583,0.8536978,0.9439231
1504,0.76043653,-0.39294386,-0.00952141,0.8443869,0.7149764,-0.74467564,-0.61491704,2.0737038,0.7394841,-0.8478358,0.5749156,1.1634953,0.19402507,-0.41023403,-0.73930275,-0.5107372
133,-0.07221983,1.8975432,0.4718156,-1.4118471,-0.89688295,-0.2990538,0.09472121,-0.53036183,-0.037111707,-0.6347522,-1.5020596,-0.051952243,0.030807454,-1.137731,0.31000793,-0.55008996
899,-0.5386921,1.2238815,0.33749005,0.038520314,-0.04471889,-1.0109074,0.71709275,0.8621521,-1.190512,-0.47628668,1.8292577,-0.8408185,0.33244568,0.6549016,-1.0754557,-0.9199494
127,0.0048148036,-0.42251778,-0.021417499,0.29829374,-1.6111704,-0.3921733,0.49588197,-1.4855326,-1.0851918,1.0775661,-0.7510073,-0.5536158,-1.602122,0.9288243,-0.22503473,1.2031636
1458,-0.8685163,-0.15372631,-0.07486859,0.24211118,-0.37136224,-0.08975303,-0.4025846,-0.14018336,-0.713938,0.27892134,0.21927103,0.10043952,0.020598501,-0.50696886,1.2712563,-0.35160846
32,-0.34512505,1.3407001,-0.37108934,-2.1404333,-0.22830686,-0.96266586,-1.092879,-1.5802822,0.5683664,0.30957294,2.9110544,-0.102971435,-0.03582448,0.97689754,1.6899494,1.8387002
872,-0.5712661,-0.32225886,-0.44416207,-0.84088004,-1.4801906,0.6061052,-1.3106911,1.550331,-0.99073243,-1.7049739,-0.8718597,0.036454335,1.1209028,1.2588617,-1.1603894,1.1032101
866,-0.30276158,0.85735434,-1.2584355,-0.35916469,1.0921485,-0.8968278,0.07458556,0.86905444,0.3407098,1.1041979,0.078127414,-0.40535858,0.6853537,0.6180912,1.270312,0.108295694
1464,1.0885713,-0.9673088,-1.3001729,-0.004691067,0.031384684,0.14164428,-0.4675591,-1.5760058,-0.33923572,-0.37507433,0.47304192,-1.2139654,1.1199342,-0.1555317,-0.46056864,1.2155159
1302,-0.93487585,0.015075721,-1.1997954,0.5345546,-1.1683934,0.5550442,-0.059775293,-0.75959945,1.031757,-0.37940192,-1.1310117,-1.1047487,-1.2060356,-0.047926426,0.9378735,0.9121441
696,1.8773584,-0.14492902,0.23260686,-1.6931331,0.12250572,-0.54281664,0.84038895,0.3427291,-0.30573857,0.75066805,-0.66583073,-0.67298037,-0.56006503,0.5732328,-0.7496768,0.5390053
682,-0.294108,0.57307416,0.705255,-1.6239494,0.001664415,-0.09060489,-0.041904166,1.5377061,-0.6058907,-0.26798582,-0.3148431,-0.3844141,-0.42898473,0.47177857,0.6760411,0.2572062
1316,-1.0134851,-1.147093,-0.4015806,-0.30681625,-0.2431722,-0.45320097,1.6796435,-0.045516968,0.08924111,-0.08054072,-0.4727422,1.5376052,0.16556424,-1.3702338,-0.4145692,-0.0031584501
1470,-2.324631,-1.8445803,-0.027822554,0.0295714,0.1965239,1.182784,-0.7162982,-1.8313447,-0.6109488,1.0200517,0.15198064,-0.6523566,1.984686,-0.4046532,-0.3716716,0.76990587
1841,2.8077602,0.6731343,-2.2923098,-0.40462452,-0.18387786,3.0300934,0.7779392,-0.5694485,-1.6660966,0.6383564,-1.1431252,4.199242,2.3034651,-0.03602749,-0.8677811,-1.9839389
1699,-0.7228564,-1.7029663,-0.97678477,0.00880339,0.60106623,1.8225787,1.4908172,-0.058348417,1.2658404,0.55672383,-0.040213212,-0.119198024,-0.8442534,0.49139956,0.73911417,1.310924
1855,0.14070529,1.2166666,1.291419,1.3355048,-0.23784646,0.8098558,2.0825021,-0.797538,1.2250282,1.0613139,-1.0724862,-0.6269816,0.2380434,-0.9567417,1.9015862,-0.17109299
319,1.8968549,-0.07170903,-0.6142197,-0.84191066,-0.0696675,-0.96776533,0.6167984,0.5500314,-1.5750322,1.080799,-1.6934204,0.36449134,-0.7681707,0.231947,0.8493738,1.6932619
1869,-1.0740496,-1.0768973,2.208949,2.2637925,-1.2025261,0.10838413,0.6151029,-0.23537377,-0.9068741,-1.6624119,1.6009939,-0.59957206,0.095510766,2.7297227,1.1290421,-1.7249773
325,0.4139119,0.82084745,0.9214932,-0.80715835,0.370625,-1.223816,0.17628476,-0.8269135,-1.0320851,1.0580752,1.4522375,-0.33448252,0.19056138,0.056055166,0.2728382,0.52508235
1882,-0.6147789,0.31440514,1.9877189,1.062727,0.42130917,-1.2648247,-0.44981495,-0.43443906,1.0654866,-1.4792767,-0.05158934,-0.5976612,0.4682166,1.4803637,0.009708524,-0.5222353
1896,0.07896531,-0.38196397,0.027668633,1.3950549,-1.1093345,0.7008716,-0.2791292,0.81642187,0.17663357,-0.61406654,-0.14100766,0.25922823,-0.0662626,0.36057997,0.9136012,0.10204801
1128,0.31675607,0.11658046,-0.9646279,0.34277564,-1.5082902,1.0805386,-0.070563436,-2.6649714,-1.4906517,0.15930156,-1.0248711,1.1353186,0.41002175,1.3955233,0.3349411,0.92378795
494,-0.5957877,0.88095105,-0.44012702,-1.4468161,-0.026712209,-1.2060375,1.4902422,-0.8896423,0.36325034,0.32595456,-0.91115195,1.5075125,-0.5991614,-0.11969909,-0.7466984,-1.0702664
1100,0.45134106,-0.867485,0.43885067,0.8846887,0.17944133,0.3652017,1.1643208,-0.7738268,0.10263136,0.23838873,-0.92593914,0.60921794,0.1868245,0.86019725,-1.4069905,1.073573
1666,0.44920176,-0.57655317,-1.1026998,1.036709,-0.31837153,-0.8055483,1.0198643,0.8721266,0.10077675,-0.38282704,0.7697375,-0.67367876,-0.8115794,-1.8029103,-0.30388048,0.18910488
1672,0.82641065,-1.2421986,0.6005705,0.90959656,-1.4750973,1.5213883,0.59833175,-0.312113,0.72955877,-0.86113954,-0.070655346,-0.81016016,0.21313971,-0.12758163,-0.11043888,0.33184683
1114,1.1964176,-0.91331017,1.2702613,1.0327244,-1.6252612,0.8013901,-0.09964809,1.5192447,0.6888504,0.59201264,0.22439179,0.04316908,-0.48421392,0.7790688,-0.5752195,0.12346321
480,1.4438823,-0.33928484,-0.8643336,-1.1857097,-2.4728432,0.7578124,0.8247363,1.4800049,0.91689724,1.2830266,-3.3855517,-0.39270222,0.5422309,-0.22808063,1.0378175,-0.22234558
1673,-0.4591252,-0.0038995147,-1.499115,2.9063964,0.2744927,0.09547569,-1.4975107,-0.3596105,-0.52678657,0.25624722,1.5952754,-0.31867775,-0.39342815,-0.45564967,-1.8362677,0.5193522
481,0.21391422,0.7703463,-1.7236102,0.057680786,-1.5129405,-0.18743959,0.6443386,-0.7464563,0.34502596,-0.50007665,0.054004043,0.024909645,0.6036866,-0.85504186,-0.6409524,0.43009925
1115,1.5664544,-0.03895375,-0.9045762,1.1595656,-0.94613576,-1.9229772,-1.08442,-2.1500514,-1.2996669,0.675516,-2.472454,1.2060119,1.191431,-0.033820823,1.035476,1.3700521
1101,1.974774,0.71788955,-2.3130143,1.1603798,-2.064829,1.1427971,1.3203481,-0.38476607,0.42959535,0.05578363,-0.8232895,0.25783324,-0.07393141,2.6083322,0.112876385,2.1669364
1667,-0.36470753,-0.0014600158,0.48383892,1.4824542,1.0294216,0.6144775,1.0292413,1.2930766,0.89755726,-0.035595804,0.39742,-0.68397725,0.37921506,0.60461056,0.7851402,-0.025436476
1897,0.61979306,-0.1262381,1.0265723,0.2917099,-0.11721806,0.20808235,0.46464282,-1.0296016,-0.5661354,0.011364996,-0.37558284,0.31271031,-0.5166775,-0.2565993,0.9553893,0.5478283
1129,1.4340572,-2.2703648,0.36578792,-0.22251156,-0.17863475,-1.0638022,-0.51815057,-0.8031995,-0.20100772,0.6735426,-0.39085573,0.18718177,0.27631152,-1.0354583,-0.49103242,-0.35742673
1883,0.25779745,-1.356231,-0.5844662,0.19100346,1.7771974,1.3921638,-0.15337995,-0.054359138,-0.789415,0.924557,-0.96161056,3.818051,0.67754495,0.0050802827,-0.5626977,-2.5429108
324,1.4104408,-0.21343932,-1.2673345,-0.8653963,-0.2708233,-0.027843364,-0.27291575,0.4424306,0.08394905,0.2444114,0.7138837,0.20061994,0.29496908,-1.7202018,1.5951228,-1.8422612
1868,-1.351325,-1.1345005,0.3693865,-0.16806863,0.6810236,1.9224681,0.3997836,0.4648191,0.27375883,-0.001372695,-0.6202036,-0.13382885,1.0152509,-0.6770756,-0.29684508,-0.6580628
442,1.0743186,0.8671901,0.8328012,-1.8643132,-0.2971268,1.3637837,0.8204945,0.9862714,0.6831967,0.7248796,-2.2125828,1.3238223,-1.142864,2.7780828,2.3080359,-0.2723043
456,-2.0702147,0.6622433,-0.452237,-0.18394691,1.3103322,0.44495094,-0.030293189,-2.3811266,1.261039,0.1537857,-0.33981457,-1.8925653,2.326741,-1.2053144,0.18232542,-0.8530295
330,1.9416888,2.0844667,-1.2398626,-0.22808537,-2.3486133,-0.0976876,0.53932595,-0.1489844,2.2141938,-0.3489039,2.0619128,-1.4406945,2.0716221,1.6590599,0.12251377,1.8002522
318,0.71376806,0.20463945,2.0446727,-0.5776842,-0.9539633,-0.36150604,0.87025076,-0.21563244,0.93070364,-2.4486856,0.22260463,0.52832574,0.40583652,-0.37336144,-1.3556273,-0.62442225
1854,2.2955463,0.52404445,0.84228075,1.2459826,-0.8667559,0.75093794,-0.18987736,0.44344044,1.0980741,0.7984775,0.16809332,-0.25219148,-0.06635848,-0.4479781,-0.20327994,-0.73653066
1698,-2.3502982,-0.42902276,-0.33573622,0.63720214,-0.6473836,-1.0144147,-0.31636494,2.3540807,0.02473173,-0.66615814,1.4134278,0.14469945,0.33618823,-0.06621927,-0.021412939,1.0142531
1840,-3.059369,0.12199043,0.26390323,0.494709,-0.5159438,-0.9013648,-0.43646395,-2.5849123,0.2195242,-0.006174624,-1.243582,1.4035176,0.8988244,-0.55088043,-2.202698,-0.35326698
1317,-1.4855527,-0.076660186,-0.10528144,1.4358256,0.92847663,-0.14401484,0.5323574,-0.7781368,1.1289017,0.8802171,-0.2959959,-1.1019686,0.90984005,0.018829107,0.5850284,0.22330473
1471,0.43625164,0.39486653,-0.7943313,1.865672,0.65589714,0.84331375,0.10957408,-0.35322213,1.4766603,-1.1041119,0.6216139,-0.6679222,0.07602061,0.13054657,-0.8186017,-0.16973172
1465,1.0906863,0.3230734,-0.23915264,0.6594385,0.8480327,1.5118504,-0.5809201,0.6097001,0.4993381,-0.15020157,0.072996676,1.295197,0.32894826,-1.0780188,-0.6680548,0.14694938
697,-1.1231866,-0.74033475,0.08202719,-0.982237,1.1251943,-0.014936626,1.445875,0.1728124,0.2770413,-1.3171114,-1.0115051,-0.89794916,-0.14853396,-0.8124763,0.7091189,1.9912443
1303,-0.861157,-0.98598015,0.1866023,-0.18654098,0.07943668,1.4199312,0.7344312,-0.8649075,-0.13791808,-0.39365888,-0.7418744,0.08325459,0.5654501,-0.347894,-1.3552755,1.6384315
867,2.4198155,-0.038936377,0.6118325,-1.1469487,1.4318917,0.6687994,1.2234232,-1.5711422,-0.2713715,0.6008192,-0.70239466,-0.888113,0.23130254,-0.1562944,-1.0800177,0.9127599
1459,1.2605022,-0.83477044,2.2120132,0.4515484,0.59645844,-0.7829051,-0.57904214,-0.61421,-0.9168642,1.63481,-0.5199445,-0.25814426,2.044358,0.9091026,0.41860893,0.20989144
873,0.07801954,-0.19880223,0.05912164,-1.4588077,0.69894516,1.6404107,-1.9771533,-0.17657569,0.21190554,-2.2047157,-1.1215947,-2.5140789,1.3772199,0.7038224,0.2599477,1.0798318
640,-0.07772982,-0.17772658,-0.6829482,-1.6242018,0.75336164,-1.300527,0.3722858,1.7021899,-0.113569364,0.059784114,0.9145488,-1.48135,0.7714089,2.5761065,-1.2924421,0.72994125
898,1.6912471,0.15898606,-0.09001377,-1.1574914,0.23243806,-0.42320603,2.1600122,0.062613815,1.2112716,-1.5993006,0.5122868,-2.1571233,-0.55381507,0.14890775,1.3701556,-0.7487817
126,-1.1282973,0.49849373,0.40138364,-0.8247817,-1.041749,0.57442856,-1.6114265,1.0713891,0.08039733,0.59247386,-1.0408946,-2.145842,0.4729153,0.23901537,0.060404748,-0.4247551
654,-0.8446516,1.173055,-0.10746394,-1.422273,2.0507793,-0.9524447,-1.2963846,-1.5200567,-0.08568592,-0.36901557,-2.5342698,-2.6579363,0.5147615,-0.7565776,-1.434382,-0.8021242
668,1.3607681,-0.3961743,-0.38392407,-1.5086617,1.2158082,0.54274184,-0.43094108,-0.238338,0.4582594,0.37655255,-0.031727806,-1.661469,-0.8261922,0.09194529,1.095703,0.0042496324
1263,-0.40561974,-0.034941137,-0.6050947,0.9328079,0.35963386,-0.86699694,-0.9669659,0.57328975,1.224642,-0.20269483,1.1521156,-1.4525157,-0.21342772,0.77191556,-0.47394156,-0.5624544
1505,-0.61551374,-1.8669307,-1.1617268,-0.0949208,-0.1581606,-1.0732309,-0.1338366,-0.4938894,1.5908108,0.2899099,0.20021382,0.1747872,0.032052815,-1.3404233,-0.08332175,-1.0450554
1511,-0.49225274,-0.61791956,-0.42377958,0.1298035,1.9173915,0.1737611,-0.3064471,-0.28892958,-1.5834801,1.1470046,0.3930342,1.1638522,0.9805917,-0.25466222,-0.14036761,-1.2392118
2018,-0.29059812,0.6707021,-0.03874086,0.5171568,0.5297771,-0.4818072,0.36484575,-0.5317962,-0.20367986,-1.6462874,0.14101905,-0.47929928,-0.52256155,-0.9000658,1.0928236,-0.7285384
1277,-0.38188156,-2.4157822,0.71462244,-0.786593,-0.9948995,1.1187294,0.9804005,-1.9342792,-0.6782865,-1.3237435,0.79510736,0.08631545,1.2190275,-0.35307026,-0.86061025,-0.22276755
913,0.8695375,-1.9298698,-1.3558538,-1.1663458,-0.8282852,-1.70958,1.4649171,-0.10069497,1.1630188,0.9750476,1.1650077,1.2339332,-0.615901,-0.5065823,-0.09023559,0.013192356
1539,1.2168,-1.3332525,0.22193682,0.5911807,-0.17201456,2.3980327,0.6880396,2.320739,2.0765805,1.2639658,0.7883978,0.40409335,-0.7630975,-3.7503548,1.4331353,-3.0885372
2030,0.27488917,0.82971257,-0.943244,-1.9444146,0.43500322,-0.6375486,0.9591787,-0.9567592,0.08332352,-1.2099327,-0.59962773,1.3305129,0.8730501,0.64544094,1.3433698,1.4970858
2024,-0.5284351,-0.82598567,-0.11923832,-1.1078098,0.37777126,0.5488687,0.35054025,-0.18540601,0.5502794,-1.4088435,-0.1756069,-0.19917163,-0.6774381,-0.15435266,-0.25023937,-0.31019294
734,0.97262377,1.1875417,0.5372964,-0.5645733,1.5759699,-0.77289385,-1.294244,-0.36338383,-0.18402459,0.0044392347,0.3824645,-0.42770594,-0.18883435,0.27805036,-0.32936835,0.010806501
708,0.86529374,0.40607128,-0.5475418,-3.1850252,0.69445515,2.5291128,-1.3651171,0.41349688,-2.9131222,0.95210165,-0.31821007,0.98695594,1.6995665,-2.1749346,-1.630277,-1.9549032
1288,1.4373331,-0.25903535,-1.588979,1.7118682,0.8314089,-0.7095331,1.7278967,-0.16229445,-0.72953725,0.32022417,2.2909663,-1.4149604,-0.3456745,-1.5000265,-1.5300043,-0.55229336
293,0.2588013,0.32183608,1.7545679,-1.4090506,-1.014242,-0.44019312,-0.5693065,-0.112087935,0.673218,-1.0270184,0.6427073,-0.026004106,-1.4634118,-0.65116477,-0.6868038,-0.3914876
1707,-0.90848505,0.1065017,0.64361984,0.34867123,-0.23540637,1.3754334,1.335661,-1.3175535,-2.691014,-1.3580908,-1.2994535,0.64948714,0.7614214,-1.3765723,-1.2736859,-1.2482723
1061,-1.0092235,-0.058578886,0.18088406,1.244169,1.0163156,1.7899821,-0.60808134,0.17118835,1.0755802,-0.40912572,-0.145637,-1.6977427,1.1303422,0.022093713,-0.16185512,0.10793078
1075,-1.5772326,-2.332572,0.82899535,0.17490414,2.2549367,1.4982748,1.2468537,0.04290231,-1.0536408,-1.3973925,-0.28022864,-0.6786382,-0.46735162,0.07344529,-0.031182706,0.027705796
1713,-0.48188472,0.322271,-0.30009907,1.150589,-0.82993174,-0.4058234,0.31498796,-0.23877841,0.6252109,-1.8015603,-0.19598319,-0.84057283,0.09621501,0.40356213,0.5148624,0.5231841
1049,-0.76057756,-0.2666323,-1.1296432,1.1771886,0.6559137,0.5550345,0.18900256,0.45799387,0.4796466,-0.52737683,0.9439033,-0.42050314,2.2599995,1.040014,0.43804505,-1.1326957
250,-0.35551518,2.0604224,1.102473,-0.21812007,-0.7220932,-0.792931,0.2596615,-0.34162265,-1.0615293,0.28962135,-0.602671,-0.27036905,0.43286532,-0.22476009,0.776391,0.33225995
536,0.18415564,2.0769117,-0.4466564,-0.65791065,0.3333413,-0.5558331,-1.4062374,-0.2482853,-1.0106906,-0.56788665,2.642917,0.7961592,-0.94010234,-2.2102098,-0.07682982,-1.3936203
522,1.9400774,0.10519485,0.36113077,-0.45182443,-0.34794927,-1.3323946,0.5134022,-1.1728781,-0.95783323,0.1995486,-0.024622582,0.3441419,-0.06981891,0.04235214,-0.5925287,1.3929553
1908,-0.12479106,-0.72988236,-1.8730369,0.18187582,-0.5371138,-0.3237821,-0.42020002,-0.7925672,0.21112852,-2.4295094,0.56956565,0.77371633,0.6843254,-0.76671195,-0.10718615,1.29586
244,-0.50027853,2.706727,-0.05596687,-0.28666264,-0.15409297,-0.295294,0.32950807,-1.125077,-0.85511065,-0.5878997,2.0175886,0.28263167,0.5782229,1.347816,-1.524765,-0.5493141
1920,0.35583103,1.0981895,-0.263429,1.0124353,0.46265584,1.7330346,-0.4571516,0.78319716,0.15355197,-2.0024934,0.5353644,-0.15133125,1.5130291,2.5101218,0.14494003,1.2695636
1934,0.18226123,2.8558378,1.5642164,1.1892574,1.5433328,-2.5858388,-0.94759977,0.32391518,-0.67817694,-1.5495547,-3.263589,-1.1258968,-1.1168958,-0.13680458,-0.22686067,0.35286307
278,-1.0180554,-0.52558255,0.37453514,0.01200562,-0.26958925,-1.3924547,-0.04168171,-0.5332373,0.91396606,1.8439052,0.926754,-0.3814388,-2.386355,-0.37153918,-1.4465746,0.0077413805
1093,-0.6547831,-0.9868914,0.9192543,1.6544201,0.943541,0.52038795,0.9744866,-0.813516,0.7874298,0.34188718,1.1049075,0.36133087,1.4694638,-0.32105923,-0.8887303,0.782031
507,0.47825745,-0.44882524,1.2234851,-0.87476933,-0.29902893,0.3836741,-1.514485,1.4803073,-0.7739138,0.9029422,-0.48459908,1.1702522,0.7008116,-0.78281033,-0.0021370947,0.052791074
513,-1.0116463,0.04505378,-0.6089679,1.163215,-0.7196903,-0.5320685,-0.7541013,0.41419965,-1.5645543,0.3056744,-0.124617696,0.62987757,-0.7210786,-0.52232504,-0.49617738,0.39250043
1087,-0.8168876,-0.36043105,-0.76060003,0.68750775,1.9185953,-0.3090843,-0.4293604,0.7247109,-0.7231439,2.0439997,-0.42750618,-0.102537245,0.1967138,-0.07819411,1.5036246,-0.64773643
275,0.62267625,-0.23381086,0.73803484,-1.1910814,-1.1402088,-0.88985103,-1.0607601,0.5461306,1.1384219,0.11034949,1.389188,-0.061864123,1.7275157,0.5046595,-0.67028046,0.27936605
1939,0.11292474,-2.7366896,-0.6320176,0.40735573,-0.3524964,1.5491879,0.2540433,0.1209188,0.9608506,0.6237602,0.51515186,1.9315557,1.4789965,0.94893885,1.1622491,0.12566744
1911,-1.784917,1.2957656,-0.89166135,0.73967004,0.4327253,-1.1442139,0.26762,-0.57475,0.4374029,1.4369892,-0.1835277,0.37056124,0.88366723,-0.3990958,-0.057807684,-0.7892639
1905,1.6363945,1.2736063,1.0682687,1.5988071,0.09979889,1.0479195,0.5103234,-0.64215714,1.3632174,0.381427,-2.0413995,-0.59223413,0.0749736,0.07442343,-0.33290565,-0.034285545
1736,-0.7331222,0.602632,1.9803157,0.29588142,-0.4915089,-1.1771573,0.8991705,-1.0600069,-0.021915182,-1.1825211,-1.4015175,-0.15180847,0.48251703,0.6065657,-2.284109,0.6719171
1050,0.44886982,-0.34987685,0.6893195,1.0587869,0.14558607,-0.15793514,-0.5267378,-1.0134225,0.32270294,0.07677978,1.0185475,1.1182216,0.9229864,1.4903424,1.3101395,-0.3418743
1044,0.50534075,0.37079376,-1.0824708,1.5716391,0.8317106,0.083914265,-1.6793486,0.35274354,0.043484032,0.022840798,1.6121036,0.37651497,-1.3275192,0.6977155,0.5648938,0.3070897
1722,0.68477577,-1.1403227,0.2957005,0.4867771,-1.0126244,0.2874455,1.4552885,-0.6987461,-0.586331,0.53112006,0.7210524,1.7129633,-0.12660526,0.75107753,-1.3526626,1.4725049
1078,-0.38274187,-1.2911452,-0.7014585,-0.1402275,1.3051755,1.0446109,-2.4355016,-0.8327037,0.04963383,-0.27974582,1.2334571,-1.2892171,-0.31103826,1.0340885,-0.0020977706,-0.19495878
1291,-1.4115314,1.1653323,-0.7702433,0.84411854,-0.008036181,0.23516273,-0.7585661,-1.101581,-1.2265507,-1.0423377,0.9937321,-0.019869357,0.40393198,-0.7459506,0.40257674,0.49888968
1285,-1.3805152,-0.5281925,-1.7579023,0.8758779,-0.15297702,0.5491866,0.056388676,0.8536331,1.1131465,0.5159886,-0.6777253,0.2358582,-0.24598867,0.17116597,-0.5747105,0.66122544
711,-0.06161602,-1.3895357,-0.9338798,-1.0828391,-0.99508226,-1.0598391,-0.7771553,-0.0029621273,0.13623184,-0.5636917,-0.8833905,1.0797765,-1.0234164,2.1762123,1.0454549,0.84116644
739,0.3198921,0.73567265,1.8994979,-0.61178386,1.1412714,0.36296993,-0.675994,0.19902682,-0.96758586,-1.3946974,-0.3041963,-0.23005669,0.5769299,-0.6863283,0.77997285,-0.21652934
1252,0.6725153,-0.9375328,0.28000775,0.62795,-0.5684092,1.2846951,1.1594949,-0.6280521,0.727378,-2.0376198,-0.20216402,0.8172023,0.4588131,0.5985267,0.038749054,-1.7082647
1534,-0.036024895,0.045323864,0.9916359,0.53962314,2.3848403,0.9290929,1.0605185,0.33772165,-0.7719222,1.3831632,-1.5231506,-0.6820125,0.35483,0.042951465,-1.8058653,-0.7208824
2029,-0.8693155,0.63648134,1.508037,-0.15379477,-0.20228568,0.535938,1.2791111,-0.301488,1.1748625,0.69055563,1.0656182,-0.8364877,0.18233679,-1.3195205,-0.48604754,0.85148644
1520,-0.16961393,-2.0585706,0.39243215,0.7803514,1.6378778,0.47132063,1.3560742,1.5088081,0.30807552,0.6084435,0.27554625,0.50892234,0.16841431,0.90624213,-0.009995222,-0.55873847
1246,-1.1715639,-0.37848663,0.6338388,-0.021101847,-0.46132493,1.5233926,-0.41756827,-0.7926957,-1.1283911,-0.20590562,0.40821475,-0.36434132,1.3654442,-0.53542453,1.2387098,-0.036944807
2001,-0.20020932,2.0656009,-0.0014093518,-0.86328954,0.04106628,0.2807011,0.6959045,-0.74305284,1.1458884,-0.4664604,0.4903893,0.6608507,0.39129642,-0.20062232,0.12894665,-0.9037744
1508,0.3336214,-0.39892292,-1.8023318,0.3260726,2.218639,1.8281077,1.6740814,0.11482853,-0.7835817,-0.5557028,0.65923536,0.5089462,-0.7099048,-0.5590795,1.0256196,-0.17418832
2015,1.8493898,0.40869406,-0.5111957,-1.4493593,0.65785027,-1.4803873,1.1212463,-0.40177763,-2.0941663,-0.36742222,1.7228676,0.7174542,-0.536044,-0.44708776,1.2914097,0.3053584
936,-0.4433664,0.44453782,-1.5737084,-0.8425016,0.4583801,1.2874503,-0.24860787,-1.1973904,1.3963622,-1.4330895,0.004103966,1.6844444,0.36118358,-0.24863917,-0.7791892,1.6609093
671,-0.031154037,0.54545873,-0.15056577,-1.7284508,-0.83907473,0.78935015,-0.5714123,2.7335734,-1.0694633,0.5989066,-0.33336943,-1.1814921,0.042331398,0.48330626,1.6486326,1.057962
117,0.17243826,-0.24883834,0.76468927,0.04654774,0.090135425,-0.2864582,0.12606078,0.82037234,-1.9591972,-0.34599835,-0.11121774,-0.7064694,0.6423324,-0.8620838,0.6437732,0.34403765
1483,1.5348239,0.05466327,-0.1168086,0.2713168,-0.19420397,1.1862571,0.13435872,0.15351368,0.11480946,-0.044284225,0.10113656,-0.055951923,0.65342665,0.8918229,-0.46621576,-2.1797729
1497,0.1461375,-1.5252702,-0.15566082,0.9456016,-0.46688288,-1.4175975,0.6903057,-0.90873826,0.68520164,-0.21376911,0.5623146,1.1305023,-0.09270765,-1.270967,0.5089399,0.24134679
103,0.33971715,0.2587633,-0.27887523,-0.91300076,-0.850474,0.26903167,1.6984874,0.5637743,2.5226984,-1.1761665,1.4156047,1.50791,-1.0319872,0.564457,0.3825435,0.34566504
665,1.3375874,0.37639982,0.011356503,-1.698679,-0.8456493,-0.7805676,-1.0271273,2.9820876,-0.42207724,0.20311481,-0.06470595,-1.0584395,0.6882797,0.1413131,1.9323204,-0.08750052
1326,-0.82463837,-1.5390662,-1.4576972,-0.5228712,1.4348245,-0.8509014,0.08718929,-1.7048534,-0.44094467,0.093715735,0.83472013,0.052868247,-0.9428766,0.39474508,-0.6643553,0.8144047
1440,0.0012980662,-0.7893833,0.14482073,0.6357787,0.4121384,-1.5331047,0.65783304,-0.15583426,1.0756037,-0.0054367185,-0.17565441,-0.023741916,0.22881542,-1.2076279,-1.9605192,0.0936389
1454,1.2314409,1.0488362,-0.6622807,1.9889681,-0.23801959,0.45626962,0.778288,0.8423684,0.27212906,-0.3857749,1.4065404,-0.88114357,-1.5802829,-1.7894169,-1.2335906,1.6369568
1332,0.25561383,0.28477412,1.9555544,0.09692706,-1.7324784,-0.9548437,-0.3592291,-0.8966975,2.9165604,0.1941428,0.23939157,1.1090131,-0.5154053,1.5024973,0.058167696,-0.5275894
856,1.1042597,0.4134061,-0.8223478,-1.6227416,0.14920363,-0.530508,0.5527983,0.16319126,0.065109,-0.26161486,0.11744964,0.98299944,1.0785824,1.1866957,0.15907267,0.25418875
1468,-0.7073115,-0.6287579,-0.88022035,0.91308486,-0.6471717,0.45078605,0.7159647,-0.9551555,-0.3024707,-0.59161776,0.7842391,-0.5396311,-0.20578144,-0.7051172,-0.49890867,0.13719244
1859,0.7356802,1.6587408,-0.19620086,1.6806126,1.7236253,0.62038803,0.68494725,-0.14658636,-0.02089569,-0.45308262,1.7875334,0.23803677,-0.08589405,0.36567128,0.68776286,0.11791873
1681,-2.366839,0.38078523,0.6527354,0.41998744,-0.077551305,0.09956076,-0.44996879,-0.8758943,-0.9771379,-0.5869075,-0.8469249,0.00861983,-1.5800892,-2.0263627,1.6515868,0.34374776
315,0.602203,1.459197,0.85066617,0.2170579,-1.353242,1.4746709,-2.2074523,0.52893305,-0.0038645864,0.33848065,0.7547889,-1.1438922,0.23161717,-0.42767143,-0.38054746,1.8982058
473,-1.2671188,-1.2143164,-0.19681355,-2.3266196,2.2763152,1.1171914,0.089322254,-0.71919,-0.693933,2.1274004,1.6495963,-0.34987026,0.7604902,-0.3470481,-2.0782886,0.45651147
467,-0.7964978,0.019798547,0.49021542,-1.214368,1.452391,1.784562,-0.017447472,-0.44191995,0.11237655,-0.4177277,-0.0752541,0.22736338,-0.1597669,-0.83558714,-0.4488366,-1.1588688
301,-1.3136735,-0.87797,0.6418208,-0.5155079,0.17515221,0.33587432,-1.4433085,-0.0019265711,-0.5301696,1.1666787,1.0974537,1.0035889,0.47230044,1.2526481,0.016480893,-0.5399768
1695,-1.211816,0.5819361,0.05117257,0.54311216,-0.72155905,1.6226257,1.0059025,0.43955684,0.7406773,-1.3208356,0.05938308,-0.059805214,0.21563463,-0.3068158,1.0894101,-0.6930767
1865,0.36664742,-0.7341583,-1.5791013,0.9927124,0.7393261,0.9604676,0.060475647,-0.05191958,0.26726913,0.6435468,0.9090729,1.0943211,-0.92827034,-0.02170521,-0.1432263,0.5579724
329,1.0169132,-0.1813871,1.941928,-1.2900244,-1.6128238,-0.8737548,-0.15029204,-0.39659607,0.6892869,0.79286736,0.99591506,-1.6183114,-1.2592194,2.0140147,-0.5199033,-1.4437928
1871,-0.76722133,0.4018516,0.7495356,0.7273199,0.46283442,-0.47383237,-1.8527384,-0.4759453,-0.60883087,0.11487812,-0.036628053,-1.019328,-0.6441629,-0.9107541,1.3055892,0.2596368
1642,-1.6815203,-0.59023,-1.5356667,-0.7732003,0.83449876,0.16433635,-0.80521923,1.3166268,0.14999886,-0.7088704,-0.17867291,2.0880163,0.28327078,-0.9109422,0.19049853,-0.58315754
1124,1.0222534,1.0612752,-0.20942843,1.513369,-0.45535251,0.062304594,-1.1007204,0.07671161,0.566646,-0.13803561,0.04421431,-0.118647605,-1.2864537,0.8297378,1.3061066,-1.1525832
1130,-0.95194954,0.49214977,-0.46331644,1.6802416,-2.169823,-0.34839305,0.78670865,-0.18167534,1.7616065,0.6951097,-0.3484835,0.19876148,-0.56761765,0.27409503,1.027125,0.3964643
1656,1.0669248,-0.74380696,-0.7409313,0.78303653,-0.0774317,-1.1656913,0.5424329,0.6818388,-0.047453225,-0.5241405,1.4018588,0.11420807,-0.09281078,0.05452326,-0.15583724,0.82326436
1118,-0.050892964,-1.3207612,1.2656366,0.8302801,-1.6200541,-0.37386003,0.41954103,-0.043878235,-0.4829802,-0.3094744,-0.49492443,0.97360766,-0.26222092,0.6729142,1.3408413,0.8323516
498,0.78994477,0.78828275,0.33087242,-1.1054518,-1.4848093,-0.50017226,1.2444748,0.7952113,0.79421186,0.31009573,-2.7366214,-0.5600446,1.3894014,0.32688528,-1.1948383,0.22557095
499,-1.2193354,-0.35298568,1.9831076,-0.97078615,-1.1493771,0.004649043,0.34610307,0.14024512,0.6744065,-0.5505935,-0.8772391,1.611042,-0.10223466,0.5724017,-0.123165816,0.90251917
1119,-1.5384858,0.1756883,-1.1707331,0.5034061,-1.3953977,0.48142624,-0.44715464,-0.9498293,-1.8536988,0.9512689,-0.66537887,0.49472788,-1.4265441,0.67944914,-0.2301291,0.9888363
1131,-0.44031343,0.5063362,1.0404906,0.48251116,-0.8717458,-0.8499768,0.7326816,-0.597983,-1.3401037,0.44333723,-0.71628064,0.3615234,1.9501134,1.3328086,0.03541291,-0.8270987
1657,0.2641682,1.1841714,1.3609334,1.0230533,1.049339,-0.970492,0.058253735,-0.5925986,0.2739149,-0.87574786,0.06802006,0.83373487,-0.5718076,1.0024407,-0.10830647,1.288498
1643,1.4746345,-0.8761793,-0.7116045,0.7928621,0.17371474,-0.38447663,-1.0483698,-0.38378274,-0.06163019,0.002447486,-1.0798998,-0.18809165,0.53404635,-0.098026395,-1.5307592,1.7561226
1125,0.6905118,-1.1258838,0.060743257,0.5274134,-1.2485182,-0.15557957,0.6077214,-0.21853629,0.17331514,-1.100382,0.078048766,0.011332244,0.88152146,-3.7501702,0.51542825,-0.5453627
1870,-0.82965994,0.48443115,-0.20416385,0.22742823,0.41425878,0.7335405,-1.3071263,-1.0372554,-1.2123606,-0.86050427,0.76509225,-1.2579129,0.39799947,-1.1894315,-0.06631704,-0.014136404
328,1.7727418,0.013122752,0.81202114,-1.1733551,0.27550003,-0.08005524,0.11699581,0.20993045,0.09038924,0.32088488,2.4205523,0.6037922,-0.36007,0.06122594,-1.2474062,-0.3502822
1864,0.16050595,0.4492361,0.7629299,0.9331598,-0.5460156,-0.78304327,-0.7452022,0.5645218,1.6018361,0.07808776,-1.0930583,-1.2612264,0.57940197,0.1879431,-1.175345,-1.0126761
466,-1.830113,-0.27426955,0.8429622,-1.3972847,1.7877309,-0.84236205,1.3908136,1.1568592,1.496807,0.21072143,0.25058064,-0.38971773,-0.68472517,0.6588811,0.6082552,-1.722618
1694,-0.1849668,-0.01635291,-0.26234338,0.05554177,1.3067288,-1.2825158,-0.8392859,-0.44358253,-0.4764915,1.6832451,-0.29948986,-1.0787297,0.38400105,-0.39864403,-0.3534317,0.24103077
300,-1.0113173,1.058605,-0.94002694,-0.25086498,-0.32868946,0.78596634,-0.6351949,-0.22453076,0.2844045,-0.5785229,0.6307285,-0.15790898,0.5535994,-0.1564172,-0.93922997,-0.4813397
314,-0.33052298,0.09810336,0.36852226,-0.37678117,0.30584928,-0.4335646,0.6870082,0.06068331,1.1987762,1.5945567,0.7673022,-0.87773645,-0.113171935,-1.4204905,-1.691455,0.73255265
1680,0.15750474,-0.69812834,0.9136408,1.502491,0.5336702,0.7852333,0.10365003,1.1444914,1.1700993,-1.2428563,0.3932303,-0.66391087,-1.552777,1.799858,1.0727086,-0.45819604
1858,1.6356584,0.9093032,1.4465988,1.1987804,0.24470457,0.74958235,0.457231,-0.35408077,0.3530953,0.84662783,-0.5843557,-0.82586503,-0.036548756,0.31371534,-0.018768538,0.30954236
472,0.09954178,0.44569653,1.0058511,-1.5973583,0.23427923,0.54956883,-3.135937,0.30301243,-0.7598689,-0.77713287,-0.7595938,-0.9980855,1.4518055,-0.8363638,0.08107415,1.0268095
1469,0.020113409,-2.1460962,-0.500308,-0.5725075,-0.16573976,1.0077645,0.7178989,-0.8719849,-0.6565982,0.0020782351,-0.106606685,0.017588355,0.96496606,-1.7120638,-0.79267424,0.6553582
857,0.31964445,-0.405866,-1.6000714,-0.8313332,0.99557114,0.4058591,-0.74867857,0.12242907,-0.89003974,-0.39956242,-0.1446333,0.49734804,0.031093687,0.8748458,-0.5727668,-0.62465984
17,-0.16917032,0.2091134,-1.7689168,-1.6562982,0.16462734,-1.030134,0.5066307,0.47378302,0.20550072,1.1173192,-0.62841564,-1.2087709,1.3408282,-0.3767823,-1.1859384,-1.1125939
1455,-0.8070042,-0.91902,0.7060593,0.43415296,0.19840817,-0.2045584,-0.5428456,0.023765683,0.22180703,-1.2258867,-0.15994978,-0.30517647,-0.9447575,-1.240894,0.01417546,-1.3375003
1333,0.61639667,0.8942911,1.6861886,1.207115,-0.10184785,0.07074636,-0.22668266,0.038250763,1.0946364,0.47261983,-0.70794684,-0.68875587,1.0817707,0.83110046,0.53136307,-0.31644893
1327,0.22792429,-0.0012052953,-1.4333378,0.4072697,0.4455201,-0.62475294,-1.8537099,0.09921771,0.8943926,-0.45794398,-0.77581865,-0.40222746,-1.1372063,1.2900429,0.3556596,-0.1507613
1441,0.38349983,-0.30434254,0.06670982,0.9248278,-0.29541963,-0.25397235,0.3295939,0.4650547,0.0027239304,0.02450575,0.045083612,0.50693834,0.83206165,-1.1815255,0.94892776,0.7226019
658,0.3486708,-1.8942256,-0.2907828,0.21270618,-0.14062846,-0.80136156,-0.26317233,1.4754398,1.6288593,-0.30267313,-0.67533135,-0.4404832,-0.18532294,-0.18572193,-0.2457125,-0.56559956
880,-1.1472874,0.9622692,-2.4842515,-1.6842839,-0.2605615,0.061190665,1.4438529,0.36179432,1.9136571,0.2904839,-1.2975905,-0.505845,1.2961925,-1.5678251,1.3432236,0.31965977
102,-0.259789,0.0638172,-1.6871395,-1.0452672,-0.0059962,0.5301755,1.0420775,-0.33598664,-0.42761442,-1.3917674,2.4670172,1.1271281,0.24563193,-0.008228838,0.97483957,0.416776
1496,-1.2580707,-0.24447082,-0.019260481,0.5487486,0.8466405,2.2781105,-0.10478908,-0.22117585,-0.53538597,-0.085478395,1.2625835,-0.30138415,0.3807994,-0.009578237,0.3157371,-0.31298763
664,-0.2874315,1.0693353,-0.52817833,-1.5240616,0.4034161,-0.7515466,-0.23184389,-0.073342785,0.007708393,0.49316368,-0.6330746,-0.3841371,-0.22898301,-0.33184513,1.1217068,-1.0359421
1482,-0.6524342,-0.62400156,-1.9166687,-0.030301014,0.021294683,-0.8781328,-0.8873209,-0.5727185,-1.3231772,-0.18001294,-0.543729,-0.83153176,-0.47835815,-0.020191133,0.9989394,1.1177188
116,-0.26431477,0.23118968,-1.4909877,-2.6305904,-0.0637791,0.6876192,0.71373916,0.54169893,-0.2571776,-0.2554952,0.2281817,-1.7827127,1.4657421,0.89110076,-0.38323984,0.7466353
2014,-1.2108324,1.0888686,1.2077848,-0.92159957,-0.44944564,1.0701003,-0.08250302,1.6642207,-0.17366008,-2.1540225,-0.9582148,0.33226222,1.8388674,-1.447454,-0.59159553,0.65949845
1509,0.27526692,0.3135836,1.4440475,0.89711803,0.48232862,0.26279515,-0.98227584,1.4749453,-0.48962384,0.15853377,-1.5015317,0.7404575,1.3781701,0.25563928,-1.3003428,0.431465
2000,0.06825712,-0.26646185,0.40160567,0.2916628,0.66517216,0.57367384,0.5229812,-0.32811755,0.3775993,-0.08070117,-0.30968273,0.9407379,0.36683148,0.026670218,-0.8379653,0.2235876
1521,-2.800127,-3.1199145,-0.45832324,0.07276613,1.2736509,-0.06344545,0.003117323,0.15379146,-0.8327769,0.78125966,-0.46227264,0.112289466,-0.3967448,0.55808777,0.45167148,0.20061377
2028,0.003720358,0.21246594,-0.886115,-0.5239858,-1.4125288,0.7559799,0.61819345,-0.45398435,-0.22449943,-1.0990407,0.30636865,-0.22064954,1.0372874,-1.5675886,0.08031154,0.8415124
1247,-0.83749783,0.3991599,2.6171534,1.8662101,0.7757515,0.30229872,0.7736652,0.4158411,0.2795699,0.14327462,0.42113847,-0.27596587,1.6541052,0.8718859,-0.41034538,-1.5211377
1253,-0.2064169,0.33118898,0.486219,0.9696195,-0.25320438,-0.45695263,1.0090415,-0.3281855,-1.3620423,1.2337549,0.3917843,0.18633991,1.7771845,-3.130342,-0.10428363,0.22678895
1535,-1.0259801,-2.0881395,1.3177031,1.4069607,1.2952405,1.308728,0.47856766,0.5074036,-0.38139415,0.81548953,0.39564124,1.4305699,-1.2362466,0.52733314,-1.0250603,1.1106253
738,0.7591245,0.7518019,-1.4075978,-0.8358932,0.4942187,0.47500855,-1.389748,0.81955385,-0.450899,-0.23094262,0.16489431,0.9306216,-0.26989013,0.61874723,-0.00207147,-0.063323975
710,1.6369276,1.62117,0.808415,-1.22112,-0.7578287,0.7779275,-1.2994468,-0.883307,-0.44320884,-0.70226276,0.1196698,-0.716132,0.4636812,0.36939496,0.5737664,-0.13481256
1284,0.66885304,0.33789784,0.58196723,0.47367272,-0.22015154,-0.21884659,1.4061553,1.1932092,1.8739408,0.055455938,-1.0226415,-1.3341386,-0.79468054,-0.7484717,0.10160424,0.89890623
1290,1.0425377,1.609724,-0.6339526,1.7987,0.626016,0.28845552,0.34898013,0.5815939,0.27794608,-1.3131082,1.1524656,1.2718488,0.38334468,0.33182517,0.025847912,0.079808295
704,-1.0838757,-0.3375314,-1.1517376,-0.51992285,0.61096567,0.3722334,0.50500536,-0.37808216,-1.341799,1.1501445,0.4418489,-0.810577,1.9364288,0.6704984,-0.048237786,0.39256543
1079,0.98397434,-0.698037,-1.6444381,1.1349195,1.0820823,1.7343074,-0.7742254,0.15607585,-0.25941405,-0.9383265,1.998353,0.20136264,0.11726132,-0.7004401,0.7140684,-0.2685542
1045,-0.24361843,-0.14256516,0.44221327,1.2135403,-0.20919117,-1.3287609,-1.2409958,0.6043324,-0.7805277,-0.5238333,-0.4104617,1.1803029,-1.1879866,0.21186647,-0.59017897,-1.2194769
1723,0.51755536,-0.19729508,0.1752426,-0.38404363,-0.3726715,-1.4669417,-1.0585711,-0.24826981,0.11344969,-1.2033038,-1.1668184,0.106270336,-1.1514082,-0.7749246,-0.44949088,0.1155503
1737,0.2956145,0.6248403,-0.13083607,0.88620955,-0.4028146,-0.726875,0.44441432,-0.77751935,-0.8017052,-1.3921468,0.2794543,0.6782461,-0.5698718,0.029857486,-0.49738455,1.4825733
1051,1.187589,-0.93250674,1.0141098,0.4320256,-0.4436069,-0.78201085,-0.10246198,-0.44057405,0.7235135,0.051111296,-0.55218,0.36807895,0.2627243,-0.11867389,0.5966045,0.07646522
1904,-0.57652736,-1.3356822,0.91226256,0.38369933,-0.41102087,-0.97898674,0.24471235,0.7160523,0.467474,-0.42249864,0.24905162,0.7097268,1.737939,0.23431851,-1.0155001,0.96797216
248,0.07203108,0.57542825,2.0447714,-0.6267504,-0.23642714,-1.5673906,1.1881186,-0.45564198,-0.6460355,0.9231545,-0.53002304,1.3178685,-1.5092471,0.11267161,-0.5963013,0.5962337
1910,0.19673213,-0.45769015,1.6129587,1.4831947,-0.32900286,-1.7928557,-0.082426555,0.8885089,0.98339164,-0.7102634,0.3023064,1.6818706,0.18703702,0.27380317,0.17073548,-0.20917933
1086,-1.0602523,-0.82625765,0.01562509,-0.14610173,0.1931423,-1.8058102,-1.1220255,-0.20135465,-0.90830773,2.3334446,-0.1561662,0.11420237,0.09837374,-0.97564125,-1.18188,0.42002517
512,-0.31354272,1.1761069,0.14454293,0.12168732,0.54179674,0.47760546,0.66223574,0.18238768,-1.3066254,-0.68885374,0.37393084,-0.048677452,-0.70183486,-1.1621004,-0.49449807,-0.8264239
1938,0.03323488,0.26444232,-1.9636246,1.493656,-0.38858372,-0.31861123,0.08363178,0.41234094,2.6847126,0.24884777,-0.5193998,-0.7142451,1.6666583,-0.40268254,0.41377503,-1.8765688
274,-0.73627234,0.52709234,0.52898633,-0.9061072,2.0899682,0.33911258,-1.2534394,0.4697637,0.28092328,0.61951536,1.8490074,-1.5889362,-0.6091707,0.17568967,0.22664973,-0.047430575
260,0.5946502,1.6973324,-0.09939012,0.11274414,-0.91948664,0.14942813,0.048550162,-0.27084687,0.27283156,0.2173194,0.44624513,-0.27018368,0.576681,-0.27687222,0.018340498,-0.575466
506,-1.2060989,1.5897473,-0.028891861,-1.3854579,-0.4222959,-0.14842418,-0.02199348,0.50592625,-1.2004819,0.98384637,-1.1315324,0.8146392,-0.25599447,0.29548416,-0.7962203,-1.4927074
1092,-0.8580625,-0.36767983,0.08063002,-0.6823419,1.2651677,2.1294942,-1.422421,-0.11084515,-0.04246643,1.9078784,0.4685433,0.038158417,-0.75180346,-0.2863557,1.4127357,1.2235322
276,-0.47976026,1.2199553,-0.82685614,-0.34013748,1.1258969,1.7356863,-0.8254178,0.7609073,0.18241216,-1.0477064,0.009759694,-1.5599043,-0.027240843,0.40705532,-0.06221156,0.7917391
1084,0.26370838,-1.2692025,1.0034143,0.29365885,-0.04923077,1.3420273,-1.0031953,-1.8945735,-0.3981251,-0.38295168,0.2260302,2.0839372,0.6438936,-0.7853939,-2.00778,-0.22529258
1090,0.19127762,-0.062036112,2.19222,-0.15386756,1.8698697,0.2365573,0.56097466,-1.1674905,-1.2786276,-1.095329,-0.8520674,-0.60268676,-0.21171862,1.8138978,0.88935035,1.1322366
504,-1.2851647,1.6074877,0.14802596,0.7128395,-0.40856427,-1.525982,-0.19129428,0.64193374,0.27398247,0.2902742,-0.03487336,-0.90724236,0.28950328,1.5527617,1.5762587,0.010315061
262,-0.43029985,1.1931083,-0.4500549,-1.0826935,-1.0841788,0.52523535,-1.5101984,-1.019718,-0.35079002,0.4651122,1.4644458,-0.23419967,-1.1704149,-1.6371913,1.7813947,1.4593309
1906,-2.6516547,0.64725894,-0.24547136,0.52749455,0.11768689,1.837109,-0.18718047,-0.68628484,-0.13997138,-0.026269436,-0.309959,-0.16091453,-1.2192223,0.15236789,0.40967852,-1.0203667
1912,-2.1398156,0.74353385,-0.6809213,1.0918236,-0.5026052,-0.2352016,0.84689856,-0.72986317,0.3802949,-1.0949787,-0.74339044,-1.4888737,0.7076542,0.7440865,0.8044288,1.4849598
1721,-0.7844621,0.16116358,-1.1427025,0.27483675,-1.6922886,0.3784512,1.2172159,-0.80386937,-1.1573902,-0.97405314,-1.7197113,0.11198266,-0.33884415,0.3236276,-0.12032676,-0.87753344
1047,0.7592619,0.64668024,-0.90704304,1.0309368,0.16825163,-1.2226652,-0.21821007,0.25792977,-0.9853867,0.3570223,0.3374401,0.67721564,0.5021547,-0.038180634,-0.3206131,-1.7383716
1053,1.3771127,-1.4244564,-1.766099,0.15323542,-0.109033816,-1.7116201,0.79983306,0.32431835,1.7506108,-0.5026819,-0.7304816,0.63059366,1.5118632,-0.1632534,-0.56729555,0.6355186
1735,-1.9275992,-0.48593497,1.8588258,0.51888883,0.8908078,-0.833836,-1.7473851,1.8651205,0.21856031,-1.3870236,-0.6841059,1.1933091,-2.0920773,-1.3096693,-1.6758735,0.29245305
289,-0.5109478,0.73726904,-1.9771519,-0.79893315,-0.89766395,-0.8319726,1.2135456,1.082823,-0.94549114,2.0069823,-0.023306757,-1.6761643,-1.0410025,0.11825052,-0.062430263,1.3037345
1709,1.2473801,2.794258,-0.74835825,1.4044158,0.919446,1.154985,-0.32588112,-1.5449295,-0.41620913,0.49719208,-1.8878131,2.6377907,1.2931445,-2.5795522,-0.20231274,1.7917225
1286,-1.2273622,-0.31918013,0.18419695,2.8199747,-0.8717996,-1.4473073,1.6853179,-2.455436,-1.9143362,0.11746138,0.3140545,-0.95433867,0.45716512,0.25122878,0.5699611,-0.21131076
712,-0.7398562,-0.028714355,0.21003413,-0.8905133,-0.2786659,0.92754203,0.41162828,1.673362,-0.4044939,-0.28771874,-0.71267545,-1.0375532,0.09482217,0.28459167,0.3370601,1.0562732
706,2.1059313,-0.646959,0.61082333,-0.40561807,-0.23950881,-1.6861798,0.021576494,1.0719107,-0.8279295,-0.36858404,0.94487727,-0.15040797,0.80341125,0.07456818,0.56427985,-1.7728835
1292,-0.69144064,-1.2123678,-0.827695,1.375645,0.38166103,0.017540671,-0.74945015,-0.80367136,-0.16337708,0.71749693,0.34256768,0.05583466,0.1692101,-0.13757966,-0.14346774,-0.1556977
909,-0.13233864,0.2966067,0.59549314,-0.84772575,0.6709502,-0.5488959,0.5809853,-0.153941,0.13998814,0.44140702,0.39785588,0.15604515,0.41577458,0.8915458,-0.5422436,1.4422789
1245,0.09410596,-0.9079622,0.5778433,0.9059937,0.84288573,0.41890377,-1.1794283,-1.0495691,0.13166445,0.77357334,1.025285,-0.97268236,-0.20238629,-0.58797705,0.3156658,0.21324563
1523,-0.06961331,-1.0486513,0.83437186,0.98107356,2.7207482,-0.2539605,0.48678878,0.1761883,1.2585826,-0.57413167,0.3727351,-1.3501086,-2.329303,-0.61240333,-0.9401119,-0.411067
1537,0.21853274,-0.8064343,-0.038505934,-1.2109433,1.1032155,-2.3625991,-1.0634215,-0.91151935,-0.95170724,-0.98822933,-1.9324124,0.013584465,-0.9481239,-0.32325253,0.0165257,0.82975394
1251,-1.8030052,-0.47401977,1.8382618,0.6737953,1.2174683,-1.9490174,0.6373752,-0.67242956,0.34093815,-0.48012307,-0.5013644,-0.032449484,1.2530993,0.9429891,-1.2948303,-1.0621941
1279,-0.13179,-0.9062272,-2.0974433,-0.4337083,0.7839297,0.019197151,-0.7438623,-0.9404175,-0.11751568,2.4408548,-0.6887106,0.9502209,0.28652826,0.9189123,0.6416223,-0.41881964
2016,1.814506,1.3334678,0.7091781,0.066649646,-0.39534748,-0.08233555,1.7796457,-0.5724497,-0.328043,1.0304328,1.2464035,-1.0916327,-1.0711029,-0.17455876,-1.2143079,0.5200506
2002,0.40904066,0.94999194,-0.86647576,-1.0062023,-0.39496043,-0.7070707,1.9173796,1.4878087,0.56797016,-0.05708596,-0.27760407,-2.9281507,-0.791136,-1.7416749,0.25310105,-0.6033799
921,-0.34634048,1.3663412,0.102420524,-0.42969057,0.18499559,2.1898985,0.085778624,2.3671522,0.54678595,0.6835382,-0.033112317,-0.7886909,-0.29922515,-0.43607944,-1.5768474,-0.33684492
666,0.62392396,0.43553752,-0.84873044,-1.3995724,-0.27074224,1.989306,-1.8674178,0.5858087,-0.6347849,-1.6498652,0.580708,-0.99001783,1.1912384,0.8548879,0.57414603,0.16867065
1494,1.2458075,-0.44057053,-2.4357045,1.3084333,-0.021454193,-1.3215878,-0.25438568,0.14078036,-0.24726625,0.52635264,1.9888006,-0.16944283,-2.900492,-0.9119185,-0.09381136,-0.24206813
114,-0.9605745,0.5569806,0.356697,-0.41530222,0.74949056,0.12586069,-0.2795721,1.2204614,-0.7481788,-1.1077783,0.43902853,-0.68023825,-0.31621194,1.0066814,0.3011489,-0.51619303
1480,-0.5636082,-0.48134643,0.31747675,1.5071067,-0.8433298,-0.782065,-0.03006038,0.75972253,0.96508443,-0.36784786,0.9958828,-0.18012866,-0.012597144,0.44412637,-0.62993133,-2.0617614
672,1.926871,-1.5095563,0.63604045,-0.23600735,-0.22457296,-0.73850894,-0.9232565,2.4851024,-0.3019322,1.1009815,-0.5599897,1.5820196,-0.39751178,-1.5203569,0.20447859,1.0610361
882,-1.1179583,2.2539232,-0.3803931,-1.3789297,-1.0697334,-1.4338796,-0.69078904,0.9630683,0.15328203,-0.8032908,-0.09219237,-1.346313,2.0760064,1.1264201,0.69616777,-0.23604333
128,-0.24031076,0.08491656,0.79382074,-0.14084142,-1.3556223,0.47751355,-0.009656906,-0.5505171,-1.0059478,0.45621228,0.74375105,0.81668323,-0.14699236,0.21172866,-0.6012127,-0.64720947
1331,-0.58658206,4.1103196,-0.2627843,1.0871645,4.313641,0.7205962,0.85654306,-1.0772564,-0.204303,0.776759,-4.6514626,-4.9855156,2.8006675,-2.2123165,-2.8158855,-0.9411462
1457,-0.34112528,-0.4849886,-1.0695298,1.5315683,-0.16539738,0.6074188,1.0022925,-0.3654114,1.1606869,-0.20849389,0.14468566,0.20692524,0.5239818,0.25461966,0.4996399,0.71202713
1443,2.0599003,0.10792634,0.9814189,2.0492542,-0.9035591,0.42124808,-0.07168619,-0.38896292,-0.6238017,-1.7132099,0.75811565,-1.1225226,-3.3889806,1.2629863,-1.4796165,-1.5094867
1325,-0.49615854,0.0427258,0.91354704,0.16965644,0.9311431,0.6539072,-0.9125353,0.14380427,-1.0553844,0.38113117,0.27205032,-0.77768886,-0.20187926,1.322637,-0.22087683,-0.19772
869,-0.4801531,-0.020154335,-0.53376323,-1.403431,-0.21067145,0.84144586,0.6343226,-0.7475865,-1.0155439,0.33773598,-0.85528564,-2.321295,-0.7809847,-1.3213584,0.12685871,0.87920237
699,-0.5420587,0.48806033,-0.9684571,-1.4298013,-0.6395948,0.87433136,-1.4779705,0.70916915,-1.698896,-1.0786291,-0.46747357,1.5700492,0.5834403,0.07284771,-1.2544587,-1.0489471
841,-0.49703526,0.17010382,1.104422,-0.12894574,-0.3169939,-0.92581975,1.0202727,-0.21898818,-0.65003264,0.4156224,-0.0033988813,-0.94197845,-0.08577901,-1.4510387,-1.1447059,0.5061121
1319,-0.72481525,-0.2650469,0.1892106,0.90913284,3.6818655,-1.2632034,-0.514258,-1.0355319,-0.40220755,1.8173991,-0.7559826,-0.60239965,-0.42152944,-0.3087227,0.612459,-1.538139
855,-1.6729312,-1.5967238,-0.6579771,-2.3175032,1.3010348,-0.88233316,1.905443,0.88063765,-4.8455334,-0.08462094,0.8801946,3.3864105,4.3625746,2.3604512,-0.14121367,0.496863
302,0.6920427,0.99178493,-0.31124604,-0.49455023,0.11058221,-0.36464077,0.19828972,0.1380947,0.7387683,-0.46137962,0.8563409,-0.18702936,0.13928963,0.86538947,0.684438,0.5020157
1696,1.340737,-0.059560105,1.0961162,0.38978902,-0.20165044,0.2790859,-0.6010159,-0.25834474,-1.099536,0.60802245,-0.74819344,-0.27628615,-0.038800776,-0.7168772,0.43343556,0.40659237
464,-1.4750748,0.4254267,0.60414577,-1.9440352,0.8106698,1.2786841,0.4512837,0.0003203526,0.0017013475,1.471798,-1.7057941,-1.0053629,-1.2569311,-0.92282295,-0.58242124,1.2681046
1682,-0.34233,2.036278,-0.5811714,1.7817252,1.5715877,1.9461901,0.44842145,0.2564965,0.22128549,0.35064965,0.14572072,-0.067413986,-0.13730629,1.3471678,0.498245,-1.2976894
316,1.5132161,0.20273042,-0.049131453,-1.4259971,0.3111164,-0.5646739,-0.9081325,-0.061367422,-0.52273107,-0.27192047,-0.044476263,-0.18907759,1.3552846,0.7631393,0.84923065,0.8210195
1872,1.2835759,0.16998792,2.0628667,0.9171227,-0.597246,0.5469671,-0.61253846,-0.2841739,-0.011648476,0.3329513,-0.11089671,-0.042741805,0.64815724,0.37570143,-0.101511955,-0.9884509
458,0.41661873,-0.34563187,0.8504523,-1.1184237,1.7269495,-1.5429101,-0.060909003,-0.061525907,-1.2178624,-0.20103198,-0.89145803,-0.4697856,0.20323062,0.8480247,-1.501501,1.0752171
1866,-0.5232898,-0.107834145,2.0784426,2.1989143,-0.8322906,-1.2498236,2.2301197,-2.047362,-0.64560324,-0.16430688,0.4985275,-0.61540055,1.9616852,1.1882622,1.5406364,-2.004064
1655,0.3847396,-0.11647715,0.55915284,1.477674,0.91544354,-0.15726724,0.011471868,0.05645484,1.2877371,-0.07731168,-0.70581985,1.1267341,0.5237711,-1.9141859,0.42517453,-0.7841263
1133,0.7935747,-1.3774179,-0.0337936,1.4320301,-1.3771111,1.1803272,0.15168208,0.92785984,-0.1311486,1.8382812,-0.4095256,0.66440713,-0.67719924,1.1891295,-0.07316025,0.88000166
1127,-0.8148643,1.2329671,0.9875819,0.58544606,-1.3574768,0.40422702,-0.80869085,-0.46565092,-0.3429773,0.3630466,-0.35279796,1.1252987,-0.23131178,0.84579086,-0.5372455,-1.1716295
1641,-0.050403412,0.07814165,-0.85831976,0.91586125,-0.042210788,1.065426,-0.10920495,0.25399768,2.6418626,-0.34304076,-0.027972594,-1.7457337,0.40455008,0.30515194,-0.80868906,-1.8969412
1899,-0.0050465167,-0.9429364,0.13291831,1.7736305,-1.1193279,-0.24159795,0.7008178,-1.1460814,-0.776785,0.62294185,0.15966225,-0.88742435,-0.42267326,0.75404465,0.7415226,-1.4683061
1669,0.6504188,-1.2459897,-0.4947493,-0.3680193,0.2714495,0.5164043,-0.031541526,-1.5118494,-0.83992034,0.5708511,-0.1710875,0.8253782,0.3964616,0.49863786,-1.0503082,0.097905755
1668,-0.002349943,-1.5778325,0.7911964,1.6842952,2.2567801,1.1264949,2.0777054,1.1160424,-0.6577517,0.9945574,-0.26180124,0.42100853,0.63179976,0.3727023,-0.8345922,0.08635104
1126,0.30311516,-0.3378107,0.88992107,1.3875229,-0.6349475,1.0284247,0.2247965,1.1504823,-1.1824085,-1.6594892,0.20673886,0.0040618777,-0.9243295,-1.1557496,0.5487995,-0.58217275
1898,0.756055,-0.088731274,-0.10362357,0.36661154,-0.16118404,-1.8269402,1.0168269,-1.9944595,0.3110156,-0.57217526,0.507909,0.030567825,-0.06940919,-0.69651186,-0.40811193,-0.31237543
1640,-0.8633559,0.40627223,0.038758263,1.0953658,0.35691062,-0.016550481,-0.2779432,3.0188808,1.3923339,-0.3194846,-0.8285086,0.8813076,0.65863276,-1.8734448,0.32346687,-0.21444808
1654,-1.121661,0.6654718,-0.15958542,-0.4586552,-0.5338099,-2.2366195,-0.51953065,-0.42026848,-0.66672885,-0.5252416,-2.6538954,0.6588094,1.1519954,-1.0188439,1.8956088,0.1904735
1132,1.4215548,0.28914243,-0.9007503,0.74126834,-1.507699,-2.58631,0.4629718,0.008857131,-1.1074002,-0.2513354,-1.4353496,1.4350905,2.6121712,0.9178076,-0.11209398,-0.28577176
1867,-0.056220353,-0.47518575,1.1071559,2.5580485,-1.2544903,-1.0978614,1.7667456,0.19902831,-1.0856016,0.4261238,0.17280501,-0.039424926,0.33887887,1.6944765,0.34325063,0.63282204
1873,-1.5354943,-1.0355273,2.2986624,0.780566,0.1973426,1.7854762,1.6050992,0.095651574,-0.92210907,-0.23142374,-0.55405086,-0.049666226,0.40868425,0.8518089,-0.64791733,1.0607301
459,-0.056992024,0.54280245,-1.5405915,-0.5647663,-0.17301068,-0.2436355,0.6253288,0.16614273,0.51293474,-1.4348202,1.0144353,0.5026368,-0.38043755,-0.3319379,-1.0374299,-1.0004718
317,-0.074117534,2.488146,-0.73739165,-1.0998085,0.8131742,-0.5466466,0.80944216,-0.6856774,0.62589747,-1.4329578,0.6375423,-1.7090853,0.4349234,-0.8413295,1.9177977,0.14054361
1683,-0.28555506,-0.5743433,-1.1908185,1.5259352,-0.6787514,-2.1985147,-0.70010126,0.1338318,0.33682132,0.78600705,0.49685377,-0.68356884,0.57696545,-0.3913958,-0.27761567,-1.8932033
1697,-0.074252084,-1.533046,-0.32465217,0.46298993,-0.5802592,-0.6334474,-0.85586035,-1.052803,0.19290978,-0.9848405,-1.3161554,0.35292292,0.045455232,-0.5365858,-0.4860835,0.7598438
303,-0.17004365,1.4707761,-0.34995696,-0.5752634,-0.5429789,0.96898866,-0.47461995,0.60253906,0.26910624,-1.3565025,0.60540056,0.5087127,1.6406189,1.420372,1.1480596,0.63101727
854,-0.46532464,-0.057008997,-0.12983704,-1.4119136,-1.3022367,-0.5794659,-0.27147338,-0.18279886,-0.86211973,-0.00058943033,1.2318993,-1.8567753,0.035758704,0.4807049,0.20023042,-0.34914973
1318,0.5604573,-1.4625553,-1.6994206,-0.19419976,0.43433365,-0.38540918,0.06598845,-0.18439475,0.7978963,-0.9275632,-0.3656138,1.1698406,0.8351106,-0.060693942,0.5361429,0.9548287
698,1.54757,-1.3907024,-0.64274716,-1.5292104,-0.062736705,-0.98257476,0.16250543,-0.21395653,-1.3166754,0.83691,1.1947143,-0.061876982,0.3489375,-0.39868355,0.7304909,0.28294623
1442,0.07157189,-0.6711296,0.3039852,1.0184462,-0.012305945,-0.7656757,0.24883303,-0.02846095,-2.226515,-1.2649441,0.021386325,-0.6142445,-1.6382067,0.62980926,-0.49606138,-0.94681
1324,1.1930304,-0.39239588,-1.0643536,-0.4860281,2.1141255,0.6182917,-0.7945851,-1.2752383,-1.5750369,1.6333544,-1.444214,0.6963913,1.0019194,1.2930527,1.7537318,0.5708039
1330,1.268435,-1.184122,1.658528,0.45983285,2.08612,0.09591634,0.36210772,0.8176309,0.5941921,2.1154177,-1.4362923,-0.20061538,0.8032397,-0.46445474,0.010732077,0.30229652
1456,-0.13450658,-1.9188211,2.5230968,-0.078041084,-0.21588436,-1.0731292,-0.031469554,0.6522339,0.38552994,-0.08481558,-1.3694688,1.1297691,1.0515231,1.5433395,-1.773197,-1.1108263
129,-0.91888446,0.7338696,1.6920514,-1.291876,-1.2184806,0.62379146,-1.5335681,-0.9081187,-0.765326,1.1005244,-0.9641465,-0.3159194,-1.5912633,-0.60900986,1.1048895,1.4094921
897,0.098244004,-1.2071829,-0.2887086,-1.8121213,0.438552,-0.87094164,1.7487918,-1.3289906,-0.33404863,1.7349263,0.03309712,-2.7574592,-1.0925776,-1.0011023,1.8328774,0.30837595
1481,-0.28705612,-1.7763565,0.5193664,0.34572476,-0.42035973,0.029377665,0.15320075,0.06803414,0.18941253,-0.9027087,-0.18543962,-0.9359064,0.6082798,-0.11309299,-0.9922946,0.47990224
115,1.2407409,1.166926,0.020813867,-0.50405806,1.9173702,0.8476989,-0.31228554,-1.4871987,0.55759263,0.80421567,2.9893568,0.39228034,0.2086224,0.99868685,0.10393551,-0.24645442
673,0.69478565,0.31372607,0.86967456,-1.2744433,1.056542,0.10639257,-1.7284647,-0.57310396,0.9007286,-0.988611,0.9148161,-1.9446514,2.055524,0.7167951,-1.1341593,0.9147545
667,1.4342589,-0.78625166,-1.891701,-0.47845834,-0.17055663,-1.0295215,1.2116381,0.4347544,-0.7288909,0.05935487,0.21574672,-0.09193114,0.35867116,1.828493,0.51279515,-0.5099776
101,1.2262809,-0.80930185,-0.5103806,-1.878082,-0.36070728,0.5753456,0.46464023,0.6268368,-3.0652907,-0.41914302,0.36734504,-1.106597,0.5713557,0.6197276,-0.015861243,-0.19081834
1495,-0.32677978,-0.083066106,-0.4252058,0.19171292,0.28179225,-1.7333088,0.96621776,-0.32672882,-0.50894326,0.42466646,0.58846116,0.4758598,0.48531651,-1.0253928,0.85848606,0.40583178
2003,0.32647473,1.1142027,-0.8560685,-0.4644313,-0.8239758,-0.52147865,0.68571866,-0.7336089,-0.7151662,-0.40024567,-0.86441326,0.77923775,-0.71483886,-0.95535344,-0.18349579,0.076618075
1278,-0.89805126,-0.98421913,0.4682658,0.2437315,0.3057872,0.7112044,1.3195403,1.2367727,-0.69674027,-0.90859747,-0.51748747,-0.38110298,-0.41302407,0.9277848,1.3895911,0.933365
934,-0.42599016,0.5141748,-1.2005215,-1.6939619,0.38935268,-1.1881046,-0.032962237,-0.22885877,1.6292253,0.09417206,0.4720398,0.014075488,0.9504116,-0.16338776,0.07404087,-2.2087913
2017,-0.73446155,-0.9898555,-0.4427692,0.12742078,0.29266492,0.36256742,-0.5599022,-0.04611197,-0.53771335,-1.4794676,0.2527721,-0.60284007,-0.49737635,0.19824246,0.06770375,-1.0941722
1536,0.7738738,-2.089653,0.8140268,0.42267612,1.6233381,-0.52964556,1.2886671,1.7670271,0.49196944,-1.2166345,-1.3708427,-2.0505116,-1.8317719,0.76559836,-1.3770384,0.41049424
1250,-0.90845233,2.6110475,0.3336484,2.3986087,1.0240684,1.8531437,-0.8149904,0.44943178,0.35006437,-0.6312454,0.63530445,0.15907547,-0.61068475,0.40005195,2.583859,0.580654
1244,0.6276536,-1.0523717,0.012959145,0.7599984,-0.042024016,-0.02295208,-0.79425037,-1.8454782,0.4371587,0.312107,-0.2822755,-0.82567847,-0.30832455,1.2125697,-1.1799767,1.3485924
908,0.97683954,-0.5789543,-0.32533783,-1.9552201,-1.3595126,0.8071989,1.2635167,0.37258166,0.12061134,-1.2370756,0.8474734,-1.1459438,0.74138737,-0.74656326,0.52224886,1.0588901
1522,-1.7764698,-1.8653014,-2.2358215,1.3345263,2.243254,-1.2645794,-0.28733933,-0.6623268,-0.34076577,2.5979214,0.14983836,-1.4724665,0.61858314,-0.27909267,-0.91010344,0.34197205
1293,0.34138972,-0.17267767,-1.5101635,1.3801051,0.8508848,0.5649223,-0.33011875,-1.3777089,0.4000849,0.38867304,0.2250357,0.33211574,-1.5516269,-0.113494635,-0.47452754,-0.97815317
707,2.0521069,1.0357169,1.1056689,0.45573726,-1.0510169,1.5290596,-0.84485316,0.5799513,-1.2056159,0.654063,-0.8907239,-0.47059527,0.4740553,0.094693996,0.19483115,0.113099635
713,0.69549346,-0.32906467,0.83063394,-1.576818,-0.28940395,0.688152,-0.821727,-1.1376015,1.2325958,-1.0861421,0.48122856,0.22853541,0.34904528,0.45579165,1.2846138,-0.09365043
1287,-0.15198994,0.51962584,-0.19672425,0.6272203,0.8684547,0.14732596,-0.17473426,-0.83965176,-1.1116757,0.5980724,-0.6274855,-0.14072421,0.0061517954,-0.4751377,1.7072488,0.14821434
1708,0.4374496,-0.09002392,2.1211112,0.9329455,-0.74209344,0.46068722,1.4515156,-1.2608439,-0.6823061,-0.3408362,0.6916394,0.68831664,0.66120905,1.647016,1.7455903,-1.2194064
288,-1.4413967,-0.98663497,-0.556157,-1.0931443,-0.5590347,-1.2232397,-0.17117512,0.23563099,1.5251634,1.3120246,-0.24398786,1.9026796,-0.87112635,0.8080533,-0.0016141087,-0.34047854
1052,2.2763877,0.5837685,-0.6499913,0.21913238,-0.23115972,0.25931525,-0.48612148,0.11738331,1.1441841,-2.6664968,-1.2524776,1.2728292,1.3651557,-0.2819726,-0.31492925,0.39228892
1734,0.13573448,-1.9232603,1.4997847,0.14391145,-0.038062878,-1.6245334,-0.42123336,-0.0876455,1.9893625,0.16405737,-1.0986062,0.09268916,-1.2062671,0.34982777,-1.3534551,0.63367414
1720,-0.47557494,-1.0579107,0.38918483,0.3508494,0.12726347,1.3346082,-0.047846794,1.2643859,-1.2685411,-0.7177845,0.82064503,1.0032916,0.74529725,-0.29723382,2.049854,-0.007129401
1046,-0.8203436,-0.6634658,-0.93474,-0.5178445,1.2184552,1.5487267,-0.20538554,-0.7383342,-0.34078223,0.020880401,-0.18755963,0.77102077,1.1980302,0.14652899,2.286231,0.6910564
1913,-0.19222757,0.8931461,-0.8189909,0.451564,0.20571175,0.85392165,0.05056092,-1.0962957,-0.02431586,-2.1478279,0.021327399,0.3995487,-0.09437707,-0.5346256,0.0987955,0.106809705
1907,1.5372603,0.4521563,0.44070154,1.6189176,-0.39868292,-1.1614037,0.053594917,1.0009581,1.8633187,0.52144945,-2.2491913,0.41815573,0.99349827,-0.9018544,-0.16343029,-0.45599288
1091,-1.3922228,-1.2113816,-0.78976244,-0.40247503,1.0199368,-0.024204373,-0.07347384,-1.6749047,-1.19192,0.9636821,0.55233085,0.018890113,0.32698745,0.6616122,-0.50242674,-0.009868175
1085,-1.1661451,-1.8964112,0.7419563,0.41959164,1.6263303,0.16866967,-0.40002722,0.6200335,-0.45164335,-0.6857877,0.25387883,0.5586097,0.38875985,-0.33412686,0.112130865,-0.7729768
529,0.047447816,-0.015931785,-0.13624156,-0.91610324,-1.2350444,0.53977317,-1.8419565,1.8026407,0.48001677,1.0942748,0.3340423,-0.7942461,2.1183956,0.6434802,0.31404102,1.4308565
1903,-0.21435238,0.4313537,0.6629158,1.1358795,-0.5325923,0.20036688,-0.23992041,2.0361452,1.3209231,-0.40103602,1.1635401,-0.6515471,0.23710328,-1.2202733,-0.6377423,1.2263558
1917,-1.98052,-0.047411814,0.54160327,0.44554457,-0.35612214,0.35298267,-0.77763855,1.1455653,0.29636383,-2.0083675,0.8951456,-0.016804993,1.3810961,-1.2118037,0.64503497,1.9623762
515,0.31070325,0.5543004,-2.3284044,0.43613663,-1.2672509,-1.5696272,0.61308765,0.69290537,-0.2818171,1.2528586,-0.00679034,-0.35695696,-0.14295104,0.17904261,0.2667331,-0.83155125
1081,0.4800853,-1.2162992,0.62533665,0.34008783,1.0908949,0.2869081,0.74702656,0.7690178,-1.3858333,-1.5716394,0.5245678,0.56115,-0.6460232,0.13443026,0.10317105,2.4573388
273,-1.1773252,1.6065493,0.5516639,0.78388834,-0.79505754,-0.9811746,-1.0742759,0.61618024,-0.3702075,-0.6421679,0.84910405,-0.2340815,-1.5294644,-0.42281827,0.43421263,1.196295
1095,0.6075487,1.148748,-0.1331532,0.76324093,0.960832,-1.7918184,-1.2607025,0.33341104,-0.12614581,-1.0916822,0.73549104,-0.3198861,-0.66381925,0.14487284,0.5701935,1.0248623
501,0.5094277,0.5345594,0.24180084,-0.6975999,-0.7801778,-0.4071591,1.1962814,-0.46340966,-0.50376344,0.7438413,-1.5365626,1.147727,0.88606834,1.1255139,0.24779165,0.5255725
1718,-1.3268249,-1.4276569,-0.30988246,0.04610105,-0.83098394,-2.512572,0.12651351,0.27177656,0.97867626,-0.15681839,-0.65523297,-0.7282258,-0.7447429,0.07625133,-0.5219096,1.5851871
298,-0.5806811,-0.9095358,0.0026596189,-0.76646584,-0.027291201,-1.4328144,-0.27275303,1.5154004,-0.23167576,0.37375247,0.51055783,1.0134337,0.5040628,0.63213587,0.11474794,0.8684273
1042,-1.4435124,-2.5232515,-1.1505718,0.111150056,1.2055002,0.34078193,0.7220596,0.31735343,-0.14669158,1.9456656,0.5477444,1.195189,0.45608705,0.50266623,0.52263665,-0.4543738
1724,-1.488581,-0.42552823,0.18825597,0.3234656,-1.2785347,2.821981,-0.18917401,-0.5712259,-1.6720575,1.4830261,0.8599517,0.61782914,1.3845564,-0.415461,0.4831009,1.2968783
1730,0.08636135,-2.0325184,0.1651355,0.93837065,-0.08862721,-0.020730376,-0.29957747,-1.185612,0.0704225,-0.5154002,-0.76348686,1.119755,0.044413075,0.5065714,-2.408017,0.49172014
1056,1.2158633,0.13725887,-0.4482187,0.5616621,-1.3064524,0.12015617,1.2856185,0.022261366,1.1693195,-1.8229915,-0.811697,-0.8007064,1.4329491,0.35651016,-0.35544622,1.5881155
1283,2.3356724,0.77208614,0.5446491,0.55044556,-0.5189907,0.3177613,0.29652283,-0.500709,0.86221457,-0.13084453,-2.312018,-0.13357444,1.0520339,0.093088575,0.44241142,0.01040411
717,-0.28945372,-0.82342434,0.57780635,-1.0688747,-0.5022469,0.6700623,-1.4320242,-0.76472735,-0.59770894,0.4881103,0.12309778,-0.8932248,1.1816386,-0.5532882,1.8504307,-0.29938233
703,0.4982431,-0.51978284,-0.9815903,-1.506158,0.014154613,-0.74690986,0.052126676,-0.22241007,1.4873722,-0.4878377,-0.09369724,0.76596963,-1.4389019,0.81901646,-0.81274736,-0.5402002
1297,-1.1365929,-1.1147735,-0.5928172,0.8285767,0.86309355,-0.7413039,-0.7437893,-0.24986744,-0.7881401,-0.5434295,1.1058302,0.30137184,0.38752013,-0.23746961,-2.691199,-0.24620658
2013,-0.57800996,1.3532251,-0.9317788,-1.7248479,-0.115273364,2.846469,0.79151595,-0.4729254,-1.6468395,1.0181808,-0.05733233,2.2687442,0.48168463,0.9197686,0.28514844,-0.059078425
924,-0.82018614,-0.74296016,-1.0485432,-0.70572335,0.4776436,0.5485704,0.18860793,1.4992169,0.118551806,-0.1772849,0.65048534,-0.18998984,-0.90279573,0.9259324,-1.3111432,0.7091734
1268,2.1115422,-1.9471138,-0.45373416,0.953514,-0.79096794,-0.43588915,-0.4276126,-0.80457956,0.5100224,-1.3586575,0.38949484,-0.27772546,0.4220748,-0.83129454,-0.596126,-0.23919182
2007,-0.81692016,0.8286809,2.0823922,-1.2591639,0.3109733,-0.8739737,0.5642916,-0.0870772,-0.30933812,1.1327726,0.17755988,0.4645318,0.59526527,-0.9929457,-0.5534067,0.10098177
1526,0.43347183,-0.33293647,-0.7177496,0.4397516,0.21500823,0.18202938,-0.86378706,-1.1316559,1.4974817,0.46779445,0.12228495,-1.158798,2.477058,0.4311502,1.0442091,-0.3053034
1240,0.8268204,-0.47474885,-1.3830228,-0.5136059,0.19588952,-0.4117636,-0.7931262,-0.70762247,-0.8427645,1.157571,1.015913,1.2975522,0.510528,-0.69310945,0.9984325,-0.024642363
1254,-0.70231235,1.3080012,0.64727604,0.615253,-0.3447787,0.56298137,2.247892,-0.12029737,0.45576477,0.0729295,0.16155654,-0.18559547,1.0323251,1.8541234,0.071812786,0.30893317
1532,1.4756494,-0.3579195,0.4572941,-0.005299479,2.000414,0.18627298,-2.2854652,1.0084542,0.13279782,0.81018156,-0.17520678,0.16405597,-1.1002989,0.02232492,2.5887675,1.5415461
887,-0.92355394,1.0878236,-0.6723952,-0.5911756,-0.8867162,-0.23079619,-1.9167296,1.6951947,1.28327,-1.6690607,1.8316097,-0.43301132,0.17651592,-0.4491331,1.1238343,1.3251061
893,0.14501673,0.89705294,0.21334583,-1.3912251,0.3351663,0.95426744,0.13604072,0.5989822,0.5606134,1.8296261,-1.708855,-1.325905,0.28562123,-0.39492038,0.949134,0.10407263
1491,0.25858372,0.23191914,-1.1237485,1.1909446,-0.3090755,0.57978517,0.32746723,-0.06351489,1.5957004,-0.08466928,0.86279136,-0.0015267432,-0.42934164,-0.65949214,-0.053813934,-1.6932147
105,-1.1557049,0.36207065,0.8875734,-1.3434681,0.13452762,0.8527569,1.2282157,0.50888795,0.4657621,-0.15380374,0.851938,0.032402784,0.12371349,0.41448689,-1.2709411,0.49398553
663,0.081721514,-0.1854738,1.234688,-1.4514588,0.676795,-0.7939384,0.7577873,-0.3292955,-0.1829415,0.07815415,-0.34181607,-0.2037697,1.0879529,-0.20537949,0.22860163,1.1794062
677,2.2240572,1.3394866,-1.4439658,-1.2988079,0.5824775,2.5787396,-2.0280054,1.7881973,1.1784008,-1.5655857,0.23564829,-0.13354945,0.05343558,1.1868062,0.061635226,0.40051782
111,-0.5115745,0.6012533,0.5790137,2.133217,-1.092798,-0.24222526,2.202642,0.035575848,-0.817022,1.8887248,0.16386116,-1.473631,0.6402322,0.88074976,2.4183664,-0.0537235
1485,-0.46644044,-1.5851296,0.23977938,1.5546478,-0.965283,1.1247766,-0.45950416,-1.8478005,-0.10039738,-0.80569315,-0.9170244,-0.46075952,1.2937603,-0.20530504,0.5394942,-0.8215727
1308,-0.21891949,-0.5166443,-0.768312,0.20590106,1.8588203,-0.65517753,0.19203205,-0.90742373,0.8719902,1.1511564,-0.13050137,-2.5363557,-1.7852958,-0.6048385,0.8244967,1.1523943
844,1.5223136,0.84302926,-0.14230207,-1.1816213,-2.0651681,0.3987084,0.24075408,-1.076508,-0.29094002,-0.75887066,-1.6115173,1.9130417,1.702566,0.27912694,0.96240723,-0.8253497
688,0.59836924,1.1427889,0.0474582,-1.20976,-1.8123246,0.3761223,-0.1158105,-0.5482169,-0.33321124,-1.0592443,0.31154555,-1.5596421,-0.20396462,-0.5106018,0.5726467,-0.34524408
10,0.51760256,0.19049358,2.1186733,-0.6220627,0.47579196,1.872874,-0.6265248,-0.0034922361,-1.5072829,-1.3023062,0.41031396,0.25217962,-0.68040216,0.56333375,1.7169228,1.4185629
850,-0.007963806,0.20223582,1.0551887,-0.7085049,-1.3713602,0.7361487,-1.494114,0.22968161,0.21368548,-1.9822159,0.14581625,0.3681191,2.3002625,0.79889244,0.3991239,0.23293346
1452,-0.3713247,-0.14300874,-0.41891778,0.6191304,0.24582897,-0.3396008,0.09900558,1.38441,-0.18990035,-0.3889076,1.9503841,-0.038403273,0.34260648,0.3732791,-0.030290335,-1.0178373
1334,-0.6991031,0.7635316,-1.3402846,0.74313545,0.63464576,-0.23422933,-0.60662425,0.45930082,0.09831154,-2.370919,-0.71571183,-0.4646359,1.4201872,-0.24646905,-1.0206825,-0.1284393
1320,1.8455288,0.22304526,-0.7838016,1.22426,-0.7671827,-0.42300493,-0.8545976,-0.67629856,1.9082164,-0.53667295,0.80685985,-0.5558939,0.7978424,-0.22187111,-0.74252635,-0.6651326
1446,0.18256938,-0.26437515,1.3642527,1.8118994,-0.06643151,-0.26645842,0.20252702,-0.24383785,-1.7350693,0.205118,-0.08927322,0.21721967,-1.1788987,0.3086199,-0.804763,-0.6801868
1877,-0.11547749,-2.0848196,-0.29011327,0.53303146,1.6324686,0.42081368,1.2967429,1.2196331,-0.31742752,0.08503963,0.96821296,-0.21523707,0.18978341,-0.69573224,-1.1521492,0.7603828
1863,-0.97638285,0.32660973,0.43987066,0.3695444,0.75792927,-0.7096041,-1.8678579,0.8443498,0.26254544,-0.48790532,0.30659217,0.46456182,-0.74209034,-0.6145016,0.23983431,0.81764466
449,-0.4339539,1.3046252,0.84428644,-0.067605555,-1.5635194,-0.23560321,0.5092612,0.7564167,-0.31283444,0.42582405,-1.3718005,-0.30110428,-0.8980501,-1.2182268,0.72101295,0.91263354
461,-0.2254563,0.084985495,-0.7930809,-0.36315635,0.34205872,0.18232608,-1.5327178,-0.47251058,0.8241321,0.6026441,1.249029,-0.3760581,0.45706818,-0.72567046,-0.6061094,-1.2832155
307,-1.7962133,1.217166,0.48606718,0.19358496,-1.4630165,0.8301871,-1.9160916,0.55086815,0.19005942,-0.74193734,0.34826383,-1.3472542,0.23407632,0.43943053,0.18259266,-0.66868174
1693,0.3420035,-0.6815275,0.86589766,0.73484427,-1.3304052,0.82162297,0.38894525,-0.053056687,1.3643029,0.0053725243,1.2141093,-1.358345,0.2564559,-1.2993217,-0.34697726,1.3650732
1687,0.8456507,-0.7094645,0.027939767,0.16891448,2.334084,-1.1628397,-1.3911034,1.6835783,0.8795295,-1.4243886,-1.9702777,0.035367697,0.22589812,-0.18932015,0.28550637,0.1577555
313,0.0986533,-1.3172494,0.16237226,-0.56716,-0.2635222,-1.1514643,0.085178256,1.0762829,1.6166104,-0.0132038,0.29436252,0.18984544,-1.0000273,1.2465289,-0.9277972,-1.5900786
475,-1.0389686,-0.44797856,0.6678711,-2.231208,1.5050244,0.8263488,1.4672055,0.17359072,0.33691752,-1.3259801,-1.0003848,-0.9020625,0.6292272,-1.455947,1.9397478,-0.8048165
1678,-1.1541615,0.9436393,0.8821553,0.6071142,0.37007147,0.18543378,-0.559028,-1.9729524,-1.1811826,-0.7932186,0.7302717,1.4356635,0.43508518,0.34096178,0.7349097,-0.9389628
1136,-2.4269886,-0.8665416,-0.18195613,2.5150816,-1.813964,1.3328218,-0.1454575,-0.14741404,0.02241762,0.3747103,-1.5805335,-0.23082829,-0.6947088,0.8060865,-0.53715736,0.23632322
1650,0.09932628,-1.2934676,0.19910303,0.40049532,-0.5333043,1.6896552,-0.044296935,0.94128567,1.4947178,-0.25963476,-0.89827394,0.1843455,-0.38159615,-2.9024167,1.4565367,0.3921736
1888,-0.8812362,-1.5557694,1.6605852,0.026542783,-1.0753028,-0.66685617,0.84502804,-1.7667937,-2.3749614,-1.4456433,1.7497106,0.2858975,1.6399498,1.7801697,0.34192708,-0.85280466
1644,0.03289631,-1.0930154,1.8527577,0.54839647,-0.43561256,0.6332283,1.0282109,0.8504367,0.8924955,0.6333515,0.7176552,-0.43181974,0.24502248,-0.48140514,0.21545579,0.5791023
1122,0.7149467,0.45187062,-0.954079,1.4316324,-0.20756829,-0.12107346,-0.5558323,0.17177457,0.841688,-1.081567,-1.1116638,-1.2039673,0.72859025,-0.80874527,1.5547172,0.38287744
1645,1.3432674,-1.1328597,1.2245792,-0.10981712,1.8093826,0.6869106,0.324184,-2.465396,-1.2683731,-0.2877995,-0.88943404,-0.67323357,-0.17118083,0.14130616,-1.1332893,-0.0813458
1123,0.26298562,0.7337323,0.3719575,0.59868526,-0.10256852,0.47050205,-1.436268,0.6094294,-2.0905113,-0.3812673,-0.51647425,0.204541,0.30262586,-1.4418789,0.70299166,-1.0899836
1137,0.6684302,2.1287978,-0.5683085,0.58585364,-0.3194096,0.26069936,1.2764214,-0.10304937,-1.7299381,0.33109927,0.9046638,0.07044329,1.1883253,-0.7687941,-1.5446413,0.27675778
1889,2.0512533,0.83620286,-1.4068404,1.1307193,-0.7174709,0.06820545,0.26836467,0.031642526,1.7931178,-1.1680492,-0.95190644,0.013677418,1.119843,0.26155818,-0.35734946,-2.3735948
1651,-0.86888206,0.10687663,0.9232745,0.045045257,0.25521302,1.3493395,0.91603726,0.26348954,0.6091113,-0.6652484,0.06300533,0.48919708,0.83349866,-1.0744554,0.71631694,-0.6170164
1679,-1.3864539,-0.9516992,0.05964601,1.3148599,-0.05055715,-0.6453403,-2.830278,0.7751939,1.6713979,-1.7764429,-0.36208794,0.5079888,0.2932765,-0.026702642,-0.004072273,0.5050694
312,0.86160964,1.3051933,1.4563164,-0.20633653,0.4180435,-0.41386163,0.18728432,0.6980535,-0.33131415,0.9913597,0.6898189,0.3456583,-0.55321753,-0.5369786,-0.4777186,0.43875057
1686,1.2808493,-1.0889906,-1.9273069,-0.4994372,0.4056069,-1.6532729,0.33076054,-0.31423658,-1.3026334,-1.321353,-0.035467952,-0.6375532,1.2089231,-0.9979607,-1.0820167,-0.0073399544
460,0.8089273,0.7924611,-0.0034615397,-1.3995329,-0.044339906,-0.79900295,1.5167084,-0.5697823,0.0463652,-0.06618261,0.17009401,0.7416966,0.43668765,0.45855236,-0.96216047,1.711058
1692,-1.1162748,-0.29784507,-1.1595615,0.6534817,-1.1018307,0.6103385,0.6743754,-0.3300122,-0.063583985,-0.48370767,0.17880952,-1.1039388,-0.4955325,-1.3760952,0.27318877,0.99503314
306,-0.6908407,0.8136151,-1.3679059,-0.12287134,-0.63416696,-0.6259819,1.365866,2.4140768,-0.092961416,0.30759072,1.1011125,-1.7096964,-2.0661478,-0.6441164,-0.2484391,0.619275
1862,-1.5240972,-1.1941369,-0.3237075,0.7904238,-0.1698717,0.56033534,-0.37036836,-0.9071311,0.93619835,0.6716715,0.22257617,-0.9905696,-1.2162297,1.1047299,-2.6141522,-1.0930736
448,-0.85346985,-0.6769191,0.56528795,-1.467742,0.8725279,0.77585065,1.8788278,-0.30633867,0.42603567,0.35451838,0.6964077,-0.38369918,-1.0937574,0.07741365,-0.52453816,-1.5513923
1876,-0.8345928,-2.035174,0.8051928,0.47265583,0.4391678,-0.9102061,-0.5133573,-0.44160688,0.8661482,0.40822643,0.49089056,1.6741235,-0.30739042,-0.48782608,-0.043812633,-0.51371753
1321,-0.6712543,-1.1225884,1.1406128,1.56288,0.20958197,1.4003485,0.19341487,-1.1006742,1.881127,-0.042895198,-0.7137342,1.3875039,0.5262736,1.2275068,0.7910847,0.15586773
1447,-1.0619788,-1.720485,-0.4882421,0.39171126,0.48344696,0.04450625,-0.97787815,-1.0904245,-0.68657863,-0.6275854,0.8324655,0.7863247,0.52345186,-0.55215055,0.4337106,-0.03950606
1453,-0.57246864,-1.3090892,-1.3440098,-0.50522053,-0.02862329,-0.8553642,0.8375222,-0.43850735,0.11139093,1.1462641,0.19495592,-0.06315359,0.30830497,-1.3422415,-0.49715656,-0.49397802
879,2.7848012,0.20358224,-0.81194913,-1.5790815,-0.040612888,-0.1500439,1.0398946,-1.4228389,0.47537965,1.8262695,-0.63547105,1.0538826,-0.62908715,1.2161003,-0.6689486,2.808284
39,0.21260801,1.5292872,-0.5967585,-1.1242862,0.81077987,0.46114215,0.74173373,-1.6519461,-0.59331596,0.20054851,2.4775238,0.4129218,0.5794925,-1.020788,0.018794984,-0.7032284
1335,2.4396203,-2.1228383,-0.653128,0.6328975,1.3028216,0.23657009,0.5517463,0.36170316,0.8406957,-1.0787123,0.7566693,1.0156513,-0.86559117,-1.2151392,0.46383375,0.33095592
851,-1.5103205,1.2117634,-1.6527268,-1.5119097,0.16173333,-0.1289746,0.6529418,0.58063084,0.06523817,0.883264,-0.60758054,0.37928003,-1.5644362,-0.6649427,0.4277888,-0.7730984
689,0.4559259,0.28234708,2.0041535,-1.078744,-0.45798463,1.0036247,0.3654312,-0.025929987,-0.57819694,-0.9805235,0.07758367,1.2664405,-2.213231,-1.6665366,-3.1614056,-1.4530593
845,1.711837,0.6066289,0.321094,-0.7367647,-1.4503403,-0.71598357,-0.33393905,-0.06377572,-1.0702937,0.36720622,-1.1109183,-1.0446594,-0.31349754,-0.14614275,0.70339215,1.70728
1309,1.532471,0.85358787,1.9592507,0.12750152,1.7223958,-1.0269691,-0.28578272,-0.49189472,0.6918877,-1.3017379,-1.3025352,-1.226325,1.7029858,-1.6228348,-1.3502481,-0.47647738
676,0.9529848,1.1756198,-1.1993217,-0.99605644,-0.042337745,0.51482475,-2.560463,0.4472215,0.29354286,0.6939373,0.5978049,-0.5365841,-0.80926687,1.4314253,0.20951873,0.5017791
1484,0.6881868,-0.58677065,0.89591354,0.29662186,-0.3634593,-1.2057161,-0.35044205,-2.551062,-0.79727554,1.002361,0.10015106,1.0481064,0.19040847,-0.90528286,1.7823515,-1.2949262
110,-0.16575956,0.83475864,1.0201269,-1.5264083,-0.6544834,0.7824357,-0.17027666,0.08610675,1.6165216,1.1516454,3.242313,1.0151464,1.374078,0.0047187507,-0.6677718,-0.101921245
104,0.87044334,1.0984938,0.42422926,-1.610133,-0.4539261,-0.07825321,1.1027153,-0.72239465,1.027997,0.23733824,0.18211317,0.6199556,0.051889956,0.28460926,0.6530873,-1.3351172
1490,-1.7393568,-0.68814856,-0.009551048,0.72679484,-0.44554365,1.1441529,0.29778588,0.48124802,-0.2527169,-0.73088086,0.20165806,0.022378042,-0.6215783,0.57291794,0.22361928,1.391633
662,0.7925246,0.29815194,0.58364326,-1.2122955,-0.9121126,0.1820381,-0.96496946,2.8474956,-0.787482,-0.36329606,0.087611765,-1.1858389,-0.5878873,1.0812604,1.0135273,-1.5687484
892,0.16517532,2.8102787,-2.1175115,0.671589,0.053922966,1.6061945,0.90972286,-0.4879973,-1.1722147,0.24344414,-0.27361122,-0.55484617,1.1405001,-1.1003107,-0.3240261,-0.37113988
138,-0.05704701,-0.24607807,0.98002857,-1.0401546,-1.2838244,0.79140526,-0.9139679,0.0720232,-0.9816833,-0.7931228,0.07749078,1.5445881,-0.021860242,0.97126865,1.2472897,-0.009208798
886,0.17234276,1.7622138,-0.8629022,-0.79281026,-1.0915067,0.8625412,0.16728112,-0.8004631,0.8534825,-0.08634512,-0.5674441,-0.5550679,-2.5330257,-0.4586832,-0.44861877,0.7163014
1255,-1.4740427,0.37803185,0.9759078,-0.15452977,0.34016466,-0.80233115,0.45225877,-0.80559456,-1.4252448,-0.6860918,0.39377528,0.2511598,0.063844115,0.19915456,-1.257565,-0.77948374
1533,0.010677487,-0.7878723,-2.4145384,0.29892093,1.229006,-0.8531514,0.9676369,3.0685678,0.92152274,-1.401022,-0.6709093,1.3004571,1.109887,1.6119182,0.36891142,-1.2654824
1527,0.90972453,-1.7253325,0.6083102,0.9042443,0.41735196,0.053754926,2.6176198,-0.5728744,1.8985038,0.014291108,-0.6326586,0.5026316,-1.8193829,-0.5754915,2.4362493,-0.29359058
1241,-0.84081495,-1.5378134,-0.9809381,0.18269925,0.05839303,0.104484856,0.22099233,1.8931711,-0.49493587,0.49758255,0.6909964,0.7223226,0.64583355,0.7646706,-1.0112334,-1.5055218
1269,1.1190786,-0.7733864,-1.6738825,0.2694439,-0.44221976,-1.2834761,-1.1703663,-0.10146958,-0.5928672,0.21141197,0.11534423,0.10919329,1.3980527,0.68035805,-1.3685975,-0.48338526
925,0.9988108,0.78234917,1.6522505,-1.3907552,-2.1478186,1.2604792,1.2886934,1.369999,-0.25149107,-0.9733465,-0.2988887,-2.0128746,1.2946886,0.19949906,1.2123913,-0.4413502
2006,0.8606869,-0.3969671,-0.11720338,-0.666667,-0.44757813,0.8727024,1.0837753,0.7590219,-1.3302087,-0.21007586,-0.41380003,-0.42960668,-0.83690166,-0.76915693,-0.5654853,0.77167857
2012,0.90189904,0.88333935,0.22223979,-0.54207706,-1.090362,0.8475131,0.15520698,-0.8026244,-0.58087796,0.17641565,-0.09736705,0.40136567,0.2766369,-0.5985918,0.46923614,0.020275086
931,-0.08577449,1.8625355,-1.1309009,-0.7553758,1.2791556,-0.54406375,-0.22563809,-0.3601749,1.4400499,-1.4756068,-0.22389701,0.046606198,0.40467286,2.2813516,-0.3294521,-0.31004387
1296,1.0238099,0.47978145,0.09690377,0.91295725,-0.1131997,-0.48091346,0.07115359,0.923394,0.67201066,0.97857994,1.2027829,0.3020045,0.03207943,-0.49578017,0.09133458,0.61853564
702,0.4499307,2.1701865,1.1321102,-0.95719695,1.6040537,0.9087858,0.109570086,0.7992759,0.42205045,1.4620589,-0.8445627,-2.2083817,0.7710246,0.55119514,0.0984177,-0.7069161
1282,-0.28692096,1.1327293,-0.04998213,1.9219881,0.8193208,1.0295786,-0.79298186,0.848323,1.1945856,0.23280464,0.17761678,0.77022594,-1.3144046,0.67529356,1.015048,-0.7012563
1731,-0.78948534,0.40484518,-0.29228058,1.0366797,-0.66915476,0.4094704,-0.49473223,-0.8019336,1.1800708,-1.2183931,0.88840294,0.47119886,-1.2108315,-1.8959697,2.7856042,2.013503
1057,-0.39051753,-1.2011878,0.37750077,0.1707336,-0.05534725,0.99299437,-0.6089888,-1.8503658,1.6792569,-0.6751046,-0.32193753,-0.9720426,1.5835136,0.14481252,-0.7711046,-0.68900555
1043,-2.0403533,-0.0961507,-0.8283405,0.093205735,1.4884163,0.30393058,0.9214778,-0.9163398,0.07323313,0.076419294,0.4550832,0.1714401,-1.1212289,0.38100314,0.100219965,0.18657947
1725,1.7317169,-2.3722315,0.48479682,0.9083559,-0.58372444,-0.4322148,1.0718966,1.4241397,0.9135005,0.6266522,-0.17781107,0.6068711,-0.87813735,0.15764368,-0.9053375,1.8771186
299,-1.0112307,-1.432449,-0.7168233,-0.64591503,-0.6418663,0.71708536,0.0040858686,1.3697579,1.2285445,-0.44467896,0.42799455,0.8036734,0.23001409,0.13717735,0.44243765,-1.2489871
1719,2.6483326,-0.12817681,-0.68821764,1.8135599,-1.6222854,1.9812222,-1.2982614,-0.8542996,-0.98902285,-0.6116791,-1.0579274,-0.38604861,-0.64818245,-0.62183046,0.8996301,-0.56509906
266,1.2764438,-0.39002842,0.7298014,-0.66250026,-0.34983563,-0.10177213,0.12172234,1.3298357,0.9461994,0.027891427,0.5226032,1.0888009,0.45166492,0.8108176,0.8142386,-0.43319774
500,0.5242831,1.5394065,-1.036427,-1.8078223,1.6450396,-1.1437441,-0.20834166,-1.1430031,0.17938286,-0.29896814,-1.1041396,0.04297647,1.153528,1.1573503,0.47076586,-0.045497827
1094,-0.6513001,-1.1398735,-1.867003,0.63924074,4.230994,-0.12521087,0.2118594,0.15615413,-0.16220519,-1.6157678,-1.6494905,0.065942824,-1.1670806,-0.06954424,1.2618672,2.0983105
1080,0.09622517,-1.5435385,-0.32694116,-0.5377523,2.0337691,0.0018054284,-2.6689715,-0.3055966,0.6684575,-0.5723979,-0.47220016,-1.7415646,1.4641352,0.64930546,0.39303535,0.30124903
514,0.11016929,-0.75854146,0.13731533,-1.218701,-0.4299803,1.2926757,-1.8088853,1.4967705,0.6649209,0.5007983,-0.26948664,0.24194077,-0.38085902,-1.895545,-0.47818506,-0.49076885
272,-1.9981211,0.21322057,0.28561804,-0.87230456,0.23391716,0.42871818,0.91703975,1.1623485,0.92979085,0.44499645,-0.38710183,-2.5341794,-1.9028027,-2.9815068,1.0398693,-1.192986
1916,0.7061409,0.061341673,0.10972918,0.590302,0.4134377,0.58583033,-1.979574,0.061189055,1.2274412,-1.1988198,-0.06505823,-1.3325608,0.29734415,1.355875,-0.3502354,1.4729393
1902,0.048632696,0.36595437,-0.004970491,1.8212881,-0.008924052,-0.12095368,-1.660689,0.020534232,1.4753356,-0.6111629,0.15580195,-0.13458651,1.2395414,0.43937156,-0.11455077,0.4726643
258,0.46914023,-0.8925174,1.8022537,-1.2820784,0.032430418,0.06680316,-1.2302899,-0.111058414,-1.8931131,0.38912892,1.6627512,-0.33134866,0.87838924,1.0594006,-1.0554408,0.8644453
1914,0.42324197,0.7923521,0.8889334,1.0036572,0.0324179,-0.43311957,0.16468641,1.6484034,1.796786,-0.58106124,-1.2143407,-0.7833994,1.573035,-2.355548,-1.0931883,0.13234994
1900,1.2466574,0.2483459,-0.49569267,1.1024452,0.354157,0.8697133,1.3020787,-1.0431353,1.2496786,0.3682711,-0.41189042,-0.99257445,1.2873585,-1.7193632,0.6598153,1.3433856
1096,-0.58429897,-1.8163095,-0.08387005,-0.17590751,-0.25241187,-0.5105897,-1.3516024,-0.9379158,-0.9652971,-1.2077885,0.014217794,0.61222243,-1.345133,1.5862892,-1.2792637,1.0055076
502,0.49396086,0.653249,0.43984348,-1.2402558,0.45042345,-1.1468601,0.04194776,0.034445792,0.050620716,-1.0657752,0.30595416,0.8452931,0.7007356,-0.15517792,0.9108364,-0.02501072
264,0.46766248,-0.3455242,0.04458013,-0.32571125,0.47512022,-0.8284053,0.46820647,0.8587538,-1.3765286,-0.252398,-0.54846704,-0.63093495,0.670523,0.3518967,1.3306172,0.70412314
1928,-1.0105596,-0.3753736,-0.17007568,1.374106,-0.13208857,-1.989279,-0.99985445,0.46291155,1.3554069,-0.95539176,-0.9056108,-0.37051693,0.610284,-0.2517221,0.32590318,-1.5888395
270,1.0882425,0.47673735,-2.3121681,-0.15511711,0.37921777,0.09660363,0.68787736,1.7906826,-0.42746583,0.8758781,1.4562047,-1.1048291,-2.5989194,-0.51777047,0.09007673,-0.8489918
1082,0.67690766,-0.3468784,-0.9838745,0.45793194,1.8865054,0.23345724,0.2268458,-1.0908928,-0.05332262,-2.2254338,-0.3890158,-2.4901588,-2.1061542,-0.19019836,0.34623238,-0.07672423
1069,0.8038511,1.41117,1.7509758,2.35233,2.1628406,1.8387418,-0.007090062,0.4867018,0.10711175,-0.6503109,3.7293246,0.57789916,0.196168,2.2011137,2.073641,0.7700933
1055,1.7903401,-0.4000887,-0.74240065,1.2587739,-0.16611528,0.3932652,-0.37529483,0.19878042,1.9697936,0.82774556,1.5621948,0.16450644,1.4471632,1.2122116,-1.9416312,-1.4763372
1733,-0.08110346,1.1612931,0.72546834,1.2654207,-1.062208,0.7923205,0.9599993,0.34437197,-0.6325931,-1.7027745,-1.404769,0.6244206,-1.0026754,-0.7152451,0.1933288,1.4272367
1727,-0.39912578,-1.017708,0.8868797,0.096765414,0.36397544,-1.2500824,-0.5638982,0.95869577,0.94969577,-1.592477,0.68083316,0.42825797,-0.029505018,0.23959482,0.042554617,0.09920944
1041,-1.5715914,-1.912465,0.6416981,0.2406856,1.3645821,-0.5955486,-0.16070397,-0.39260462,-0.2794817,-0.016526014,1.0121552,-0.43921933,-0.11773349,-0.18303394,0.28601223,-1.1191322
728,0.08761524,1.6902313,-0.0090186,-1.3038971,-0.34839612,-0.6721852,-1.8363628,0.48214343,-0.36045897,-0.48598886,1.3510783,0.9702069,-0.41701418,-0.42125654,-0.48099837,-0.43915385
700,-0.74770486,-0.24561526,-0.32228115,-1.0786021,-0.0449227,0.53266096,0.77989006,0.50034535,-1.9151856,-0.24660102,-0.8881987,0.027580678,-1.0905579,-0.80849147,-2.3162515,1.4354273
1294,1.3002958,-1.0454173,-1.2944751,1.5206561,0.27016804,1.0383055,-0.26547635,-0.73749036,0.91980445,-0.32908514,0.6008887,0.109890275,0.4719073,-0.33539405,0.3841346,0.61522907
1280,0.06166321,-0.7633148,-1.0847763,0.031446155,1.5617185,1.6672564,-0.6093971,-0.36783448,-1.4210511,0.8069455,1.0272624,-1.3754703,0.539235,0.94613516,1.2858822,0.5603016
714,-0.99450886,0.68885124,-0.16292986,-2.3519986,0.11292952,-1.0424639,0.048542827,0.2885036,-0.71500665,-0.7584541,0.07725851,-0.3156437,0.5049023,1.9561707,0.075024724,1.1675181
2004,-0.7133527,0.44544172,-2.0196962,-0.735588,-0.6926582,0.68882394,0.3083671,0.68913734,-0.387934,-0.28087997,-0.8582403,-0.058476135,1.4269066,1.6660655,-0.91189766,-0.8546481
1519,0.22868113,-0.9505308,-0.9813707,0.85491717,2.5433497,-1.410835,0.17368388,1.24483,0.2749151,0.9011231,-0.3029533,-0.15466002,2.0114813,-0.059001744,-1.2811458,0.3470367
2010,0.035381332,-0.7816709,0.07050675,0.41150403,-1.138922,1.8814921,0.9012215,3.9730058,0.14508446,-1.3257664,-0.70752656,-1.1400328,0.06663416,-0.2653746,1.1136087,0.17147309
1531,1.1903917,-2.006197,-0.77404666,0.49334157,1.0140187,0.7171492,1.2561839,-0.14869833,1.0762572,0.17443919,-0.5664156,-0.8594537,-1.9377615,-1.6323342,-0.9501191,-0.43198606
2038,1.2431394,-0.0024936795,1.6025364,-1.2823398,-0.4012946,-0.2866432,0.009888418,-1.0757844,0.45101178,0.36082438,-0.07378792,0.18188104,-0.46078336,-0.25631344,0.008183539,-1.0268757
1257,0.89822876,-1.0437266,-0.9589453,2.0493052,-0.07397772,1.5572548,0.5529126,-2.1460924,0.17024906,-0.076525345,0.5554259,-1.0560052,-1.8712506,-1.1701034,-1.6534197,-0.22540006
1243,0.28687036,-0.42119616,-0.15675092,1.6955049,0.36641616,-0.051601827,0.14739999,-0.38510668,1.1770273,0.02613914,-0.48499978,0.052290976,0.8095563,-0.11827877,-0.57504046,-1.4659716
1525,-0.5538014,-0.6910986,1.6009909,0.499978,0.04088798,1.3901196,0.37436324,0.11437367,1.2381266,-0.4385787,-0.06804609,-0.17665601,-0.79334223,0.94314635,-0.78439146,-0.04997492
890,0.060346007,-0.11499274,1.086484,-0.54058903,-1.4288013,0.06945913,-0.19769335,0.18639407,0.2896963,-0.16427553,-1.0472355,2.0131514,-0.28868866,0.116068274,0.2567532,0.15541792
648,0.99860907,0.630762,-0.051896155,-1.7794024,-0.68841517,0.21890712,-0.5971752,1.8745037,-0.7159424,-1.1045046,-0.18306711,-1.5616503,-0.4755667,0.9178287,1.464195,-0.68047947
884,1.2813846,0.24039137,-0.2098059,-1.2469984,0.47122642,-0.9211409,0.48859358,1.5825968,-0.07590738,1.2621996,-0.4499717,1.200826,-0.49990213,1.445682,0.2256284,-0.40514928
112,-0.26253766,2.1595175,0.4005535,-0.6830747,0.77970284,-0.97037566,-0.13804525,-0.8580007,0.25487685,0.28687888,1.5875229,-0.6837288,-0.31546932,0.07019952,-0.61907065,1.021921
1486,-1.6276454,-1.0118902,-0.89181775,-0.06286815,-0.13386486,0.9175422,0.5529871,0.4755552,-0.5095427,-0.18157783,-0.97742975,-0.27177212,1.1702322,1.3225213,-0.063047886,1.3408648
674,-0.06216377,-0.08685902,-0.8789761,-1.7081633,-0.62981236,-0.16087842,-0.29904395,1.208289,-0.95078605,-0.34027812,0.48071378,-1.253854,-0.72495496,-0.2992066,0.58972174,1.342121
660,-0.15498252,0.73302054,0.7244648,-0.54940015,-1.4301596,-1.2106802,0.25817996,-0.19874966,-0.76951796,0.36255872,-0.8514564,0.105743855,1.4067191,-0.30628616,-1.2441568,0.29255652
1492,0.89602304,-1.2875848,-1.3721266,-0.7339924,-0.41846237,-1.9760748,1.6736294,-0.18042566,-1.1970543,-0.7032649,0.0770731,1.5418323,2.232642,0.00730817,-0.20201217,-0.799213
106,-0.7274567,0.79555696,0.6905687,-2.0553524,-0.22335579,-0.7903131,-1.0780952,1.1779064,-0.90567964,-0.9645901,0.05672297,-0.51292825,1.1864437,-0.46703887,1.9152937,-0.8423077
1479,0.516119,0.49857894,-0.22168547,0.39629984,0.16859958,-1.0434031,-0.31830767,-0.41497347,-0.47542346,-0.39672276,0.51794434,-0.3624263,0.26519224,1.524446,2.2474322,-0.5825654
13,-0.20523134,-0.42761672,-1.4989516,-1.2501615,-0.7752265,-0.5075597,-1.6054274,-0.21718533,-0.4228475,0.08753461,2.0623648,0.22168678,1.3966987,0.8449677,0.132203,0.21032508
1445,-2.122017,-0.605264,-0.1658862,1.4345416,-0.39162293,-0.36984763,-0.8940039,-0.44530323,1.21023,0.8775226,0.25297496,-0.50974464,0.12296662,1.0523429,0.6080983,1.9086714
1323,-0.55624,-1.961873,-0.27799863,1.019395,-0.027336061,-0.02036686,0.7034956,1.6381767,0.7920879,0.14243263,-1.2239518,-0.7668469,-0.33170933,-0.861477,-1.7578697,1.6107082
1337,0.14785919,0.25892863,-1.551483,0.051514015,1.3580995,1.8112564,-2.7268703,0.24368554,-0.7589364,0.34410042,-1.0527328,-1.8432454,0.27543083,0.090929784,0.7492378,-2.0782788
1451,-0.41986248,-0.70906603,-0.21275476,0.32117116,-0.17433901,-0.47397986,1.2430753,-0.05577132,-0.36407575,-0.36452034,0.8352502,-0.57641596,-1.221806,0.037751287,-0.15521239,0.9550538
1860,-0.5652748,-0.4156791,-1.2523654,0.25269562,-1.365033,0.5460284,0.19687648,-0.30734003,-0.26440057,-0.36738405,0.0050950795,0.295918,1.281649,0.75956357,-1.9597886,0.8683981
1874,1.0344083,0.060144067,-2.529796,1.102004,-0.22476041,-0.055164978,0.063739866,1.190927,1.3162601,-2.434778,0.94230753,1.1717949,1.34079,-0.37673017,-0.87762696,0.5688144
338,2.0860012,-0.18616226,-1.6644571,-1.1630492,-0.43514302,1.0823104,0.14542368,-0.24740314,-0.16228634,0.40722623,-0.288427,-0.11869848,-0.66497576,-0.72164917,-1.8694873,-0.4238373
1684,-0.2904843,-0.2009226,-1.9053385,1.8982528,-0.22128421,-0.079895735,-1.1797899,-0.70980155,-0.22736475,-0.6206884,1.4793606,-0.47071767,-0.3054721,-0.8091968,1.4274316,-0.47843534
310,-0.391849,-1.7626505,-1.8153741,-0.908416,-0.025033116,-0.45310116,-1.3415946,-0.6024512,-1.1792843,0.41720307,1.6466997,-1.3713971,0.5797126,0.7203641,-1.11952,-0.892734
1848,-0.46581566,0.23677567,0.33923894,0.9202778,-0.524966,0.13339919,0.4939476,0.079557925,2.3524997,-1.2325764,0.5597848,-0.14770836,1.2430956,1.1765938,0.91298985,-2.1340818
304,-0.8073116,0.7609246,-1.2044423,-0.07557307,0.4383616,-1.0731529,-0.04168111,0.8576611,-1.7720586,-0.20580858,0.45627066,0.30227137,-0.28568393,-0.32309276,0.62311864,-0.22684965
1690,-0.46282542,0.4047341,0.04191813,0.4210461,-0.3333139,0.30642653,0.4699214,-0.22174764,-0.6281548,-0.62480986,-0.14869592,-0.5221553,-1.9025296,-0.47813216,1.4738405,-0.70978725
462,-0.57775384,0.86419046,0.9048362,-2.287566,-0.5798737,1.3596723,2.1342595,-1.2958839,-0.41422924,-0.30294064,-1.056236,1.6829641,0.6041804,-0.819134,0.7194812,-1.0581121
489,-0.65420437,-0.08193612,0.75117546,-1.2361333,-0.82140744,1.011479,-0.2176207,-0.1657822,-0.4752193,-0.046925068,0.63872445,-0.79001725,0.8179372,0.5517098,-0.9593878,0.16264479
1109,0.21016507,-1.0136217,0.27239484,0.8030287,-1.5121096,-0.11978662,-0.39395228,-0.55512726,-1.5366223,-0.8336021,-1.1720371,1.7589788,-0.10622154,-0.2325953,-1.0756128,-1.0388423
1121,0.5771228,-1.0170678,-1.6372162,0.2571596,-1.3295833,-1.1107377,-1.0569663,-1.360928,-0.7198407,-1.7185426,-1.5609782,0.08652073,0.42417097,0.5590352,0.90302,1.2578144
1647,0.5889797,-0.34360218,-0.22538649,-0.012907743,1.463368,-0.45701748,0.07333797,0.55586463,-0.3369852,-0.28533903,0.252101,0.065588,0.54651076,1.1326435,1.3292484,-0.57363343
1653,-1.205352,-0.8172137,-0.67801106,1.1434739,0.50983196,0.41404927,1.3732945,2.7312737,-0.07292819,0.7154385,-1.0672886,0.17812356,-1.1088965,-0.32207403,-1.4861126,-1.0634079
1135,0.90939236,-1.0626392,1.0312486,0.28332826,-2.1627667,-0.99216163,-0.3778831,-0.03872806,0.08732097,1.0029296,-0.8732806,-0.43166265,-1.0656315,0.015820086,-1.4945732,-0.8422518
1652,-0.42039993,-0.027928814,-0.46873268,0.27897793,0.36210388,-0.38803014,0.6714952,1.4122484,0.9305085,0.31293064,-1.1600957,-0.12196105,1.3110788,-1.1989332,0.7275368,-1.4491851
1134,1.0260546,-2.048877,-1.5592886,-1.0710646,-1.2785572,0.7258499,-2.1072063,0.5337369,-0.8707576,0.6065526,0.097306244,2.2829046,1.5523973,-0.38883334,0.54780006,0.026175141
1120,-1.0539032,0.8021407,-1.0723467,0.9287916,-1.28912,-1.2611728,0.23233303,0.83093834,0.5577211,0.69877493,-0.93716455,0.43712384,-1.010697,-1.2348355,1.0037429,0.6215241
1646,0.84865797,-1.1283132,-1.7085798,0.41606498,-0.58067495,-0.71467793,0.6040313,1.9097552,0.62829196,-1.5082865,0.8336527,0.91494316,0.6886251,-1.5521741,0.3261479,-0.0691594
1108,0.4186399,0.12799972,-1.6926873,1.6953771,-0.79506874,-0.024018884,-0.23275954,-0.213728,-1.1228657,-0.9248711,0.79577,-0.23773675,-0.49605197,0.45873827,-0.43581265,-0.7073791
488,0.6484515,-0.0454683,-0.25469148,0.6950776,-1.8712945,0.08743203,-0.41285345,2.347957,0.6182505,0.57813686,-2.0656219,0.8968555,-0.849682,-0.64627135,-2.1234117,-0.23145086
1691,1.4827509,0.3244031,-0.65797627,1.0981206,-0.683436,-0.97705793,0.08267963,1.1459954,-0.57157695,-1.1788921,-0.5753015,-0.8361145,-0.6857826,0.039041042,0.44142988,1.5439425
305,0.20352122,0.11533067,-1.0656589,-0.4383515,-0.85546166,-1.784858,-1.6481208,1.922243,-0.8731392,-2.9212072,1.6065757,-1.0771021,1.1629914,-1.272266,-0.34281394,1.3988293
1849,-1.2452421,-0.6399542,2.1152902,0.63229,0.5056313,-0.28626704,1.827133,0.03529972,0.09087993,-0.34446442,1.5787511,-0.572021,0.8953184,1.0810122,-1.6863067,1.1743243
463,0.42584658,0.01947856,0.45963266,-1.7380651,1.0260478,-0.28751457,-0.65093946,0.50799936,1.1034522,0.6405939,-0.60152125,0.42294186,0.26279858,-2.0021427,-0.8271361,2.2300856
477,0.2853881,-1.6144112,2.5749862,-1.9270205,4.341168,0.3725053,-0.7921821,-2.9631166,-0.23043428,-4.1439457,3.1302214,-0.402608,-1.4203292,-0.38594,0.39456442,-0.31830746
311,-1.7670838,-1.0319539,0.32644206,-0.36960715,0.058886386,0.46340084,-0.14380226,0.21351647,-0.5561286,0.14306086,1.6264145,0.98844373,-0.2449922,0.32719222,0.97264826,0.8366876
1685,0.6194833,0.8113793,0.77761227,-0.42970625,-0.049714208,-1.4691896,1.0138354,-1.0993303,-1.549305,-2.1704583,-0.9950483,1.413743,0.61745733,0.9530348,0.6474209,-0.72750807
339,-0.16845885,-1.0221217,-0.5019303,0.38493395,0.8484815,-0.21697605,-0.8426347,-1.82746,2.5708144,1.5567552,1.7448134,1.1363351,-0.749555,0.79942435,-0.255987,0.88381356
1875,-0.01226759,-1.4970294,1.3398383,0.72563004,2.7104287,0.54608136,1.6308143,-0.9895539,-1.1792095,-0.57955325,-0.5785191,-0.85809624,-1.2438551,1.6887321,1.9992511,-1.4938146
1861,-1.1513232,-2.486466,1.6263275,0.7390814,1.0002832,-0.08035329,2.0116382,0.58411777,0.14688322,-1.448791,-0.02121427,1.2703873,1.0379021,-0.7078718,0.9620621,-0.15225685
1336,0.29167587,-0.7280092,-0.36789936,0.82654136,-1.4821358,0.6592967,0.60119843,0.037110686,1.1290064,-1.1660296,-2.5197146,-0.2814291,-0.6323286,-0.35437244,-1.139136,0.74570924
1450,-0.90336835,-0.5232911,-0.8294401,0.31145385,0.81060576,0.9658799,-1.634842,-0.6187418,-0.011886418,-0.87216914,0.509676,-0.6588976,-0.10628331,-0.6145768,1.3713058,1.9776264
1444,2.1401105,-1.0561724,-0.025409818,0.5169606,-0.27142543,-0.22429386,0.52671725,-0.32865688,0.38985777,0.2796374,-0.39798856,-0.24928598,-0.35929763,1.0082811,-1.5255349,-0.63430333
1322,-0.59690773,-1.238588,0.14072885,0.6009656,1.0959948,-0.6307337,0.73927844,0.025546908,0.76813114,-0.54164743,-0.45181394,-2.3390718,-0.27848542,1.83851,1.0657924,0.84552085
846,0.6213311,1.0409924,-0.31843275,-1.488895,-0.2725388,-0.45578274,-0.13857512,-1.3222206,-0.18198496,0.124167874,0.84031343,0.14279082,-0.9722429,-0.7945633,-1.3131523,-0.7048236
1478,-0.16579309,-1.7413784,1.2155805,0.09544851,0.25942722,0.28774452,-1.0183659,-0.54337496,-0.8981545,-0.7474143,-0.18439683,-1.1577563,0.3360082,-0.0025699511,0.26352453,-1.5961037
852,-0.55857897,0.19407333,-0.3258426,-0.96340865,-1.7433879,-0.44943964,0.58746535,0.041258752,-0.35554537,-0.13297935,-0.5119772,-0.39520997,0.028841615,-0.09039158,0.018176973,1.1471884
12,-1.0997417,-0.19949734,-0.48287866,-1.7329308,0.30297524,-0.15560097,0.7548755,-0.94596153,0.82498574,-0.6899377,0.9601585,0.0799739,0.02445939,-0.45927116,-1.4378502,-0.11813414
661,-0.036269315,2.3945131,0.52398884,-1.5208777,-1.3079206,-0.33747843,-1.3504685,0.026895404,-0.037843462,-0.3565276,-0.60506094,0.42593464,1.4195418,-0.1802518,0.131367,-0.66348124
107,0.76422334,-0.012421772,-0.24503621,-1.2166537,0.36028957,0.4223423,0.9630445,-0.17725062,0.94677186,0.40961486,2.392004,0.5949036,0.62599766,-0.14174786,-0.5092305,0.8980619
1493,-0.3434759,3.0775151,-0.15567183,1.5866631,4.976814,-1.1688105,-0.44532925,0.32377917,-1.1196519,1.9872726,-3.37982,-0.011478782,-0.7229528,-1.6314874,0.10571222,-1.8319008
1487,-0.5404496,-2.316578,0.454358,0.55948555,-0.33834448,0.953939,-0.39448777,0.8736455,0.99531347,-1.9344019,0.66066134,0.82780486,-0.17974912,0.085624814,0.06140645,-1.3503048
113,2.34259,0.43253407,0.58469,-0.9060414,-0.7479825,0.92714834,0.6305454,1.4037359,1.223383,0.13265443,0.16997126,-1.4356027,-0.04419376,1.3629351,-0.045391034,0.59310955
675,-0.85318017,-1.1443613,-2.029564,-0.44231573,-0.4572295,-0.05203533,0.5646324,1.4725018,0.5893923,0.17857975,-0.72385865,-0.21213937,-0.44859424,0.79691243,1.8594644,0.19273823
649,0.9906713,0.32313126,0.857816,-1.510279,0.17410466,-0.9766997,0.5748371,-0.40527526,-0.34098905,0.32827383,-0.3578277,-1.1467016,-0.72047925,0.69923115,1.3077903,-0.5466069
891,-1.3800371,0.41959536,-2.1090837,-1.7430327,-0.53465843,0.21776307,0.3902974,0.6131599,0.55086565,1.855017,0.4331076,-1.0664831,-1.8138623,-0.37960306,0.27360445,-2.74848
1242,0.40452677,-1.7231388,1.4083467,0.45262897,0.48435524,-0.98260105,0.3817587,-0.3106385,-0.13222127,0.4561561,-0.24103928,1.3135122,2.197116,1.385144,1.7553396,1.3548878
1524,-0.33315963,-1.7975298,-0.46315736,0.78082985,0.11489323,-0.32921013,1.1306525,2.1542258,1.8780313,-0.98204064,-0.34756288,0.2971955,-0.13353145,1.2723957,0.7719553,0.4801532
2039,0.57212025,-1.1718527,0.29327914,-0.6827103,-0.5052309,-0.30326626,0.3511636,1.0957025,-0.83826995,-0.44293535,0.89709926,-0.634911,0.6257058,0.8495378,-1.6164365,-0.27464372
1530,0.52599573,-1.2979065,-1.4427431,-0.3112336,2.3999088,0.38248327,-0.4285456,0.5926117,0.9397402,-1.0347667,-0.30613238,-1.1074404,-1.1047254,0.523687,1.4405593,-0.31438482
1256,0.07276228,0.032268763,1.2019515,1.5106057,-0.31869864,0.1787703,-0.8561107,-1.655093,0.6110008,0.61238027,0.9235437,-0.53493166,0.50997245,-1.5645232,-0.15724202,0.506671
932,-0.44584164,0.7373137,-1.474895,-0.3101595,-0.14227295,0.15009496,-0.61060697,0.15352902,-0.112200454,-0.9364549,0.60970587,0.11408572,0.66426724,-0.55133367,0.5666726,0.67456186
2011,0.6371654,1.4131794,-0.52245903,-1.7183524,-0.049672015,-0.7122046,0.30160046,-2.2772145,-0.47829813,-0.39933044,0.40709937,1.5013237,0.19321206,0.27517897,-0.75286907,-0.95000416
1518,0.09171063,0.14523797,-0.119798794,0.51023954,-0.29646194,0.4239079,1.0983028,-1.8796616,0.5141868,0.36636204,-0.12892035,-0.1158804,-0.22294387,-1.1273106,-0.7631736,-0.38751847
2005,-0.99684584,0.7356905,-0.21162044,-0.9154582,0.14561054,0.5668717,-0.41151658,0.19984424,-0.94500434,-0.4579604,-0.11600527,0.28191543,0.6943705,-0.033413142,1.1830015,0.56044877
926,-1.0955671,-0.14424345,-0.9073341,-0.9471141,-1.0073521,-0.10881376,0.029390391,-0.6417521,0.15488157,0.35485494,-0.34148586,1.268162,-2.4501536,1.1313907,-0.56712604,1.2680453
715,1.8431554,0.018360637,0.1835551,-1.0423933,-0.9112698,0.31680787,-1.3504477,0.15625617,-2.617087,1.3912597,-1.0371529,0.85911375,-0.34414276,-0.46801382,-1.7902315,0.57790333
1281,-0.15916277,0.12099139,-0.018258393,0.37655747,-0.0031914264,-1.4991434,-2.2882044,1.1295896,-0.5275062,-0.7582829,-0.39493883,1.2042565,0.25501782,-1.3189185,-0.48604482,0.1174725
1295,-0.25791454,-0.9044104,-0.018903384,1.3977284,0.8928072,-0.8617668,-0.42304128,0.7792656,1.939429,0.8990196,-1.0508623,0.5112617,0.3799241,0.8917582,1.8213698,0.32424408
729,1.9819049,0.66325545,0.8848835,-0.7428862,0.49525088,-0.37921625,-0.5271733,0.12545878,-0.3691333,0.13472937,0.12555,0.05902821,1.3045645,0.600225,1.1419615,-0.048834234
1726,0.5218197,-1.0398644,-0.5088551,-0.254371,-0.97542214,0.12467265,1.2933888,0.345766,0.66187656,-0.26904953,-1.0077639,0.3297332,-0.4059598,-0.4077768,-0.6979673,0.60427773
1040,-0.10294651,-1.1197578,-0.3572871,0.6315257,0.5670112,0.66390514,-0.78824264,-0.1030924,0.34564766,-0.12088646,0.33904254,-0.30535117,-0.5627839,0.19365957,0.14336479,-2.1935782
1054,-0.52060795,0.4425323,0.38731813,0.74596447,-0.12631148,0.8672534,-1.6874002,-0.9192648,0.71828264,0.3639438,0.1764105,0.17324153,0.93900293,-0.52628,-1.7209358,2.188614
1732,-0.3667568,-1.2002436,0.774565,-0.4065864,0.48840758,-0.55969363,-0.01920569,-1.372248,-2.150243,0.612141,0.096576214,-1.3035967,1.7779285,0.018886223,-0.09816545,-1.3361645
1068,0.98425436,-1.2880251,0.67799234,0.5981659,0.1934601,1.559004,-1.198836,-0.43799224,0.021826893,-0.75840855,0.32585353,-1.0104904,0.7639822,0.36947578,0.17943442,-2.14607
1083,0.07438856,-0.3572719,-0.055897847,0.1593295,2.088627,0.16035858,1.167448,-0.99317974,-1.0790194,-1.7898145,-0.19217283,-1.4711865,-1.198168,2.5631936,0.18988968,1.4545643
503,0.93729603,-0.6882347,1.0470607,-1.6880873,1.5535064,-0.5572884,-0.88550025,1.1587906,0.76993626,1.041219,0.63674754,0.05776021,0.28823003,-0.32412478,-3.0151186,0.20582534
1097,-1.4844046,1.271773,-0.07137963,0.9107125,-0.16420911,-0.5898519,-1.0865847,-1.1568165,0.07986863,-0.9969184,-0.031819113,-0.56327987,-0.96081173,0.13246794,-0.8353203,-0.075767465
1929,0.22174314,-0.89702755,-0.0036217272,0.22730458,-0.54655117,-0.13657537,0.91515744,0.6661056,1.4828523,-0.73093367,0.045402803,-1.4351082,0.8669687,-0.11508286,-0.10955125,-1.2317772
265,-0.96629894,1.5163118,-0.6655986,1.1797147,0.22012737,0.4908779,-1.0460877,1.287856,-1.2757864,0.4050695,-0.35535276,-1.7416887,-1.2353499,1.0866139,-0.5759256,1.4701931
1901,-0.003187418,0.9045904,1.9269199,1.3237325,0.80504364,-0.7471868,0.18289988,-0.480866,0.8755213,0.24538624,1.6677784,-1.384262,0.2863576,0.68248844,0.44169426,0.34686524
1915,-0.32500035,0.08284235,-1.0495676,1.0390891,0.04899088,-0.664205,-0.358328,0.27017313,-0.071673125,0.20033678,0.1181677,0.8868599,0.4656938,-0.14123586,0.42958558,0.3128839
564,0.7388407,-0.43916422,-0.5791788,-2.3398607,0.88833547,-1.046344,-0.10782343,1.0118461,-0.35420173,0.36626968,0.7367648,-0.872433,0.54840076,-0.8838927,-0.17071909,0.1958617
1796,0.5155865,-0.8144329,1.7514378,0.4062389,-0.14929438,-0.42362416,-0.1469652,-0.43219435,0.9890697,-0.4649153,-0.6299598,-0.4610566,0.8098905,-1.8546717,-0.8222389,1.0062896
202,0.64597285,2.1619883,1.8064612,0.81196785,-0.3640066,-0.29095432,0.018914461,-0.57326764,-1.2708621,0.19982432,1.5192933,-0.9041514,-1.8123704,0.20889306,-0.92911446,-0.39980686
216,0.9062509,0.9571347,-0.6588251,-0.17414477,-1.6931217,-0.11427939,-1.5448579,0.50056356,-1.1205565,-1.1998699,0.04825119,-0.30476356,0.3535991,1.6679871,0.3989429,0.33485258
1782,-0.21088827,0.7683247,-0.17121013,0.42305136,-0.52503544,-0.79830664,0.040265188,0.37033927,0.037309602,-2.2036512,-1.0916343,1.2865297,0.6732701,0.4797586,-0.26416662,-1.4994334
558,-1.513946,-0.5573497,1.1113217,-1.6591667,-0.09597963,-1.9890535,-0.49633217,-2.5264714,-2.3500464,-0.2453068,1.3373755,-2.1112385,-0.3464017,0.8882762,-1.182778,0.82958114
1972,-1.5579525,-0.41793165,-0.13173434,0.20298606,0.04035139,-1.0390308,0.5441565,-0.08788447,0.68107873,1.5073638,-0.7896621,-0.16925766,0.5705604,-2.6646519,-0.6419699,0.26434612
1966,-0.46445817,-0.49291623,0.8112155,0.6813146,0.38676062,-0.69531024,1.6142421,-0.8546106,-0.07429456,0.98022974,0.47823277,-1.020561,0.027777914,-1.2040293,-0.7412485,2.1193542
1033,0.3495668,-0.19861987,0.05916813,1.805413,-0.7706337,-0.040357053,-0.52783614,0.43269444,1.3728275,-1.0970104,0.3106734,-0.38368082,1.992413,0.5682247,-0.41478646,0.5317828
1755,1.758931,-1.7680563,-0.64071023,0.17893004,0.8764273,-1.7659268,-0.7834406,1.2305712,0.049271792,-0.2442112,-1.2434386,1.2368418,-0.107058644,-2.9928756,-0.35227403,-0.6704299
1999,0.25401995,-1.365456,0.67238665,1.2876364,0.17016515,-0.35220295,0.9120957,0.23768878,1.3345014,-0.5842868,0.5112293,-1.0699013,-0.8107043,0.6345411,2.2519913,-0.10037591
1741,-0.4802887,-2.2908764,0.4944394,0.19229797,-0.46255592,1.7203901,1.526315,-1.5226154,0.4978197,0.5761694,-0.72873425,1.3926116,0.24059501,0.73479044,0.92885953,3.8478017
1027,0.4495837,-0.26196378,-2.6417606,1.5349841,-0.5639152,0.15095428,0.38374367,-0.030408442,1.5876572,0.18888037,0.40001106,-0.19414705,-0.17939913,-0.75829744,0.9666048,-0.30909032
1769,-0.105567515,-0.9586204,1.0220197,0.79051906,0.2581543,2.0010908,-0.17886597,0.572023,0.39361244,0.2406584,-0.80408144,-0.7987498,-0.7058321,0.47134113,0.17406766,-0.9013895
1594,-0.25912213,-0.045561742,-0.26756805,0.5852035,0.55809397,0.3315774,0.8613602,-0.17973542,-0.05404976,-1.5728681,-0.30497035,0.28780976,-1.2745159,-1.2564945,-0.44091177,0.15348524
1580,-0.29376444,-2.1915019,-0.007347347,1.8994658,0.71905565,-0.03636101,0.9173179,-0.50328606,0.8644657,-0.22707558,-1.4941077,0.08664554,-2.6844704,-1.2165725,0.66194344,0.1701583
996,0.34602746,0.13284934,-0.121576585,-1.1176138,0.8252785,0.6560482,2.1481252,-0.27724892,0.48746878,-0.11273345,0.57538074,-0.5025568,-0.40870908,-1.9119787,0.90853393,1.3421551
1557,-1.5191822,-0.7896198,-0.78141975,1.1943709,1.9847689,0.7613815,-0.51994526,-0.10169506,-0.12273641,2.9465752,-0.13888642,-0.077748,0.5021193,1.5742415,1.6430362,-0.70570374
1231,0.9231043,0.86758053,0.3790977,0.9133894,0.45283973,3.8365276,-0.27260697,-0.6436647,0.16828533,1.2987275,0.79558444,0.95854044,0.06854048,-0.10349387,1.5146191,0.6526655
1225,1.249569,-0.988359,0.52584887,0.8076221,0.28555602,1.8905834,0.50346076,-0.49806294,1.2944028,-0.440831,-0.39514378,0.14160824,0.37979844,0.43943927,-0.055034295,0.7373818
1543,1.441954,-1.0316093,0.26282647,0.18048705,1.0351061,-0.24965328,-0.61992097,-0.0695755,0.8157767,1.3008524,-0.9218216,0.9513786,-0.077776894,-0.5526,0.21699479,0.042939544
941,-0.22579399,0.7446301,0.0741118,-2.2182171,1.092847,-0.0826799,0.3861054,0.06936175,0.1171606,-0.66418695,0.33951634,-0.6413433,-0.3947667,-0.108685374,0.088086665,-1.1345422
799,1.0584661,0.3035416,-1.2878656,-0.4466619,-0.462137,-0.84913474,1.3171209,0.57577854,-0.013329824,-0.09183204,0.436829,1.4840782,-0.069286466,1.7788167,-0.75366527,1.3570281
955,0.63786376,0.21089756,1.1290708,-1.5025884,-0.8459934,-0.7028897,-0.55338854,-1.525045,-0.9587229,0.4843934,0.2875926,-0.1791654,-1.1926672,-0.2708709,-2.7726336,1.4343026
1219,-0.121338814,-1.5677814,0.03413695,1.3808475,-0.25158465,-1.0162117,-0.020952597,0.24282548,-0.8002415,0.18321815,-0.57738143,1.3494774,-0.48320988,-1.729326,1.0339675,-1.5623834
174,1.5836747,1.4069694,1.2793581,-0.69604224,-1.8636135,0.61169416,0.47644535,-0.5375408,-0.18781015,0.18333417,-1.4850184,-2.3744094,-0.8467923,-1.1313465,-0.2795719,-0.6018776
612,1.4721043,2.0839882,-0.6901963,1.2447869,0.07475418,-1.1247146,0.4487873,0.7018863,-0.52294755,-0.061260074,-0.2886032,-1.9886241,-1.4468943,0.40397108,-1.2655506,-0.080752365
1386,-1.6263402,-0.24158855,2.0863063,1.9567058,0.45875916,-0.33128685,0.7037623,0.1983037,0.93417245,-0.8771366,0.67129236,0.7205518,0.9047597,-0.88802654,-0.8538171,-0.12926187
1392,0.032778203,1.6979473,-0.18562284,1.4853742,2.2413497,0.27735642,-0.48175377,-0.20089887,1.5530716,-0.8104391,-0.9552303,-1.5170268,1.2413597,-1.0028124,0.21897742,-1.6106957
606,-2.002766,-0.092497125,0.42524636,-1.2051159,-0.60533035,0.47558537,1.2165328,0.054928243,0.81562144,-1.1430087,0.12498563,-0.8753823,0.18368259,1.6964016,-0.7825447,-0.5316891
160,-0.56402004,1.1159354,0.2550905,-0.113362595,-0.4352687,0.09599042,-0.0060715564,1.4775125,0.12923938,-1.2814354,-1.5188477,-1.2636179,-0.4071656,-0.25162926,-0.071798205,-0.53275967
148,1.0453377,1.9346597,1.0817891,-1.1040671,0.65323174,-0.2500481,-0.42181846,-1.271694,-0.06348112,0.7001257,-0.045939475,-1.2124181,-0.5671097,-1.6954682,-0.06086442,0.1397419
1423,-0.9794456,-0.23025027,-0.638449,0.20438264,-0.59431297,-0.31114313,0.056335002,1.7786431,1.7439061,-1.7664545,0.21821825,-0.35803798,1.6542282,-1.0700068,-1.115635,0.98795384
49,0.67099094,0.48864707,0.594701,-1.1406254,-1.079614,1.6318986,-0.8939461,-1.1244907,0.5212425,1.0440326,2.7288728,-0.6951452,-0.08252789,0.5190309,0.9435662,0.5806395
1345,-0.97089005,-2.5409586,-0.0658851,0.1454622,0.5457864,0.055220574,-0.34004068,0.2012586,0.14706826,0.4184365,0.3839198,0.4187898,0.0071079433,-0.24683851,-2.4328856,-0.70723474
1351,1.0612143,-0.301535,-0.8118595,0.4700902,0.8854996,0.5648664,-1.8881927,-0.48359334,0.7102145,-0.164607,-2.2715206,-2.7331326,-0.35227197,-0.6472143,0.1405306,-0.25180876
1437,-1.4775635,-2.6068459,1.1202303,0.28502446,1.1984079,0.05753275,-0.8534397,0.75422746,-1.2625774,-0.1533596,-0.47543404,-0.41450274,-0.13143098,0.0936811,-0.43965095,-0.17177142
1379,-0.40186003,-0.0697511,-1.0976938,1.2967039,0.9330528,-1.055075,0.11321235,0.71867037,1.241405,-1.3621656,-0.8594069,1.0050722,-0.7314486,0.42624506,-2.3524349,-1.1923987
1184,-1.8159258,0.25662303,-0.0866811,1.1614177,-1.8678539,-0.99352807,-2.0102887,0.24018115,-1.3365092,-1.2440237,-1.4843509,-0.8072467,-1.9716336,0.3369074,0.22919574,0.5700107
410,-0.4967537,-0.32401887,-1.3933523,0.13885798,-0.8159034,-0.6373096,-0.032232434,1.4048038,0.38957357,0.4559871,0.23514545,0.20784524,0.60020715,-0.08956435,0.33336323,0.8619083
376,-0.14679924,-0.5020834,-0.5475051,-2.4044404,0.8108396,-1.6363344,0.8768734,-0.12951583,0.258992,-1.9482346,0.14385101,-0.91112363,-2.6915326,-0.46121842,1.5920511,-1.1739968
362,0.36300567,-1.4251858,0.029824197,-0.68686426,-0.93595797,-0.50745463,-0.43022144,0.96222204,1.5223377,-0.65146714,-0.23271988,0.22921714,-1.0293177,1.3726012,-0.0706285,-1.8596416
404,0.07714957,-1.6403294,0.30732065,-1.3909551,2.5846457,1.0078515,-3.4029481,-2.596144,2.2280638,-0.9454452,1.2818348,-0.24115129,0.30507463,0.55815345,0.15533319,1.2617986
1190,-0.5490481,0.11974594,0.69042695,1.2046145,-1.4226067,0.74337167,0.59827673,-0.18849128,-0.97304356,0.40052313,-0.08368941,0.4385749,0.012788475,-0.03097497,0.54786474,0.087124646
1806,1.431639,-0.40538126,0.702726,0.3014007,1.216268,-0.43021795,-0.9592084,-0.20161183,0.8584619,1.3082266,-1.8110225,-0.44421023,0.8776139,0.49915466,-0.9402601,-1.1414735
1812,0.24411845,-0.7887325,1.5513799,0.4499424,1.1854248,-0.74001247,-0.23930293,-1.3391206,-0.40943813,-1.2953993,0.155956,-0.07218854,1.7226332,0.04002706,0.42678922,-0.5380805
1147,-0.84256256,-0.8780379,0.8353144,0.0030392706,-0.40799627,0.4166652,1.2587682,-0.89196134,-1.3770533,-0.9477917,0.39629036,1.6593604,-1.2517452,0.17693311,0.51402265,0.8579781
1621,0.493616,-0.19564599,0.07344567,1.7196326,0.4909472,0.40342283,0.54248804,-1.1703572,0.033477932,0.1703619,0.29169267,-1.3323603,0.4993024,0.8570252,1.077313,-0.09972778
1635,1.0774221,-0.13616928,0.95800793,-0.27598658,1.3337678,-1.6626858,-2.3141668,-0.96067846,0.17515075,0.5242151,-1.1318499,-2.029082,0.9104185,1.1013929,-0.28884298,-0.80634713
1153,0.8730544,0.085732356,0.61172235,1.204022,-1.6825912,1.2872655,0.4645888,-0.15175241,-0.14713311,0.78730917,0.9804722,0.56515557,-0.55727625,0.92209744,-0.8167925,-1.1941206
1609,-0.457443,1.1135291,-0.9122173,0.48381966,1.1602873,-1.2740681,-0.6553256,-0.95908004,-0.046658576,1.0074924,-2.1934342,0.117531665,-0.24627414,1.1560168,1.91471,0.9373181
1608,1.335909,0.97403944,-0.18782589,0.40405104,0.8570026,0.98624516,0.27716377,0.38079926,0.51764303,-0.24821123,-0.0013643363,-0.832708,1.1229837,1.441575,0.5380894,0.7875931
1634,0.3152361,0.34549505,-0.05272557,0.733363,1.4954352,0.04301119,0.34385175,0.515733,0.4484342,-1.1280668,-0.48302686,0.46397138,0.5962686,-0.8074027,0.13459611,0.09395924
1152,0.81240034,-0.17889543,1.180763,0.28446296,0.37355733,-0.62353146,-1.6823661,0.5854635,-0.56934303,-0.588805,-0.78273916,-0.70735395,0.38971794,0.03483148,-0.6913732,0.09243864
1146,-0.3605304,-0.55868065,1.3522474,0.56959176,-0.9459803,0.18985516,0.7844042,-0.66940993,-0.16690657,-1.4657704,-0.5613609,0.29092517,-0.20169058,-1.5876287,-0.27511865,1.2320297
1620,1.4092677,0.81530565,0.5611174,1.1453323,0.47562388,1.2666316,-1.042175,1.1813734,1.2874422,-2.6921823,0.8300363,0.56974316,-0.67686486,-0.034218818,3.455177,-1.5759195
1813,1.3463749,-0.1184344,-0.24272661,0.54065,2.0372937,-1.3540919,-0.9421124,-0.5756318,0.25646764,-0.12610525,-0.55717653,-1.58045,0.22175461,2.1637735,-0.100470304,-0.59659064
1807,0.8608212,-0.4059819,-0.31125328,0.35648417,1.0117472,1.0503734,-0.46994007,-2.183175,0.9817719,1.1323655,-0.4797156,0.20292166,1.156102,0.4183856,1.5088602,0.2950986
1191,2.0055852,-0.20330317,2.4857705,0.8268801,-0.6160817,0.5025575,-1.005578,1.4784961,-1.5405369,1.0621089,-0.41699994,1.2631233,-0.89242077,-1.0892727,-0.96388364,-1.9687774
405,1.920859,-0.09574256,-0.78981775,-1.0023786,0.054448277,-0.48132655,-1.0715802,1.4982094,0.65949434,0.107427835,0.15236717,0.36199513,2.0849297,0.82585245,-1.0372608,0.54001623
1185,0.46677583,-0.24324238,-0.9782215,0.88238704,0.23322625,-0.419675,-0.16071323,1.1397201,-1.4592342,2.70062,-0.39817876,2.5037856,0.3120702,0.074286185,-1.9157377,-1.3851771
820,-1.6885633,0.50655735,-0.62894577,-1.1943433,1.1919379,0.56446326,-0.9208828,0.64153075,-0.7737,1.3194838,-0.22304891,-0.38049448,-0.02527833,-0.8658559,-1.1082525,1.377104
60,1.2370262,0.38877416,1.4833847,-0.37785244,-0.6191127,-0.021983325,0.9496449,1.8857808,0.85465807,0.65029645,-0.2676835,-0.6389844,-0.12558259,0.6691374,-0.13774636,-0.23781759
834,-1.1608053,0.44574714,0.7875906,-1.633231,0.08474246,-1.5650961,-0.38060656,-0.5618327,0.2857459,-0.014273226,0.05127471,0.8093103,0.11308646,-1.124391,1.4141364,-0.78144926
1378,-1.7797079,-2.3848326,0.1550472,-0.05973029,1.0181293,-1.5215023,2.0625963,-0.39731377,0.038783662,-3.2245483,-0.27436683,-1.7928174,0.607573,-1.0827335,-1.7086546,0.5350993
74,-1.2293638,-1.2191737,0.7041204,-1.1221136,1.2520981,-1.0221837,0.010282576,0.3376139,-2.2566059,0.10255915,0.9785133,-0.018099576,-0.26286715,-0.18462466,0.8312167,-0.2937075
1350,-2.2061388,1.2522068,0.15476279,1.2858196,-1.3478851,0.31023952,0.5555617,0.7902255,0.03276906,-1.2705188,-0.054925084,0.660004,-0.55397683,-0.38422996,-0.11987135,-0.70044965
1436,-0.26019064,-1.2225915,-2.389399,0.41768646,0.2004938,0.1620706,-0.28461784,0.7622642,-0.85979944,-1.141311,0.5585742,0.6652267,0.25569385,-0.22384644,0.659304,-0.5919405
1422,2.303453,-0.08269736,-1.625383,0.7011128,-0.4899267,-1.2306197,1.2350074,-1.6570871,-0.24733098,0.9415282,-0.34922647,-0.027790785,0.8178808,-0.2820204,-0.25617576,-2.1228058
808,-0.064448655,-0.5813942,2.2680407,-0.24126783,-0.17183986,-0.18995039,1.5054909,-0.5406207,-1.397911,-1.4585102,-0.053666316,-0.6975304,-1.3136872,1.1363263,-1.1266379,-1.0502915
1344,-0.20386565,-1.4685525,1.471697,0.31424886,0.97078073,-0.73210394,-0.3848374,0.38355476,0.08862674,1.0182445,-1.0277945,2.0869966,-0.8018927,0.008486271,1.2337666,0.5340719
48,0.10138598,0.7656219,-0.20112462,-0.59434396,-0.6189431,-1.5458838,1.9635023,0.16133803,1.2880744,0.1947226,-1.2165592,-1.9428163,0.69929767,1.3858021,0.43104362,-1.6577923
149,0.46537352,0.43329027,0.7998094,-0.729684,-1.0089488,0.07914877,0.71820194,-0.104818106,-0.66701156,1.044802,-1.8530684,0.12126608,-0.249033,-1.9090176,0.43357527,0.38599116
607,0.39528048,0.19740961,0.109195456,0.28627807,-1.4581541,0.78063226,0.31118584,0.7941764,0.43577906,-0.044176638,-0.0097536445,0.20591003,-0.8607918,0.8746443,-0.06427774,-1.4712273
1393,0.14635697,-1.7167634,-0.33558634,0.2492966,1.482084,-1.0885774,0.003396809,-0.32564616,0.26942593,0.10989857,-0.81557447,3.2329855,-0.8235532,2.0528278,-2.2757795,0.2829625
161,0.86843884,-0.05572804,-1.8821486,-0.78559005,-0.7447076,-1.3217274,1.6483002,-0.48770714,0.3930849,0.74282444,-0.24893662,-1.669889,0.75622874,-0.47306195,0.525438,-0.30472255
175,-0.3181653,2.3553267,-0.15734193,-0.5291488,-0.22722524,0.82617164,-1.6735972,-1.031346,-1.0268753,-0.7023406,3.4182227,1.2090584,-1.2464712,-1.5270231,-0.002929777,0.2972538
1387,-1.4455957,0.4310707,-0.74128014,1.1846951,-1.1540976,-0.33820716,-2.7299795,0.17926061,0.5239792,-0.5345745,0.59066045,-0.42574823,-0.3646386,-0.06940976,0.49043095,-0.55241996
613,0.27670848,1.3332345,0.90574074,-0.13068499,-1.0211666,-0.69013965,-0.58369154,0.21564457,0.6895833,-1.1335801,-0.14869139,0.19691089,0.00055611134,0.40057436,0.67534167,-0.031599462
1218,-0.42082405,0.40094516,1.2297182,2.802513,-1.4466547,-0.74737877,2.1144588,-1.9217181,-1.1579528,0.47616756,-0.09207842,-1.4221729,1.7671549,0.9775856,2.0943227,-1.6890609
954,-0.8749902,0.68990463,0.9367933,-1.577077,0.7857749,0.4374732,1.4629296,1.3549302,-1.0506294,-0.27762562,0.29549104,-0.701348,-0.50567466,-1.6079339,-1.0252826,1.1360133
798,-0.1710568,-0.5546062,1.5982716,-1.0330116,2.2853506,-0.6260039,-0.40880734,1.1547252,-1.1402614,-0.5189861,0.026229277,-0.594581,0.67734194,-0.7182087,-2.6251528,0.949002
1224,0.61803937,-1.0292974,-1.2238128,1.6346748,0.66245264,0.17220911,1.0121425,-0.38674033,0.8786276,0.19787762,-2.3890553,-0.557436,-0.73177856,0.89268434,1.5254666,0.09403598
968,1.3377389,0.24686128,0.53009725,-1.7846973,0.75969815,0.609154,-0.21490991,-0.78466505,-0.5582969,-1.0268475,-0.438854,-0.061350852,0.6724621,0.4720792,1.4916096,0.17367479
1542,-0.29671985,-1.3811508,1.4328544,-0.12120038,1.235128,-0.21429616,-0.45323807,0.97460663,0.7851535,-0.11159319,-0.39597034,1.2068135,0.4616034,-1.8489108,-2.9687595,1.0905468
1556,-0.7602135,-2.8009791,-0.18540975,0.81847364,1.7591614,-0.101662144,0.49369937,0.9098752,-0.043309685,0.90377504,-0.76834404,-1.2168667,-0.50713795,-0.2519314,-0.84381104,-1.4956596
1230,-1.4119222,2.612803,0.85968006,3.5427933,0.12989497,-0.88690054,2.8562782,-1.295681,-0.6270057,2.3404522,1.9983113,0.58143234,1.0317868,-0.40548155,2.4474764,-0.48755825
997,0.19805896,1.609231,-2.2320616,-1.3925886,1.0512233,-1.239985,-0.570943,0.4338302,1.1189196,-1.6930004,-0.11808391,-0.33258465,-0.8996461,2.688131,-0.028873026,-0.5021234
983,0.9633564,-0.48321003,0.13200702,-0.8979992,0.47440803,-1.206052,0.119993865,1.1006649,1.5303717,-0.06645332,0.35247484,-1.1820619,-0.5825051,0.15496396,1.3299762,0.0683161
773,0.8686112,-0.0040190816,-3.9894617,-1.1191888,-0.0003347993,0.06748519,1.527131,0.972434,-0.95808357,-1.0856781,-0.326473,1.5347015,0.918437,0.42494032,-0.8438759,-1.3880775
1581,1.0433297,-1.8702807,-3.13414,-0.028851919,1.6115007,0.11200281,-0.96720195,1.607363,-0.92682546,-0.064478725,1.195238,1.4445324,-0.56259674,0.601102,1.375203,0.9217739
1595,-0.87853754,-1.2250566,-1.5160812,1.5233848,2.3418436,2.341724,0.42689145,-0.6573691,0.15627897,-0.649757,-1.8657061,0.68489885,0.42221248,-1.525507,-0.13997746,0.120504126
767,-1.5723466,0.53829557,0.81495255,-0.9625946,1.6017436,1.7849894,1.6218613,-0.4097044,-2.0068443,-0.2456972,-0.22198589,-1.1956162,0.443782,1.5667197,1.955523,-1.0758711
1768,-0.9159585,-0.42006445,2.4625645,0.12087277,-0.6090427,-0.050322294,-0.06714131,-0.13937244,-0.4800388,-1.887656,-1.458792,1.153905,-1.3169835,-0.5881222,-1.3734463,-0.27943105
1740,1.231605,-0.5759811,0.62151295,0.7665874,0.18064082,-0.13848086,-1.3668296,0.9580417,0.97356904,0.7049646,-0.89012426,-0.053392243,-0.14978956,0.5751436,-1.7870796,1.0641892
1998,0.030644462,-0.35776803,-0.42428643,0.5121702,0.65830684,-0.50151926,0.6060152,-1.3855107,0.5836332,0.05654694,-0.52921313,-1.2659316,-0.99212635,-1.3862138,-2.6503477,0.33746296
1026,-0.4315455,-1.7204691,-0.0012110472,-0.4064057,-0.6342698,-0.2584399,-1.0380708,0.7869695,-1.1445937,-1.2789434,0.35462996,1.1826794,0.86566293,1.0747814,0.13865635,0.75868976
1032,0.684111,-1.1544288,0.27368358,1.829259,0.01861412,-0.6859098,2.1980813,0.3177823,-1.0862793,1.8433241,0.3986849,-0.5819183,0.7116966,-0.542618,0.76919913,-0.55250335
1754,-0.82739437,-0.43814096,0.7519312,0.054486632,-1.1110708,-1.3287148,0.86952853,-1.5187368,0.9290105,-0.816578,0.12286711,-0.14773989,-2.2063203,-1.3843453,-0.3398934,-0.2833603
1967,-0.23998979,0.7469564,-0.259852,1.2525455,0.17733692,1.2507124,0.2157316,0.9229699,0.73721886,-1.591449,-0.18545482,0.40752813,0.14207289,1.6941524,1.3325793,1.0612924
1973,0.6142833,0.96669453,0.10966829,1.6943655,0.04188788,-0.41478118,0.10894525,-0.18918765,0.3675599,0.10243508,0.3758062,-0.24310881,1.2233658,1.1955218,1.1700026,-1.0738487
1783,-0.19259521,0.6044725,-0.49123013,0.14974937,0.1413534,-0.22504425,0.46741384,-0.046688616,0.49692684,-0.1719979,-1.3961971,0.83743125,-0.4932658,-0.39507133,1.9536985,-0.0671494
217,-1.9241011,1.2938492,1.7016883,-1.8149031,0.53098613,-0.508527,-2.360232,2.1365094,-4.038905,2.9349942,-2.3135765,0.97227824,2.5731921,-3.4900749,-1.5573959,1.5025296
565,0.8038688,-1.2034341,0.8435915,-0.116633326,-1.738414,-0.64336467,0.42980257,0.30456856,0.38289168,-0.29783624,-0.13761014,-0.09054685,-0.21811497,0.47866607,0.46053118,1.0924666
203,-0.20229843,0.86272794,0.20303138,-0.7891846,-1.2233831,0.38531795,-2.6099837,1.2100741,-1.7167778,2.2765014,0.59294343,-0.03723803,-1.7389709,0.29821038,-0.5406617,-0.7368388
1797,-0.04022914,0.059915513,1.6192358,0.13539714,0.3170206,1.1458259,-0.18721129,0.09861207,-1.3945985,-2.245936,0.0034803152,0.24263936,-0.8500366,0.5608872,1.3704045,0.29926103
215,-1.3847802,0.10004303,-0.3528239,-1.0583112,-2.0996094,1.0651466,-0.7061294,0.55104625,0.1042757,0.02640143,-0.42455202,0.9378168,0.54273874,-1.446401,0.5591267,0.068670526
1781,1.2438226,-2.5616384,1.1234128,-0.3134382,-0.4664296,-0.8533828,1.2961009,-0.7651122,-0.55383956,-0.13074271,-1.5576777,0.10825071,-1.9559478,-0.56277245,1.0998471,0.8137506
1959,0.36450574,0.32779706,1.5990374,0.9742701,-0.51726675,-0.53010213,-0.99779737,0.5339289,0.7140542,-0.0538808,-0.9949158,-0.7515708,0.97111356,1.1981847,-0.31461215,1.2688353
1795,-0.8773662,0.16453306,-1.2088948,-0.31467256,-0.0031358525,-1.1510379,0.2284227,-0.047125578,-0.6031861,-1.885962,0.5729041,0.9231516,-0.48358884,-1.6782112,0.1100378,-1.6967332
201,-1.2076981,1.9598066,-0.27518702,-0.4903978,-0.8493428,-0.9898392,1.5175118,1.1517613,-2.1713505,1.2050614,-0.44459853,-2.477698,-0.36525762,-0.13560516,-0.19022307,-0.42916122
229,-0.00946708,0.45748782,1.7079254,-1.4257051,0.54070854,-1.0013012,-0.651507,-0.12004429,-0.217848,-1.129786,-0.33079034,2.1878881,0.44117853,-0.8731683,0.53463143,0.91237986
1965,-0.36490023,0.8097283,1.552643,1.5643164,-0.73178345,-1.0663918,0.6036339,0.3398084,-1.0135124,-1.7158602,-0.6513637,0.5296673,-1.1408393,-1.3141564,-0.14027351,-0.98338723
1971,2.9686232,-1.856192,0.59429544,0.70476514,-0.22843283,0.8650048,-1.325913,0.54565436,1.7712641,-0.9989766,1.043544,0.69254965,1.7602626,1.3810518,-1.0487247,-1.8347359
1024,2.1292171,-0.87014997,-1.999469,1.3536726,-0.4071281,-1.8026329,0.3317337,3.239841,-0.24481189,-2.612298,1.2710149,0.7142198,1.7806716,0.33926788,-0.81498814,-0.3781934
1742,0.82879317,0.13497297,-0.06073758,0.21465504,0.13682364,-0.69189346,0.13272262,0.7422208,1.1718166,-1.0920925,-0.3043048,-0.15764534,-0.37754458,-0.15588886,1.2646034,-1.1910621
1756,-1.338861,0.19686362,-0.72770596,0.25053215,-0.5591509,1.1024901,-0.7499955,0.51454353,-0.61563855,-0.94037443,-1.203579,0.24434513,-0.30629474,-1.0825568,0.8527252,-0.2192938
1030,0.16894197,-0.6110209,0.8208255,0.17417186,0.6333841,-0.79011816,-0.25631577,0.6461527,-0.69644547,0.17689651,0.3568928,0.12267333,0.12711492,0.41052148,1.9732972,0.047585487
1018,0.23863211,0.4420333,-0.23845541,0.48015705,-0.70412016,-2.0693479,-1.9154267,0.50846004,-0.46456718,0.27489555,0.70084345,-0.20670363,-1.8461627,0.32957363,0.78373533,-0.8876333
598,-1.7460393,-0.5302635,0.1155136,-0.39469686,-2.416068,-0.20258808,-0.91881824,0.27993277,1.2648611,1.1214136,0.39238438,-1.6721284,-0.82654,-0.42346716,1.3411084,-0.81627595
1583,0.92594254,-0.20080307,-2.1612077,0.41932046,0.6162301,-1.7994468,-0.56785446,-0.08714904,1.0814497,-0.059191704,1.1031303,0.6077965,0.8421638,0.55225253,0.49655867,1.4850929
1597,-0.2506137,-0.42073616,-1.702899,1.0147458,1.2588986,0.45273083,-0.061929677,0.491964,-0.49351785,1.4109955,-0.61859775,-0.69170463,-0.09242755,0.0033237264,1.0693457,1.5935767
995,-0.47351485,0.26030493,-0.40151268,-0.59173983,-0.62436306,0.028686225,0.091780245,0.2525818,-0.49416262,-0.12615758,-0.2914795,-1.8097005,1.533822,-1.3191959,-0.451868,1.1524626
759,-1.7143861,-0.24707337,0.43521655,-0.18756986,1.2643281,-0.29592156,-0.78246903,-4.26558,2.89863,1.1953331,1.2036529,0.5724673,0.74801624,-0.17863211,-0.8237536,-2.802922
981,1.41553,-0.2626528,-0.10532403,-1.7248635,2.5614886,0.25661397,1.8261813,-0.805516,0.8968928,-0.30077174,-0.1689362,0.1938114,-0.09849124,0.42945358,-1.2488592,0.12977368
1540,0.28129792,-0.9127658,-1.9387693,-0.5908473,1.2990611,-0.7996455,0.3354167,-2.2030652,-0.019516386,1.233813,0.3591746,-0.263251,-1.1024882,0.7389317,2.61362,1.2601836
2049,0.15117991,0.095004655,-3.3214617,-1.7663492,0.0093768835,-0.6382848,0.16762038,-1.6278929,-1.2014233,-1.7833503,-2.2335443,0.9413233,-0.11994825,0.32499614,-1.8275776,1.5280304
1226,-0.88784266,-0.41011685,1.4316951,2.1551363,-0.7896927,-1.7848701,2.3558204,-0.9932465,-1.0871296,1.5211234,1.040287,-0.5307427,1.358659,-1.8077834,0.6602079,-0.7543971
1232,0.0153181115,0.1989514,0.26678714,0.4778201,0.19779873,-1.3233688,-1.2032871,0.34277415,0.3051992,-0.04371971,-0.6767114,1.0137157,0.54350644,-0.2367877,0.37650406,1.4514983
1554,0.31333515,-1.6583366,-1.10993,-0.35020292,0.92144656,0.7074014,-0.37506676,0.19801417,0.953445,-0.47683325,-2.1404936,0.9926393,-0.24538904,1.459041,1.1087983,-0.02469483
956,0.13095453,1.1300077,1.1879411,-1.5503266,-1.3617762,0.117329895,0.034533754,-1.1838167,-0.79677856,-1.233359,-0.70300436,-0.96978945,-0.7188359,-0.621689,-1.0452878,1.437234
942,1.1519356,0.90130687,-0.92708325,-0.9346152,-0.1527122,-1.5876708,0.7884984,-0.69308084,0.8377834,1.0283995,0.7227064,1.4062383,-0.0857148,-0.27233332,-0.64457124,0.51936555
1568,0.7894275,-1.8384773,0.63561493,0.25453198,1.5292655,0.2796945,0.1317902,0.9982787,0.40182307,-0.094973624,-1.3608419,1.236083,1.114964,0.27181682,0.50731504,0.8033262
163,0.9360464,-0.5338565,-2.2945342,-0.8401094,0.01039575,0.5440892,0.65163285,0.09518263,-0.531647,1.6204914,0.30890828,1.0033673,-0.90590966,0.7969937,-0.15392,0.5994531
1391,0.4514876,0.743012,-0.26883933,1.44749,-0.0819622,-0.1124419,0.2127228,0.10154225,1.006537,-0.120602936,0.48772556,2.325465,-0.51291966,0.21779111,1.5882449,-0.59024453
605,-1.7909641,-0.09176262,-1.7266195,-1.4703366,0.684084,1.4283208,0.92988646,0.86686164,-0.61141384,2.2519944,0.05902815,-1.950089,1.3882303,1.2558179,-1.02787,-2.392292
89,-0.6720418,0.8616638,-0.15437767,-0.16768758,-0.43430355,-1.0851774,0.4927179,1.7803657,0.8690423,0.3802775,-0.501262,-0.55397964,0.56222427,0.34465715,-0.51226544,-1.0986621
611,1.0753073,1.2439312,-0.14720295,-0.516019,-0.6568747,-1.0226729,-0.51219225,-0.090899274,1.039711,-1.55903,-0.02376312,-0.06859556,0.20904738,-0.5861406,0.27737778,1.118242
1385,-2.1985362,0.33779866,0.4818832,1.5861199,0.21670635,-0.086197495,-0.42259005,-0.30989146,0.4911997,0.03405392,0.9156491,-0.02759023,-0.7677361,-0.26790988,-0.77630234,-0.028754264
177,-0.65456593,1.5756824,-0.27201557,-1.4078624,-0.85845923,0.17896974,-0.86934423,0.5911343,0.3395944,0.81883,0.22342831,-1.4104768,0.84845227,0.6831691,0.8238109,0.54910976
639,-0.66280246,0.2753448,0.9820398,-1.1621394,1.0136744,-0.55250263,-0.39955777,1.0655026,-1.1412932,-1.048251,-0.65284514,-0.28879198,0.18004492,-1.0123966,-1.7685925,2.6567163
1434,-0.23008741,-1.0263226,1.9228587,0.26196706,0.25817686,0.51337576,1.0968707,-0.25469682,-0.6957461,0.8078852,-0.6493136,-0.22144365,1.1498017,-0.33936802,-0.08044511,0.301991
1352,1.05428,-1.426528,-0.17892236,1.485635,2.7851465,-2.5933464,-0.38516432,-0.32042462,2.502767,-0.20940602,-2.0284383,-0.8400745,0.5838994,-0.704208,0.59325373,1.2915543
1346,-1.0953152,-1.7622616,1.2756929,0.17688343,1.2601333,1.0591562,0.9485531,0.7635496,-1.6941923,-0.40252775,-1.5687246,1.7238202,0.2910413,0.041535288,0.8151573,-1.2059948
1420,0.22601703,-0.23941916,0.3017256,-0.11676414,-0.5511001,-0.036705703,0.010831723,-0.9609473,-0.6786089,1.4567642,-0.14339909,0.20784622,2.7491665,0.9781063,-0.39299512,-0.77948654
1408,0.5673511,-1.0508333,0.29667896,-0.28358278,-1.3370616,1.1254139,1.0830535,-0.14402744,1.3435409,-0.6378473,0.037803434,-0.9152628,0.32780683,-1.0019997,0.7536799,0.4127491
62,0.20369262,0.44127864,-1.8213885,-0.06418696,0.9875872,0.41231984,0.4974516,1.6988504,-0.3016243,-0.84629154,1.6318326,0.5731387,-0.5961785,-1.7188711,-0.8121737,0.51955885
76,-0.93462795,0.56430256,1.2371564,-1.5184518,-0.92426884,0.7286666,1.1310678,0.031693626,0.9174712,-1.232126,1.4475785,1.9629791,-0.3709386,0.42788872,1.9217861,0.28989506
836,1.2711424,1.4574447,0.126046,-1.8272344,0.34900948,-0.01745236,0.2074982,0.089092374,-0.46321574,-0.3441094,0.09907833,-0.72221684,1.6345466,-1.108633,-1.9676926,-0.6350279
188,1.1224457,0.6858611,0.78327376,-0.6174987,-1.0968205,-0.7654909,-1.7416737,0.24726407,-0.567599,-0.09077683,0.46705577,-1.2192532,-0.48211077,0.8304087,-0.6135673,-0.16501783
407,1.0803941,-0.7387956,0.22415203,-1.9778026,1.4219259,-1.4351196,-0.34552392,0.13655242,-0.8603737,0.2761799,-1.6976327,0.69452846,-0.9270438,1.0023001,-0.6949026,0.31652045
1193,-0.24766663,-1.8307567,0.15390074,0.7294234,0.83772933,-0.11715174,-0.36315647,-0.49337924,-0.5183635,-0.063444555,0.28394455,0.55116993,-0.26143175,-1.0441176,-0.9010327,1.3302569
361,-0.5651587,-0.16538855,-0.21850067,-0.22620459,-0.45551282,-0.67990327,0.8525406,0.4377625,-0.028333724,0.60516655,1.4089713,0.21164307,-0.78702134,-2.0393229,0.14694019,0.5950765
1839,-0.8158504,0.07687433,-0.5235447,1.1115142,0.14339238,0.12335652,-0.81018233,-0.9452011,1.5476232,-0.35426402,-1.0924708,0.34035292,-0.23615919,0.7695635,-0.41292053,-0.73222506
375,-0.19157901,-2.0659227,-1.2085059,-0.82691765,0.2905925,-2.435636,-0.5961826,0.6982957,-1.1761276,0.3314276,0.54102135,-0.98832667,1.636319,0.3193277,-0.33855438,-0.13894255
1187,0.55259514,-1.2472291,-0.71101266,-0.0072314814,0.5600637,-0.47659945,1.0089163,-1.797371,-1.7339562,-0.6143693,-0.830079,-1.2500521,-1.1878307,-0.8863295,0.90142214,0.026221141
1811,0.62538266,-0.65195876,-0.024934515,1.321105,-0.013803102,-0.16937351,-1.1592046,0.52459544,0.18617794,-1.6258265,0.19881336,-0.63688034,0.96378064,0.5749491,-0.1667803,1.4542258
1805,0.87139046,0.2843947,1.1719121,-0.062123463,0.32061476,0.68605506,0.7498044,0.29712972,0.14497113,0.15586829,0.63431734,1.180522,1.2238849,0.94737804,0.43072832,-0.4599735
349,-1.3095093,0.16046248,-0.11199856,0.039393395,-0.41579294,-0.5217231,0.3403225,0.048427254,0.15162165,1.197532,1.5674311,-0.5165722,-1.9907471,0.15741432,-1.5407468,0.59048915
1150,-0.3010047,-0.7038568,-0.24425444,0.5708834,-0.86693037,-0.46898013,-0.29603657,-1.0347201,-0.87119687,0.63014245,-0.22745761,1.2054219,-0.05626619,-0.37082055,1.0030134,0.23014614
1636,0.063261576,0.41996333,0.2230202,0.3827048,0.015256196,0.8901274,-1.0304966,-0.90232587,-0.27555618,-2.9695632,0.6031989,1.3450094,1.6882973,0.28354135,-1.718828,-0.38255438
1622,0.1874403,-0.5533357,-0.15379572,-0.13711625,1.1742474,-0.4886482,0.7045895,0.3781264,-1.1081395,-0.9903177,0.17162508,-0.7788855,1.769376,0.8724023,-1.1796349,-0.27620938
1144,1.0061187,-0.26120412,-0.32747528,2.238718,-1.5008656,-1.0094812,-0.17729372,0.8937324,1.0979325,0.6118007,0.35158402,-0.24231258,0.6500156,0.50675756,-0.7018784,0.46773744
1178,-0.75157076,1.475087,-0.43398774,0.6898272,0.021032855,-1.2005975,-1.1985757,1.038599,-0.8904077,-0.562581,-1.8701923,1.6469574,0.018725306,-0.17548609,1.5462728,0.6972995
1179,0.3483956,-0.21525307,0.3505531,0.7135408,-0.8074805,1.7949874,0.24883288,-1.3798842,0.11488218,0.28922713,-0.15770721,0.21723503,0.3403716,-1.5401351,-0.051620774,1.0859594
1623,0.5435982,-0.40207204,-0.11308595,0.8842361,2.3154006,0.23962285,-0.046178162,0.6146511,0.21964389,0.46701986,0.46062762,0.30218294,-0.88696635,-1.6202867,-0.981869,-0.21696287
1145,1.9238875,0.60926634,0.7213829,0.75938153,-1.2887126,-1.7540816,-0.52173275,-0.51759326,-1.2470063,1.5454288,-2.5281067,1.1805398,1.5779095,0.69015175,-0.02121377,-0.51764804
1151,-0.49550405,0.44198695,0.30562133,1.6380153,-0.1836455,0.09276509,-0.9733243,0.32102382,1.6488386,0.74354655,0.63338655,-0.12789962,0.4423558,0.48884615,-1.2640767,0.1618132
1637,-1.0073602,0.34365124,-0.30999932,0.5072858,-1.0003241,0.95435596,-0.24918345,-0.68057454,0.50565875,0.19849598,0.37756974,0.09693414,0.7659054,0.50817764,-0.90221465,-0.72711635
348,1.1289583,0.15446088,1.27195,-0.7589227,0.39287293,1.3179717,-0.24196765,0.09795764,0.2835163,0.8964796,-0.077275306,-1.3576909,1.2038932,0.38967925,0.17137629,0.24136609
1804,-0.68680406,-0.5352179,-0.5824458,0.7622471,-0.3250027,-0.85808456,-0.032281227,0.39600882,1.3440081,0.034291506,-0.4659517,-0.21518448,1.7713238,0.66750336,-0.5060972,-0.31734622
1810,-0.86264837,1.4356561,-0.3896778,0.13015352,1.0261661,1.1374676,-0.64801073,0.8861463,-0.4203496,-2.3260853,-1.5838375,-0.7987215,-0.5074726,-0.0031493008,2.5789404,-0.51799554
374,-1.9346915,1.4982868,-0.24370399,-1.4884976,0.901598,0.15733497,0.900569,1.5542076,0.67281836,1.7767684,0.10152581,-1.6010294,1.824118,0.21839625,-1.0704358,-0.7370541
1838,-0.41648954,0.56307954,-0.19560006,0.9253994,0.15810218,0.31517097,-0.6430887,1.1826699,1.1762533,-0.01138854,-0.32787144,0.008922219,0.62756294,-0.97469664,-0.06583732,-1.6305218
1186,-0.9407971,-1.5858526,-1.4638158,-0.39326295,-1.7085238,0.25559193,1.4524572,-1.5237023,-0.6696843,-1.3269535,-0.14737685,0.41932565,-0.2187238,-0.7353087,-0.33720368,0.41011608
1192,-0.20743665,-1.6600596,-1.5493984,0.58735454,-0.93173516,-0.2757861,0.008466154,-0.33658886,1.036832,-0.27467752,-0.6156854,1.196286,-0.35479677,-0.709691,-0.10200536,0.56466275
406,0.0921208,0.33007565,-0.00029158592,-1.3891739,-0.16747308,0.24178788,-3.014877,-0.23719576,0.51885307,-0.214508,-2.1803348,-0.52662516,1.4804835,1.4582617,-0.54961085,0.02482143
360,-1.1279745,-1.5891976,0.49582887,-0.34860647,1.1384487e-05,0.7236978,0.7633339,-0.4534176,1.9427052,0.064082265,0.46077403,0.32587254,-1.8806762,1.8189609,-2.33639,-0.8225095
77,0.1894894,0.49914134,0.5816902,-1.6570511,-0.3284285,0.99683726,0.14288794,-2.5715559,1.3161314,0.70173824,1.3099885,1.8532782,0.53882354,-1.9499812,-0.8397166,-0.055831924
189,-0.5045928,2.3496985,1.0019615,0.23403889,0.15101121,-0.07183227,-0.49541354,-2.0059004,0.30301386,1.7402002,1.1795175,0.27693132,-0.6295507,0.3256007,-1.6970812,1.4282317
1409,-2.3080094,-0.47756904,-1.1111062,1.1882813,0.041084323,0.022519767,1.3861542,-0.8956703,0.038162366,1.0062685,0.35303062,0.11846867,0.46658248,-0.7640159,-0.3217911,0.7403577
823,-0.3492356,-0.2182594,-0.86809945,-0.045635246,-0.99162966,-1.2034746,0.76534736,0.2432347,0.23258486,0.6311674,0.4117064,-0.04495883,1.1509075,1.9038739,-0.58765686,0.0526267
1347,1.6610224,-0.53126866,0.5854738,0.94039303,-0.17107718,1.0055962,-0.21897879,0.14777443,-0.22915472,0.4672755,-1.0114102,0.9346539,-0.05338514,-1.5382812,-0.39956883,-0.1437
1421,-1.4825625,0.91694236,-0.6302061,1.4008715,0.37436503,-1.45541,-0.9468964,1.2088534,-0.67746526,-2.296143,0.75164884,0.25570166,-1.9452268,1.7489645,0.5797437,-1.5495229
1435,0.6044471,-0.21210243,-0.9537548,2.0351968,1.3526763,0.4079737,1.0995038,-0.4081905,0.73455596,0.9007611,-0.37763563,-0.5857036,-0.20428365,-1.0973291,0.7508159,0.1261546
1353,-1.0360774,-1.6956148,-1.1116109,0.7939465,0.47998887,0.42482,0.87058854,-0.7759673,1.0357584,-0.3656245,-0.68562007,0.051347762,0.7101121,0.6951558,-1.0021852,0.62902963
638,1.1589626,0.4239755,-1.0434687,0.17429292,-2.11954,0.4280341,0.0925944,0.21471278,-0.4373239,0.28585538,-0.4325416,-1.0925648,-0.93857545,-0.4056751,-0.6768235,-0.49097735
1384,0.013953544,-0.6670163,-0.5557587,1.0181515,-0.43282205,-0.14484832,0.17601684,0.45810542,1.2305148,1.6543002,-1.2510324,-0.8959746,-0.9107195,0.09445712,-1.1580611,-0.81804657
610,-0.37287843,-1.1950334,-1.9693098,-1.5322772,0.1694092,-1.3461622,1.2570587,0.68625474,0.67528015,0.5569828,-0.41944632,-0.5144232,-1.0426905,-0.31031245,-2.1079612,-1.4379199
88,-2.594399,-0.061336897,-0.845001,-1.7416672,-0.29640937,-1.4947634,1.6001158,-1.2090353,1.7276405,0.25902557,0.4265744,0.8288263,0.7539499,-1.3061519,0.6323176,0.22870801
176,-1.1866941,0.71312433,-0.46161819,0.09334002,-1.6971478,-0.8524237,-1.2287322,-0.12628269,-1.0041367,0.61749244,-0.6223999,0.57210684,-2.6208203,1.6170883,0.4106114,-0.84934783
162,-0.471207,1.4069277,1.5779092,-0.9531392,-1.3552684,-0.38572848,1.5864099,0.48931426,-0.44522256,-0.6342872,-0.26782444,-2.4827962,-2.0495877,0.2309775,0.9691531,0.21246654
1390,-0.7755103,0.45609674,0.09685691,-0.15631695,2.7150004,-0.578894,-1.6599649,0.020189703,0.055230573,-0.30098912,-0.49334845,-1.756546,1.5110646,-0.17103365,-0.6950873,-1.0096467
1569,-1.4308572,1.0754311,1.4555706,0.30145884,0.9840733,-0.82715446,-0.023947626,-0.9438414,-0.033855557,0.32215896,-1.9252565,0.71564865,-0.6003396,2.3268805,-0.5014086,-1.268076
957,-1.1511333,0.10614227,-1.6826048,-1.4184681,-0.17908323,-0.9775008,0.06186962,-0.30488008,-0.7206324,-0.9161905,-0.7110651,0.7015203,1.0387897,1.0421863,-2.1830518,-2.7601411
1233,2.343769,0.3958129,-0.066286266,0.86404645,-0.97115874,-2.8690877,0.17268962,0.5230105,1.0796195,0.36833873,-0.4830933,0.016356677,-0.58198476,0.446407,0.9838807,0.96069545
1555,0.07171196,-1.0558282,0.72766596,0.36755767,-1.2191807,-1.0275111,0.80259895,-1.0696371,-1.1141398,-3.090918,0.5479194,1.4497824,-0.075763255,0.91117024,-2.6556056,-2.7657876
2048,0.6836747,-0.013488293,-1.3872746,0.2736978,-1.4379145,-1.154492,-0.17828989,-0.06722231,0.3391704,-0.05898568,-0.5356671,-0.5245686,-0.48818117,-1.9238385,-0.7809353,-1.3804121
1541,1.0254836,-2.1057117,-1.1976435,-0.2465897,-0.61076564,0.682639,0.47066167,-0.6896913,0.08130969,-1.7846955,0.030055255,-0.50485176,0.4361934,-2.138767,-0.78784084,0.21480577
1227,-1.2288089,-0.18471628,0.7594083,1.1143326,0.58256364,1.8976266,-0.49161834,-0.7934888,0.1357413,0.29176846,1.0251591,-0.15797329,0.096324995,0.47441337,0.32076147,-0.071324736
980,0.34668812,0.9875879,-0.6402715,-1.8309909,0.56264114,-0.78743917,-1.7264228,2.118207,1.2017883,-0.6064332,-0.16167724,-0.5994934,1.5321386,0.85437876,0.27596024,-0.29908168
758,0.1743668,-0.19007255,0.30395836,-0.9759811,0.98884094,-0.35517597,1.0508506,0.16143382,0.9129205,-0.19117689,0.052325137,-0.19985746,0.5912668,-1.6895471,-0.8105539,0.058918074
994,1.1703333,0.73433995,1.8231568,-2.0110264,1.2807714,0.7504102,1.2583966,0.21806437,0.4928259,0.8735509,-0.5285157,0.13958724,-1.5316064,0.6059886,-0.24026695,-0.5081821
764,-0.25229788,1.5585629,0.60678077,-1.6170815,0.23172142,0.6102543,0.50479376,0.24081379,-0.020083368,0.07752776,-0.5049957,-0.65613925,0.5939843,1.2190306,-0.31063646,0.29199624
1596,-0.49305984,-1.8316286,0.58044004,-0.79335785,0.35616398,0.41927123,-0.1467813,-1.2490418,-1.3046634,0.01598984,0.7446373,0.7123752,0.83861357,-0.30829716,-2.049414,0.16047761
1582,0.08986497,-1.8321034,-1.0844312,0.22051173,3.016407,-0.9150768,-1.4052805,-1.1349468,0.9732439,1.676048,-0.3850193,0.15962915,0.9344498,1.1600862,0.21351716,0.36147106
1019,-1.1477094,-0.54876745,-0.47608733,-0.26027688,-0.4516061,0.8636587,-1.25802,-0.37431115,-0.82678056,0.28405604,-0.2367,-0.61889446,-0.84985435,-1.7264512,0.6694596,-0.10300228
1757,-0.6178802,-0.97469956,-0.040441006,-0.067568205,-0.8414527,0.18363208,-0.61519444,0.8815707,-0.52850497,0.4870743,-0.8719576,1.1363082,-0.116982505,1.6085546,1.815117,1.0197871
1031,0.70947385,0.3370375,1.5175579,0.22339195,-1.0672703,-0.12848717,0.52301264,0.7768976,1.458102,0.67753804,-0.59801424,-0.5655169,-1.1772516,-1.2305834,0.2008685,1.8463778
1025,0.5836478,1.3041598,-0.4350699,1.4287964,0.42623115,-0.09657624,-0.753564,0.6742865,-0.45900488,-0.6081164,0.9978966,-0.4132499,0.5254839,0.4480616,-0.19667843,-1.5058835
1743,-0.39010626,0.16281955,-1.5278736,1.1033776,0.10016623,0.90041256,-0.6550015,-1.3507087,-0.026673984,-1.520881,0.77964675,0.20702493,-1.1919465,0.2950285,0.31079808,0.26490808
1970,1.0437559,1.4637167,0.1866085,0.92833865,1.182731,0.042457283,-0.87541527,-0.079472244,1.3063556,-1.4365543,-0.32506156,0.34294206,0.3668682,-0.86313677,1.8933427,-0.38962734
1964,3.0395606,-0.0074498653,-0.39630187,0.97216237,0.17850128,1.1138864,-1.1845418,0.7725401,1.1349211,-0.5292505,0.071554326,-0.17198545,1.1601057,1.3545811,-0.7332269,-0.017479002
228,-0.26084048,0.0349198,0.5171792,-0.35983717,-0.12567353,0.8625003,-1.2234101,0.90368086,0.1448136,-0.26701438,-0.36408162,1.3228666,0.4802451,-0.4118752,0.2590599,-2.1128204
1794,0.2544333,-0.5057783,-1.5323008,0.16764902,0.29751837,0.18187803,1.2301774,0.5477918,-0.16353992,-1.561648,-0.64315444,1.5761296,-0.06899062,0.52001756,0.8044672,0.3207333
1958,-0.7734303,0.08200662,0.24878961,0.16753757,-1.3258215,-0.014779627,1.5338224,-0.87332195,0.6482048,-0.30526465,-0.61779046,-0.022397265,0.38565892,-0.34410822,0.2119218,2.1108432
1780,-0.73705685,-0.2966161,-0.07618511,-0.079219475,-0.71718055,-0.15660322,-0.633664,0.58105063,-1.0526253,0.12516236,-0.16698682,0.31110114,-0.008816853,-1.4517987,1.8276162,-0.11509988
214,0.23380128,0.1631145,0.2790741,-0.11151268,-0.8691236,0.62187624,-0.4952644,0.99591583,-1.2703794,-0.6291201,0.18135351,-0.17418352,-1.1117444,0.35585818,-0.53981036,0.23913239
1960,-0.052835613,1.6097268,0.15081954,0.5013863,-0.54183275,0.35647634,-1.8096178,-0.17601317,-0.21592948,-3.0131266,-0.7375065,-0.9951383,1.2095418,-0.8580681,0.42013422,-1.1927121
238,1.4506742,0.1304237,0.3845369,-0.05813633,-1.9482151,1.843255,0.15926172,0.5597321,-1.0737345,1.3207768,0.2339567,-1.2455479,-1.1367425,0.4804134,0.78288484,-0.8929023
1974,-0.3952743,-0.037466913,0.7532707,1.56969,-0.714134,0.609888,-0.46489328,-0.71254224,0.27906716,-0.28915572,0.05939707,0.20602489,-0.26688814,1.1076803,0.9948445,0.2824974
210,0.50028163,1.0448198,0.23340708,-0.32828614,-0.7291607,-0.5752051,0.18329209,0.9787675,-0.32866845,-0.74135065,-0.44647327,-1.0290283,-1.1641173,-0.66125447,0.5324799,1.1896865
1784,0.08877611,-0.4927575,2.1641994,0.20100953,0.15829638,-0.90700036,-0.5788733,-0.2225824,-0.47574687,-2.411353,-1.0226814,-1.2371867,-0.31195536,-0.32963794,-0.4408667,1.4845912
1790,-0.5444153,-0.16738504,0.1849063,0.4102079,0.36808673,-1.4477663,0.7491942,0.91566986,-1.6421831,0.44844967,-0.8893732,2.397309,-0.62381446,1.2004137,1.554151,1.8183855
204,-1.8585428,-0.75397927,-0.34937346,-0.9363379,-0.96627533,-0.49173388,-1.361207,1.3722103,-0.12838817,-1.7056515,0.34599453,0.9184725,1.044214,1.7996461,-0.6456394,2.154047
1948,-0.44553378,-0.44230503,1.0558739,0.60079837,-0.027814955,0.4233629,-0.7832674,0.09773427,2.4749408,-0.23387015,0.3777511,-0.641917,1.1938235,3.3170788,0.24619687,-0.28308442
1009,-1.8325012,-0.842156,-0.6587009,0.7271895,0.080639035,-0.06319451,-0.056186557,2.0650208,-1.511795,-1.2108035,1.800175,1.7435411,-0.26548672,-0.15103239,-0.53284776,2.3501658
1747,0.3758692,0.12968414,0.24155968,0.026865438,-0.4288856,1.1592495,-1.4088293,-0.87410533,-0.6661971,-0.43550938,-1.7107373,-0.3223117,-0.77453244,0.22403592,1.2030661,-0.35444298
1021,1.2138004,0.079330906,-1.6570116,1.0981472,-0.5501628,1.0561981,-1.6878438,-0.18860507,1.505679,1.6315211,-0.5099133,0.041943856,-0.9560102,-0.55601674,0.34356904,-0.46701607
1035,-0.10031507,0.67728287,0.6754682,1.1952541,0.008645788,0.91646826,0.89225435,0.8280673,0.34370622,-0.8541792,-0.15802296,0.12456884,0.96931493,-1.1645728,0.5159767,-2.418122
1753,-0.60432255,-0.29759437,-0.047530815,0.21310873,-1.2899579,-1.8468156,1.6644071,0.40880257,1.6156603,0.09132781,-1.3162293,1.4513503,0.11483577,0.9838228,0.94410354,0.27942115
748,-1.1150495,1.2940831,-1.6164697,-0.6842589,-1.5360633,0.81866944,-0.7113182,-0.19994086,0.44018266,-2.1532397,0.95467794,-0.409279,-0.39753252,2.0898802,-0.42560026,1.5275908
990,-0.15153527,2.469326,-0.04584761,-1.800998,-0.64355874,-0.22155398,-0.5205075,0.30935055,0.8778769,0.05178702,0.69625187,-1.6399082,-0.9916702,1.3910905,-0.48010963,-1.2934203
1586,-0.20599627,-0.051589876,-1.3686951,0.7580353,1.5934935,0.5557813,-0.45930988,0.21718496,-0.702044,-0.048722416,-0.7498297,-0.21212828,0.9710176,-0.09151068,0.19694304,0.061818898
1592,-0.5875696,-0.31154925,0.27199388,1.1282052,3.200346,0.86522007,0.093133986,1.1052101,-0.08110212,1.1586509,0.28690794,-1.6295335,1.2672838,-0.22335428,0.53319085,0.81178814
1579,-0.57877964,-0.18348736,0.9571005,-0.0072508156,0.76806265,-0.14899266,-1.1227577,-0.15198861,-0.9115139,-0.98358893,-1.5084844,-0.48079312,0.23548126,0.17540461,-0.52362245,-1.3562771
1223,-0.36116683,1.0453117,-0.22870901,0.18059954,-0.7376564,-1.2910627,0.6954225,-0.32413518,0.7729554,-0.73628163,-1.6780335,0.6516379,0.2531659,1.5508205,0.30454165,-0.34099478
1545,-0.016910821,-0.52029157,0.1568021,0.73216873,1.6026117,1.0041103,-0.9282834,0.41946906,-0.2300726,0.011723101,-0.9860599,-0.78697133,1.1398709,0.74934614,-0.9147645,-1.0434856
2058,-0.07147178,0.49544355,1.1271799,-1.5681175,-0.4675331,0.73707795,0.1780195,0.30481997,-0.37595153,-1.5446162,-0.16183624,0.09814623,0.10571939,-0.27977747,0.21032727,-0.96919787
1551,-0.32914257,-1.5069888,-1.489374,-0.0505998,1.2515533,-0.5429599,0.6833806,0.69661546,0.8723849,1.3284018,-1.1913971,1.4463937,-0.528108,-0.7954445,1.2387211,0.14124513
1237,-0.1903491,-0.13180098,0.9658776,0.38150626,-0.4210145,0.34285486,1.3991783,-1.2605581,-0.73888826,-0.7431872,-0.041354537,0.39302453,0.72231483,1.2130709,0.602206,-1.5085139
628,0.30619663,0.9756755,-0.9277059,-1.0532464,-0.3448871,1.641551,0.45229822,2.4516304,-0.013981018,0.26308927,-0.6928472,-0.92609215,-0.8865693,0.74156225,1.0237372,-1.184042
1394,-1.4304485,-0.4819051,-1.8252442,1.148927,0.81616336,-0.053383708,-0.24980164,-0.10497594,0.6438621,0.5589299,-1.0079718,0.06734514,-2.1248412,0.5295725,1.6166031,-0.17267354
600,-1.0923848,-0.08299636,0.20944548,-0.9926691,-0.9434895,0.62387073,-2.0407956,0.14694032,-1.4787129,-0.2373536,0.32653618,-0.76750964,-0.04910575,0.91430587,0.77009654,1.6163266
98,-0.35138625,2.44953,-2.6342502,-1.2818532,-2.0290186,-0.5011547,-1.2006892,0.123666406,1.2600511,0.29758883,-0.3687331,0.8203946,-0.1464067,1.668991,0.26781085,-0.62147725
166,0.06643647,0.7761691,0.27648497,-1.5022929,0.46145883,-0.6358894,0.9046962,-0.8172184,-1.0597597,0.88415873,-0.33574927,1.7600687,-2.1313531,-1.6806859,-0.35557577,-0.4358902
172,0.8443123,-0.33776614,-1.060943,-1.047113,-2.1747336,-0.68667716,1.7169442,0.32995492,0.07087289,0.30118054,-1.1639454,-1.1271875,-1.0688989,-0.561362,-0.6861607,0.29499304
614,-1.096488,1.0214404,0.79695255,-1.5537646,-0.44728923,-0.86455667,0.8195705,-1.9030232,0.09461051,-0.08358781,0.7108001,-0.21052147,1.282399,-0.51451004,0.10737215,1.0487044
1380,-0.40402377,-0.026471652,0.79336935,-0.6537319,-0.2310315,-1.8156114,1.1568202,-0.7246504,-0.548066,-2.068228,-0.48103046,1.151293,1.2733042,0.6891248,1.51935,0.20648569
67,-0.53327036,0.30432892,-0.19685546,-0.20471463,0.847275,-0.25678265,-1.5976661,0.48269236,0.37889206,0.78716946,0.64962626,0.46607244,1.8459163,0.661986,-0.4642238,0.04721582
199,0.15614426,2.1738753,0.18786849,-0.106409095,-0.041546457,-1.4717703,-0.6582763,1.1101911,-1.3031836,-0.8559233,-0.45445538,-0.1759943,0.708227,-1.548151,0.9075946,0.5145748
1419,0.19366309,-1.0278795,-0.5481273,0.5373511,-0.29593778,-1.503793,-0.13914579,1.8263816,1.085699,1.4129944,0.8890909,1.0188341,-0.97299075,-1.544115,-0.6983381,0.04085374
73,-0.3576392,-0.22668254,1.1963524,-1.6262469,-0.0881795,-0.31907263,-1.0470972,-0.6505047,-0.20203751,1.5719147,2.4590218,0.19035473,1.7687776,-0.6975093,0.9438311,-1.0740426
833,0.18703158,0.036239654,1.9267204,-0.4053566,0.56515074,-0.88087773,0.63120836,1.3733835,0.9019078,0.2493871,-1.1086625,-2.0441546,0.6682209,-0.3140555,-0.8360213,-0.579641
1357,0.10210705,0.06341286,-0.98696464,0.7993706,1.2287741,0.020176053,1.2100968,-0.77514714,2.282652,0.29259315,-1.0190299,-2.5142095,-0.7851917,-1.6319964,-0.21443228,-0.010099292
1431,0.62022346,-0.36427382,0.13783187,-0.44512615,-0.0073058046,-0.5757418,-1.0218333,-0.29640362,-1.1006498,0.23525424,0.39225894,0.3026118,1.2910967,-1.5174752,1.8904054,-1.2441782
1425,-0.37511837,-1.0896132,0.2925609,-0.23128855,-0.005243093,-0.34693164,0.060381208,-0.78621995,1.3521994,-1.1113317,-0.3429438,-1.2515978,1.2738562,-0.042593867,0.53479254,-0.43570042
1343,-0.57223296,0.79008174,0.16751714,1.3159955,-0.88161737,0.33851632,-0.5534548,-0.25573784,0.41187245,0.26322627,0.5031626,0.59949446,-0.8599939,0.6513629,-0.7170104,1.1719949
1814,-1.2561026,0.056798667,-1.0381408,0.77557874,0.741515,-0.5727156,-0.071274966,-0.12844256,0.6814704,-1.5887883,1.1305882,0.4250169,0.17973965,1.0877364,0.77089816,-0.092383385
358,-0.6469219,0.12927206,-0.19059476,-0.34402135,0.60795593,0.1298859,0.12190974,0.06171979,-1.220598,0.9886149,1.0330458,-1.5750597,1.8153156,0.3265416,-0.5716913,1.1249008
1800,-0.05281668,-0.8101868,-0.97452176,0.040443406,-1.1418984,-0.7214947,1.7175534,-0.72392046,-0.17571598,0.76993966,-0.6073745,0.97058934,-0.5042545,-0.07454103,-0.63164365,0.6759785
1828,-1.1728219,2.7022557,0.35346365,2.4697428,1.0434518,-0.1430333,-0.8495548,1.2711484,1.4042401,0.8215899,-0.6327354,-1.2931521,1.2291267,-1.4080634,1.22814,-0.22125746
364,-2.3460042,-1.0526955,1.34453,-0.95347464,-0.9041721,-0.29081056,0.029854655,2.042712,1.9258798,1.1081624,-0.34098652,0.009558551,-0.27956212,-0.335374,-0.99357444,0.5057411
402,1.1601421,-0.01017496,-0.92674816,-1.5801028,0.95762265,1.7238944,0.8568425,-0.426847,0.9528788,0.4064568,0.6184156,0.69802964,-0.32055306,0.7344194,1.3105915,-0.27031955
1196,-1.7811371,-0.12649524,-1.0104479,0.2567374,-1.5183997,0.17143363,1.1798245,-0.55144,-0.28479996,0.004972756,-1.3250294,0.41535234,-1.0300329,0.32537895,-0.12244901,-1.9327451
1182,-0.6345308,-0.11102867,-1.5112269,0.374788,-0.9786868,0.024015486,-0.14442241,0.452237,-0.38686275,1.9116596,-1.0659287,1.8977003,1.5070462,0.5990538,0.8445827,-1.3446059
416,-0.7414551,-0.52511156,-0.766281,-1.7708561,1.0635003,1.2884784,0.420344,-0.78183097,0.33428228,0.71383226,0.5358666,-1.2220271,1.7836332,-0.15831342,-0.3467486,-0.11906038
370,-0.5031054,-0.5982872,0.32028133,-0.7820103,-0.24622318,-0.08280343,1.6983374,-0.056053076,-0.74331385,1.8635627,2.3810556,0.79817265,-0.2354485,3.0793085,2.3707092,2.0840063
1169,-0.098284304,-1.2848461,0.1979968,-0.90952265,-0.80651367,-0.1520335,1.6359949,1.3927063,-0.5599403,2.384087,-0.94631696,0.3024891,0.033954322,0.86034137,0.09156728,-0.94792426
1633,0.2542033,0.19763948,1.0866735,1.5683064,0.77316314,0.07810569,1.2596912,0.35411423,1.199691,-0.15113033,-0.03386402,0.10786377,0.22252928,-0.28116545,-0.54083395,-0.47600746
1155,0.11819328,0.042830437,0.02952534,0.21741022,-0.3985625,-0.16356945,-0.9598124,-0.018761143,-0.736713,-0.9371083,-0.7121052,1.2530593,-1.9105005,1.8341129,0.18775067,-1.3650665
1141,-0.38343495,-0.70041335,0.04110978,0.1701333,0.26495716,1.9336362,-0.7988454,-1.7367383,0.20383802,-0.497306,-0.073742256,0.7473863,-0.2117436,-0.26052082,0.062198877,-0.750677
1627,-0.32805732,0.43869108,0.6041792,0.109682426,0.8256797,-0.8634759,-1.145506,0.7155991,-1.3801255,-0.48676395,0.29780066,0.7029909,-0.6014053,0.48851994,-1.835686,-0.9535135
1140,1.6335412,0.6893463,-1.8335891,0.7457655,-0.7813322,0.39589018,-1.3447813,-0.42309308,1.5733085,-1.0201213,-0.3569268,0.720988,-0.87761915,-1.1134396,-0.41716808,-0.35705465
1626,0.966331,1.3157011,-1.0149531,0.687611,2.7983868,-0.67462116,1.1961391,-0.6231658,0.6953259,-1.1487721,-2.9212263,-2.2492423,-0.28320718,-0.27693358,0.41724667,0.87811965
1632,1.0001664,1.1788881,0.34869576,1.4126054,-0.6078845,-1.792061,0.49281478,-1.1160971,-0.9023941,0.52974164,1.7667793,-0.6005132,0.032414805,-1.2431672,-2.1349797,-0.18189508
1154,-1.2434316,-0.7349471,-1.186941,0.2408732,-0.09539066,-0.47368464,-0.69319844,-0.17149839,-0.7442213,-1.2761036,0.27415234,0.66384435,0.14071205,1.1694099,-0.35462934,0.22437005
1168,-1.3637886,0.80585617,0.6751925,0.57005614,-0.31495738,0.60545206,-0.31301588,0.92216974,-1.6785545,-2.4348838,-1.3892488,-0.20737864,-0.16114622,-2.1081982,1.6410773,0.4908362
1183,0.7875152,-0.18850738,-0.25847995,0.91604114,-2.3000257,-1.0150735,-0.10591015,-0.07597777,-0.60683507,0.5200238,-0.815845,1.1333623,0.6350069,0.3880092,-1.5624955,1.3048669
371,-0.53425974,0.52448064,-0.03125213,-0.42663425,0.37906706,-2.762631,-0.6263343,-0.87538415,-0.58274335,1.3733974,3.3309615,-0.10367903,0.86035955,1.0669293,-0.100108445,0.36280137
365,1.4205657,0.9494511,-1.0679588,-0.11645134,-1.0350014,0.30512843,-1.413101,-0.11326727,-0.1386111,0.5828849,1.9257902,-0.7421198,-1.1923686,-0.09853721,-0.75303566,-0.38739878
1829,-2.046526,-0.6386202,1.0774417,1.1916783,-0.06305501,0.7233197,-0.68361086,0.24027234,-0.31934613,0.044835784,0.09448481,-0.07758482,1.1898034,-1.7052233,-1.4392111,0.09062947
1197,0.9220985,1.9117514,-0.74148405,1.1383346,1.3811383,-0.86631036,0.957013,-1.0447042,-2.449888,0.8262319,-0.14755598,3.189583,-0.6325537,-1.3216419,-0.7746622,0.46032256
403,-0.52371824,-0.23867917,-0.5324072,-0.28713182,-0.13597319,0.27232182,1.367579,0.33433044,0.08147065,-0.10973966,2.2040434,0.7533131,0.034963608,-1.5146651,-0.22917789,-0.21382439
1801,0.6952246,-0.0035388768,-0.71273565,0.86814237,-1.2496135,0.3329259,1.3615584,-0.97007114,-1.3738766,-0.7526326,0.90651226,0.0031781197,0.31287116,0.8539232,-1.975299,-0.30992118
359,-0.6745532,0.55194694,0.99351937,-0.9243977,-1.098564,0.8909055,-0.66232425,1.4890481,-0.6269697,0.44534788,-3.442972,-0.38363242,1.5774875,0.1556499,0.061086446,-1.7427701
1815,0.39967746,-1.0907439,2.16112,0.9798203,0.71913517,0.20271203,0.32901382,2.164504,-0.74853355,0.8240961,-1.5983683,1.2197785,0.58681655,-0.7102952,0.33122027,0.475444
1424,-1.5231594,-0.93262404,-1.1142248,0.8451531,-0.20341939,-0.7802703,0.4965768,-0.96146023,1.2847761,0.90176696,-0.5810493,-1.5698059,-0.37677974,-0.02006489,-0.6811647,0.67494667
1342,0.25606346,0.077568814,0.51052946,0.65485555,1.2848743,-0.44529617,0.8060539,0.1773783,0.47433126,-0.01993531,0.044331014,0.31160536,1.1162487,-0.7734747,-0.5983904,1.8149228
1356,-1.1492347,-2.7413187,-0.645881,-1.0728974,0.23075376,-0.2590074,0.4032361,-2.6497731,0.5279939,-0.08324453,0.045362294,0.4899818,0.08278853,-1.6011317,-0.898799,-1.3925716
8,-0.88819385,-2.4110718,-0.6068471,-1.1117256,-1.9398581,0.847129,-0.7308261,-0.26523912,0.1603309,-0.29106873,-0.4030022,-1.1956906,0.22590499,1.7832477,-0.36678883,1.9864683
1430,-0.66732097,-0.15340364,-1.2023189,1.5196917,-1.1577489,1.578259,0.32660124,-0.016681392,0.29946807,0.15974995,-1.5448828,0.73452455,-1.3019711,-0.10810265,1.326394,0.72862786
1418,-0.31887,-0.9699748,-1.4861709,2.381522,0.4652269,1.6280468,0.7973205,1.6889825,-2.3345582,0.4379121,0.91830385,-0.39851445,-2.183981,0.8651556,-1.8964994,-0.108830586
72,-0.18713993,1.2466681,-1.2633895,-0.87172896,0.4790485,-0.23204398,0.5094049,-0.26869133,1.0432794,0.27370256,0.43153968,-0.3069202,0.07244344,-1.2657948,0.47628546,0.13116749
826,0.23776186,-0.48336217,-1.8967466,-0.40750098,-1.168682,1.5206867,-0.802724,0.8630769,0.18896112,0.48398602,-0.163921,-0.6522013,0.75868064,1.3865126,0.33109808,0.19763945
198,0.9423715,-0.020389497,1.0177833,-0.7683293,-1.3550246,-0.31225002,1.1470953,1.115824,-0.42110184,-1.093684,-2.515881,1.7541579,0.8275772,-0.28429615,-1.0014544,-3.0506084
173,1.5084958,1.5935333,0.0670641,-0.6156085,-1.3914686,-0.002857387,0.28147566,-1.0235282,-1.3483204,-0.47169006,-1.0104575,0.37103117,0.05761998,-1.8480017,-0.58286566,-1.7759311
1381,-0.3894418,0.32962096,2.1584044,0.19889596,0.525857,0.27577648,0.73687553,-1.715126,1.4095112,0.7252117,-0.74185514,-0.556473,0.78874284,-0.11540092,0.8924421,0.5778452
615,-0.19440663,-1.7743856,-1.2683611,-1.1097026,1.0791963,0.3975202,-1.9240642,0.59104806,-1.9745461,-1.5274081,0.58082527,-2.4789352,0.5981864,-1.3979173,0.25163066,0.48773012
99,0.9387789,1.3914096,0.4177907,-0.94682324,-0.98884374,0.3451009,1.5329213,-0.2541722,-0.8635323,0.8012146,-0.8797385,-1.2732773,0.62702763,2.358396,0.37260276,0.8631769
1395,-1.0553033,-1.123455,0.117623284,1.377993,-0.6288981,-0.116024256,0.8375026,-0.6605283,-0.29186165,-1.0650277,-0.3305843,-1.3339992,-0.043103326,-0.3388092,-1.1245506,1.5158887
167,0.0994671,1.1450171,0.0081572225,-0.50076157,-0.7876195,-0.59684527,0.68623304,1.4058754,-1.1491008,-0.43737638,-1.2962971,-2.978339,-0.4642113,0.13027921,0.04454261,0.5221213
629,-1.1596537,1.7987912,1.0723933,-1.0455842,0.8383005,0.7174786,0.47706717,-1.1720068,0.81762,0.5469575,0.7921573,-0.13022372,0.06067186,-0.7138047,-0.44144097,-0.0042478144
1550,-0.4608189,0.70064056,-2.1475375,0.59238446,0.6607953,0.9227262,0.68840146,-0.22370724,-1.1004888,-0.5582049,-2.0889912,-1.6397396,-1.1258585,0.22917938,-1.3849167,-1.2623911
1236,-1.548101,-0.5343357,1.951236,0.113792285,0.711865,-1.9058547,-0.7908225,0.5944372,0.31621128,-0.68786883,-0.5443303,-0.7059963,1.3506203,2.0814075,-0.24775729,-0.6270711
1222,0.6464666,-0.3651091,0.6617923,2.482748,-0.7949307,-0.5297551,1.5316657,-0.33832762,-1.0326643,1.0491698,0.8557047,-0.16711116,0.39525408,-0.26365122,1.4273106,-0.93435585
1544,-0.77153957,-0.9585495,0.6270822,-0.22546437,1.6949695,-1.5602573,-0.5905838,0.5708099,-0.91480714,1.9929228,-0.7370726,-0.32481754,-1.5695225,0.6401359,0.8166305,2.1222901
952,1.0241348,0.3337127,0.9228061,-2.3618827,0.73002625,0.051532447,1.0638821,-1.9227133,-0.23495913,0.6161109,0.1883699,0.70037854,-0.60052955,-0.8812751,1.5274895,1.5963789
1578,-0.906922,-1.4371976,-1.0840974,0.5342265,1.6270007,0.28069648,-0.035254,0.25759295,0.8250174,-0.40271357,1.3073046,0.8263453,-1.2717869,-0.12299889,1.6726875,-1.2479466
1593,-1.791568,-1.4534442,-0.19433494,-0.17668894,-0.5330744,-1.7421975,0.23778595,-1.9032208,0.49953452,0.27556205,-0.4326996,-0.13615994,-2.6463227,-0.83190066,1.5795741,-0.2941299
775,-2.8386097,0.023632672,-2.4403827,-2.5112906,-0.80226123,0.015244514,-1.1762747,-1.221965,-0.7957348,-0.92158335,-1.7754834,-0.15939386,-0.29659304,0.11558165,-0.9277504,0.2486102
1587,1.3469105,-0.5873475,0.95725393,-0.061473787,1.6345533,-0.4633189,-0.48123896,1.8241994,-0.61762583,-1.243758,0.25539243,1.2518731,0.6419493,1.0149083,-0.9888469,0.43178022
985,0.74146426,0.61311805,0.7643557,-1.1556101,-0.3807522,-1.5130394,0.86068285,-0.9775056,0.5496658,0.6270215,-0.85724306,-1.1423482,0.64086676,-0.19599849,-1.1785514,-1.3571154
991,-0.927122,-1.3257709,0.6971023,-1.2360165,-0.38782063,0.39741325,-0.97445536,0.4674255,-0.602694,-0.8999145,-0.22601104,0.24306405,1.0546005,0.31918994,2.092064,0.6539432
749,-0.5747895,0.8714438,1.2996596,-0.9161354,-0.67264557,0.0050016493,-1.697099,0.11763364,0.60864705,-0.42170295,0.64974743,-0.80280584,0.13691661,-0.8637674,0.56861067,0.030492399
1034,-0.66230416,-0.29563618,2.482867,-0.21176381,-1.1413872,0.549702,-0.15355754,-0.5818559,-0.5596911,0.006494522,-0.4935053,0.6249368,1.7496676,-0.43972996,-0.1262219,0.021597862
1752,-0.3168122,-0.8908833,0.26503637,0.21578829,1.6550355,0.9009174,0.8758557,-0.23366225,0.5066485,-0.5369353,-0.15127245,1.0616007,0.2612899,0.38475692,1.1044848,-0.038715303
1746,-0.14249095,0.449279,-0.5836007,0.07068795,1.0952634,0.6027113,-0.35690892,1.0405176,0.48296618,-1.8797852,-0.74868405,-0.0144403875,-1.1607536,0.1692291,1.6870198,-1.3043315
1020,1.0027852,-0.26788974,1.1045914,-0.36557728,0.4137823,0.6809447,-0.27901375,-1.1664526,-1.5296202,-1.4302437,0.20557472,-0.40546933,0.9675605,-0.24030712,-0.23215911,-0.7448142
1008,1.067569,0.029504001,0.43762407,0.35086086,0.5014493,-0.9629266,1.41293,-0.11923909,-0.6878403,-0.02915442,0.7150731,-0.011985362,-0.4780513,0.42580914,1.5439907,-0.3606793
1949,-1.3287551,-0.14705527,0.9388217,0.96121687,-1.0784044,-0.8955465,0.13594043,-0.7990384,0.69911456,0.4731507,-0.30155605,-1.9925358,0.45761412,-0.44948447,0.4477674,-0.59563774
205,-0.33225542,0.99204284,-1.7250541,0.83454055,-1.8261759,1.8708491,1.6296344,-0.4166117,-0.61421347,0.46477082,0.597006,0.1349371,-0.17269087,0.72063804,-0.4985831,0.7322817
1791,1.2848364,-0.17449886,-0.5523176,-0.24247408,0.06053555,-1.1143696,-0.69039047,2.3096333,0.47724634,-2.3599453,-0.48374218,1.1649508,0.8641726,-1.791393,-0.70860994,-0.7715049
1785,-1.2579056,-0.69062984,-0.06470075,0.97414285,0.0043061282,1.2275178,-1.1847157,-1.1167018,1.22627,-1.5487477,0.1261422,0.41859275,-2.3286648,-0.62244594,0.8227626,0.5390481
211,-0.7688577,0.4316063,0.5545769,-0.12772079,-0.7095113,-0.8847866,0.50372934,2.2349102,0.26590168,-0.72372633,-0.49351132,-0.51996094,-0.5803982,0.28792474,0.8346752,0.19209222
577,-0.29057097,0.5007598,0.3948378,-0.7156274,-1.7673751,-1.073266,-0.19026682,-0.5944658,0.45450032,-0.78330743,0.69411254,-1.7908128,0.6462993,-0.05133933,0.36070177,0.9057051
1975,-0.5114927,0.9330714,-2.5414882,1.8147275,-0.82340986,2.1293664,0.9142615,-0.14463721,0.9548537,1.3859192,-0.37729675,0.49418664,-1.1566983,-0.34575313,2.019414,0.08145904
239,0.6507739,0.10120426,-1.5368258,0.57100916,-1.9876817,-1.6849935,-1.1845055,-1.1843022,-0.85760784,0.4724687,0.16969323,-1.0252407,-3.3011193,-0.2631145,-0.70944816,0.09729159
1961,0.5762462,1.786195,0.16489917,2.0756454,1.2689189,-0.49336994,1.077035,1.1468897,0.13089502,-2.505527,0.88277084,0.03594476,1.1192732,0.37203556,-1.012029,-1.0593145
1977,3.0943334,-0.8870009,-0.47713685,0.45726687,0.63755023,-1.4027483,0.17598337,0.6584272,0.9534704,0.1124958,-0.19331339,0.9479636,2.488048,0.2610062,0.90426534,-1.4261422
1963,0.8523136,1.5091422,-0.27801025,0.5538315,0.18334533,0.0866805,-2.0120754,0.2969315,-0.32902443,-0.27080747,-0.25247192,-0.32506213,2.238305,0.2161031,1.9105787,-1.2798365
1793,1.223052,-2.0872786,0.55280286,0.32161322,0.83940226,-1.1231599,0.9738761,0.044739895,1.1769012,-1.334369,0.041683592,1.8858356,0.89271414,0.6808361,-0.58854073,-0.4005111
207,0.66803277,-0.19764876,-1.0173813,-0.08526628,-1.8498644,0.48004776,-0.17677855,-0.32185087,-0.14791015,-0.6518469,-0.17354256,0.046541624,-1.0136104,0.53473234,-0.20085467,0.53684
561,-0.7151456,1.1032541,-0.24296209,0.17998621,0.2410782,0.5478665,-0.36596,0.013609886,-0.46786112,1.0942279,-0.22534949,-0.2811756,-0.401394,1.1032034,-0.01217369,0.37983945
213,-0.2879833,0.23279235,-1.7509704,-1.1373608,-1.6160241,0.24854119,0.2578743,-1.1979665,-0.96224797,-0.012510538,0.25592458,0.79081917,-0.34315658,-0.2461476,-0.4011979,-0.5046448
1787,0.56144154,-0.552825,-0.15700361,0.60432804,-0.048901573,-0.9741319,0.055625707,-0.3259171,1.0814507,-1.1508055,-1.3947613,0.5098144,0.5307915,-0.43678,0.3281038,-0.37132418
1778,-0.45828867,0.4070664,-1.320269,0.6245146,-1.0634139,2.4894867,0.5574581,0.05016046,-1.7014201,0.49095154,-0.46385106,-0.6740895,-1.1314821,0.41842496,1.4110962,-0.16096109
1988,-0.7356372,-0.7835672,0.31734106,0.10163392,0.91612536,1.2552923,-0.9900745,-1.0979311,0.7097093,-0.6153215,-1.2969124,-1.3181689,0.08165468,-0.9036,-1.0847437,0.37308985
1750,1.5788829,0.24244897,-0.34997964,0.81158364,0.38888788,-2.2779717,1.5651038,0.6039869,0.06349805,-0.5117183,-1.0075243,0.08982581,-0.38530397,-0.51131904,-0.5079827,-0.30851364
1036,-0.74333596,-0.53308165,-0.28066304,0.68419737,-0.22075543,-0.5115551,-0.5167822,-0.3179834,-0.4168541,-0.5036034,-0.040158592,-1.0519005,0.75237656,-0.72836894,-1.3775196,0.8033855
1022,-0.20732296,-1.8651783,1.2718713,-0.14831564,0.48454848,0.62366766,0.907606,0.08614142,-1.202642,0.045183398,2.2266793,0.463952,0.06775367,-0.051537395,1.2517123,0.16983792
1744,-1.970408,0.28040227,2.2003334,0.26674417,1.4904865,0.4004376,-1.3692646,1.0808448,-1.5566621,0.30843097,-0.56103843,2.341054,-1.4718504,-0.24562104,0.7206738,0.879302
987,-0.17496261,1.2940844,0.52134675,-0.9640526,0.17865202,0.9595121,0.74669725,1.1562147,1.3565842,-1.2436305,-1.1951083,-2.2772908,2.0010777,0.2634952,1.5733044,1.241872
993,-1.2817843,0.19902018,-0.29714936,-1.7814996,-0.71044123,0.112329304,1.3904746,0.36064476,1.4350764,1.8751743,-2.3644176,0.14449912,0.05584173,-0.09071955,-1.000371,-1.9220116
763,-0.3708446,0.31469408,-0.6255092,-0.5396652,-0.91835546,0.5929024,1.3003693,-0.77810246,-0.18398364,-1.0222225,0.9532153,0.71294993,0.29006487,2.5167027,-0.790213,-2.8035707
1591,-0.50497097,-0.12312329,1.1187736,1.3900806,-0.84574854,0.56814337,-0.5213288,-0.4496703,1.5826083,0.6878872,-1.2961656,-0.74383503,-1.5877465,-0.22086957,-0.90472317,-1.9164388
1585,-0.5677506,-0.019924164,-0.39442414,0.54306906,0.04640618,-1.6880383,-0.87041914,-0.1365864,0.14666031,0.5678443,-0.33239156,-1.3819566,0.0010000765,0.062794656,0.49025404,-0.98818475
777,1.5876472,-0.32259285,-1.513843,-1.235843,1.5478729,1.1227045,-1.0826297,-1.4945381,0.9595206,-0.18996856,1.2671899,2.5347633,0.9494537,0.3218814,-0.16246527,-0.8481303
944,0.2267231,1.9879695,0.87647575,0.33500478,0.1529013,-0.5733961,0.8362949,0.31552124,0.36054698,-1.1874114,0.8646392,-0.46473074,-0.5258971,-0.026182123,-0.41619575,0.29493344
1208,-1.4996672,-1.3464417,0.7411896,1.402374,-1.2971166,0.7671843,-0.52425206,-0.6403537,0.94766223,1.3014874,0.21159631,-0.39017385,-0.85347044,-0.39635208,-1.6001747,-1.2513518
978,0.17144018,0.27196166,0.86117506,-1.4527651,1.3880527,0.4157628,0.47498137,-0.83524394,2.317714,0.20217007,-0.68080866,-0.8920826,-1.1633925,1.4557006,0.081009835,0.2342492
1234,0.4607459,-0.037446946,0.21187097,-0.089479536,0.014381118,-0.1747813,-0.6053683,0.31072074,-0.65991807,-1.1246237,-1.7678206,-0.28580195,-0.051682353,-0.15547091,1.4152011,0.36861306
1552,0.14127448,-0.674302,-0.01638594,0.57363355,1.2027088,-0.3146317,0.36121148,0.43378168,0.6860663,-0.16330847,0.98045653,-0.10876757,2.356686,-0.23976631,-0.3191249,0.8416625
1546,-0.16092837,0.4792088,0.033495292,-0.11340959,2.7496939,-1.9523456,-0.21238892,1.4717157,0.5427928,0.84795487,-2.6020942,-0.50947356,-0.6630066,0.24110758,0.48232734,0.50158083
1220,1.0039843,-0.7527863,-1.4392855,0.7145653,-1.2987704,-1.3489857,-0.83446026,0.7714482,0.3202498,0.34911102,-0.42371207,1.2709491,-0.35934848,-0.07479857,0.20914397,-1.5486252
159,-0.5591017,-0.66930884,0.095909595,-0.8723662,-2.611422,-0.5229297,-0.6965862,-0.5032634,0.92633986,-0.62758386,-0.9331686,0.68374205,1.1846669,-0.41170987,0.29294196,-0.855733
617,-1.0270028,0.848724,0.82782936,-1.5244591,0.63618314,1.3102386,-0.13125204,-0.16986555,0.8273874,-0.40260407,-0.7944456,0.0005378574,1.9425097,-1.163441,-3.017989,-0.30137974
1383,0.34501266,0.04844162,-0.7482444,0.8497023,-0.6184192,-0.0382995,0.7423418,-0.45708528,1.2171476,0.89765775,0.04313913,-1.2873409,-3.115766,-0.31053016,-1.2893428,-0.4416393
171,0.12377286,0.17102738,-0.4922398,-0.34331292,-2.2486548,0.75677025,0.82213604,1.257727,-0.3688402,-1.3995144,-1.7198484,-2.5185955,-1.81724,-1.718217,-0.563607,0.81586194
1397,-0.0025903136,-0.20633069,0.0033139866,0.013567634,-1.2009585,-2.214756,0.10693121,-0.8740894,-0.80646473,0.38197696,-2.5854125,1.4165666,-0.6648153,0.42486557,-2.0171227,1.807374
70,0.43859112,-0.11507934,-0.29344204,-0.6495333,-0.49501607,-0.2779673,0.06822446,1.2269149,0.08987197,0.7819656,0.31139484,-1.1250082,0.92617154,1.1943685,-0.42577446,-1.1852934
830,0.044499636,-0.92869073,0.71988416,-1.1511416,2.2793636,-0.8559614,1.6527722,2.059274,1.1940973,0.2848946,-0.20671245,-1.3998271,-0.6540189,-0.90762055,-0.45788628,0.6384827
1368,-0.48293734,-0.71313626,-1.8257418,0.025710836,-0.8378545,0.35407972,0.37995535,-1.4217703,-0.14245175,1.3637583,-1.1409863,1.7537594,-0.51018924,1.4452839,-0.70967466,-0.02264607
64,1.1198866,1.3949107,-0.54000175,0.10702965,-0.58273494,0.49216905,-1.0535778,0.39167196,0.43043643,0.60985225,-0.77251506,-1.0448071,-0.9921678,0.11240655,0.63705415,-0.67712134
824,-0.8141773,0.8840296,-2.2169669,-1.2402195,-0.043940887,-0.5319694,-1.7725431,0.3167531,2.712205,0.85990125,1.2068872,-2.1818447,-0.4846372,-0.9426019,-1.6370983,-0.31329918
1340,-0.92497855,0.6881974,-0.90765893,0.5265073,-0.05289066,-0.2880955,-0.964005,1.3468497,-0.378418,0.67605984,-1.8549476,-1.3424814,-0.16186237,-0.56542134,-0.2487238,-0.31814694
1426,-1.3699894,0.1439971,0.2601561,0.9814373,0.9289063,-0.263603,1.0023322,0.42064235,-0.027968027,1.14981,-0.71041024,-0.06420635,0.28954297,0.41447306,1.1190948,-0.82937014
1432,0.6755562,-1.1114035,-1.0543748,0.7767016,-1.2117307,2.37776,0.07819629,-1.541016,0.8914647,-0.2184982,0.5270888,0.2483528,0.5336273,-1.1057149,-2.0605657,-1.5086217
1354,-0.14116994,-1.1509868,-0.44190973,-0.3463164,-0.4836228,-0.9099273,0.3147214,-0.64154387,0.6921595,-1.5921731,-0.14406127,1.0165255,-1.5842202,0.6010262,0.9066721,-2.0640416
58,0.08840817,-0.63685304,1.038346,-2.520217,-0.42165962,-1.4298022,-1.9107913,0.7672822,0.046662718,1.3766656,-0.12659444,0.48255965,1.4845433,-0.60256386,-0.024833858,-1.5291536
818,-0.34896854,0.76253116,0.4321803,0.48633024,2.2315946,0.3920068,0.06607583,-2.2363303,1.7140456,0.1696553,2.1647162,0.4109701,-2.9935036,-0.36830598,1.8617171,-0.43901277
1803,-0.87188256,-1.1105529,0.12348054,1.1280482,-0.31934077,1.4455695,0.04967162,-0.68862677,1.1156936,0.7519386,0.50159025,0.56042445,-0.040807173,-0.0010676086,1.0242736,-0.7193296
429,0.7073186,-1.8158436,-0.20932181,-0.016362615,-1.6206555,-0.51959306,1.1717755,0.58349514,0.21427244,0.0010275245,-2.0704882,-0.44204795,0.6705927,1.1608325,1.086278,1.5199846
1817,-0.14618406,0.13686755,-0.80830175,0.86560833,0.14073929,-0.573017,0.32200325,0.97530246,1.2695884,0.56363887,1.6619966,-0.9682027,0.8982992,0.22361925,-0.1779702,-0.045725614
1181,-0.17643832,-0.12610333,1.0018997,0.81605464,-0.10810988,0.5456017,-0.4261823,0.42074007,0.5760926,0.48167205,0.16339332,0.8991786,0.85246444,0.9962009,-0.15825272,-0.16085362
415,0.37762207,0.75308585,1.7144277,-1.3621954,1.7421124,1.0820303,0.7554817,0.71547556,-0.09963648,0.9974259,-0.3719207,1.3690301,-0.37707403,2.1424222,0.7043992,-1.1278958
401,-0.3922462,0.32602057,1.888335,-1.5109228,1.2817909,-1.3389542,-0.9625048,-0.6838239,0.608096,0.57259905,2.1970751,1.539462,-0.056058526,2.1339548,-1.3900654,-0.3998127
1195,-1.2711275,0.3424221,1.1821645,-0.20230493,0.25502852,-0.45662987,0.10779357,-0.56599593,-1.9407469,0.9896542,-0.25848117,-1.1176379,-1.1127307,0.04666257,-2.9860005,-0.52776486
367,-0.31278566,-1.2768834,-0.8647367,-1.0279889,-0.55753064,0.50124973,0.33488873,-0.11031824,-1.1056702,-0.15259045,0.061264724,-0.35823745,-1.4387939,-1.6744144,1.1459584,1.3249242
1618,1.1867521,-0.16496785,-0.7711081,0.915301,0.2004735,-0.24630606,-0.10132259,0.1479778,0.2207575,1.0109855,-0.9540715,1.6555718,0.11842966,1.1857759,-0.4350394,2.1386733
1624,-0.30650562,0.5109373,-2.231537,0.8262599,1.1092559,-0.80646706,1.3506563,0.7156307,1.3078473,0.5438606,-2.2262425,-0.26413435,-0.36647332,0.34663552,0.43804228,0.5168748
1142,0.05615571,-0.08538151,-0.62494445,1.162136,-1.4711673,-0.10007541,-1.7611827,-0.5739187,-1.6030818,-0.12869084,-0.5520686,-0.8260798,-2.1119618,-1.0576094,-1.0705016,0.966122
1156,1.2677563,0.2833401,-0.6092171,0.80781764,0.5378398,-0.56466824,-1.8747586,1.3400675,-0.091525994,-0.8311368,-0.34291607,1.3330426,-0.2938919,-1.0346107,-0.8096704,-0.08969832
1630,-0.31723842,1.239736,-0.11343762,1.3003657,0.12927276,0.7475942,-0.33997726,-1.1151747,0.0213687,-1.0074136,-0.012087345,-0.24414688,0.59995896,-1.8954992,0.03213729,-0.8863961
1157,0.9149231,-0.12251494,0.4581379,0.43013656,0.20813599,-0.6337586,-2.4491494,0.46223587,0.12002549,1.3195227,0.5236075,0.902437,0.27677667,-0.843058,-0.5197332,-0.34745586
1631,-0.27878138,-0.74195355,0.6516241,-0.6657735,1.1897112,3.0506792,1.187222,-1.8868086,-0.71916914,-1.9770494,-0.100411594,-0.96476454,0.6183557,-1.0785766,-0.54630613,0.18057463
1625,0.058652177,-0.30814922,0.10035687,0.23898269,0.5722366,-1.3712599,-1.8626602,0.72605205,-0.6879867,0.032324106,-0.631007,-0.59291196,-0.40283433,0.3178469,-1.1441426,1.2204932
1143,1.4497608,-0.11294601,-0.6103599,0.61086917,0.23047741,-0.62273306,-0.037064314,-0.46892664,0.47025856,-0.84062785,0.58675003,-0.60975003,-0.58705986,0.48279595,0.18623137,1.116749
399,-1.550817,1.0065069,-0.4984873,-1.6608847,0.07344894,0.020076603,-0.015190363,-0.81698287,1.3100568,1.2977355,-1.3441492,1.3232989,-1.1879635,-1.1880242,1.584011,2.186369
1619,0.3277024,0.5830697,-1.5373046,0.2517779,0.6791197,-0.51632404,-1.6063724,-0.39862227,-0.42434198,-1.6927705,-0.4122943,1.9551256,0.9081961,0.6108768,-0.91884214,-1.339969
1194,0.3848002,-0.8868194,0.657102,0.41780585,-1.268559,0.28253138,-0.73394966,0.42710647,0.23319559,-1.1289908,-0.002927512,0.9370023,-0.36960754,-0.6814862,1.7831819,0.48128343
400,-0.27322006,0.9016817,-0.49563786,-1.5512466,1.3828934,1.9369714,-0.5316163,-2.4646175,-1.2557395,0.9258597,-1.452981,-0.53085995,-1.0614822,0.28525066,2.1713948,-0.8943387
366,-0.73512745,1.2064265,1.1925453,-0.35559666,0.6051756,0.60844576,0.5199538,1.4047482,0.73090243,0.8558426,0.71399546,-0.30884272,-0.1648334,-0.9424724,-0.56144905,-0.49631172
372,0.87530595,1.2994016,0.407428,0.58064485,-0.049179688,0.29472482,-1.0692484,1.322721,-0.9640874,-0.60337025,-0.6306169,-0.71533924,-0.7011516,1.3076718,-0.49913555,0.39869857
1180,0.3226523,-0.16141973,0.98698646,1.5890346,-1.4829594,1.6022002,1.6590407,-0.39306873,0.073517114,1.0332192,0.38123366,0.446395,-0.26867345,-0.85426944,0.7428828,-0.020713896
1816,1.8415499,-0.16448796,0.18322903,0.8364077,0.057562754,-1.1959078,-0.038607925,-0.71105605,-0.2884892,-0.91144276,-0.25138408,0.45083416,1.0588535,-0.7257465,0.20157042,-0.4557672
1802,-1.0756326,1.3986799,0.0027774572,-0.11368939,1.3105806,0.10744679,0.07400167,0.17604646,-1.699289,-0.4834362,-0.88572073,0.504966,1.5799419,0.5873915,-0.83740014,0.16470909
428,-1.8094703,-1.3885072,0.03457372,-1.7122087,0.84824735,1.0197692,1.7729974,0.7392621,-0.6062024,-0.12008381,0.017428026,-0.98454875,-0.7701191,-0.9670914,-0.4977497,1.6423943
1433,-0.38327906,-1.5646853,-0.89095306,0.985589,-0.42645016,-0.014003575,0.4181875,-0.8079499,-0.5017897,-1.5336533,-0.41581553,0.43920872,-0.0630351,-0.5851683,1.5715814,0.7634941
819,0.050037265,0.6410078,-0.1259882,-1.3519416,-0.44708055,-0.016014665,-3.1211736,2.1140504,-1.8765697,2.1353087,0.33987555,1.0709258,0.07050759,1.3982043,-3.482599,-0.6161893
59,-0.29242617,1.2349229,0.26033068,-1.5483899,0.33829355,1.5126426,-0.3133654,0.90535855,1.1065923,0.28297967,2.063444,1.0677965,0.514874,-1.4281216,0.6675701,-0.6915182
1355,-0.09152517,-1.4285734,-0.69400865,0.7634547,-0.2887558,-0.21716821,0.30160356,0.88560486,1.1771286,0.5103389,-1.7753904,0.6283457,-0.262677,0.2092006,-0.26123783,0.98941356
1341,0.23830241,0.1866143,-0.25687653,1.4211752,-2.650095,0.9822641,-0.24799043,-1.3694414,1.951441,-0.44276685,-2.0421486,-0.9120258,-0.87718153,-0.22717625,-0.29061162,-2.9655666
1427,2.9660707,0.8513826,-2.0829074,0.5985949,1.5093536,1.8773282,-0.6367031,-0.17905022,0.40599725,1.5067589,-0.55970865,1.4860145,-0.4574483,-0.0805839,1.2833475,-0.4894368
825,-0.21472281,-1.1206871,0.92663765,-1.7427747,0.83816266,-0.17104113,-3.4128158,-0.2633397,-3.0598624,-0.018145822,-0.5544108,-1.533,0.55353117,-0.6452274,-0.04426074,1.1004624
65,-2.8775754,0.5070901,-0.15392548,-0.15173142,0.25528437,0.7435407,-0.74044,-1.4974335,0.04439879,-0.17309469,1.2444345,-0.030871853,-1.0199751,-1.0207046,0.39671528,0.46698496
1369,-1.1047646,0.1704018,-0.28810182,1.1226159,-0.19665521,0.07582089,-2.6755967,-0.5499015,2.3666058,-1.718223,-0.7906675,-1.8939966,-0.71223104,-1.5088106,-0.7545911,0.21597578
831,-0.8259723,-0.786648,0.4509091,-0.93401074,1.4855398,-1.1972309,2.7507086,1.2513409,0.63167906,1.6133283,0.528705,-1.0275558,-0.48225808,-0.84821457,-1.0306346,1.603686
71,1.2259598,1.5893332,-0.06479866,-2.5448012,-0.07444826,1.0264769,0.24190056,0.073651336,2.3063178,0.77986133,2.4696565,0.23917133,0.5750558,-1.6752162,-0.32153735,0.4333074
164,-0.568368,0.75934464,0.060142376,-1.3567557,-1.5633203,0.9604068,-0.68841857,-0.3536446,-1.0459287,-1.533839,-1.2239059,1.7521802,0.108258456,0.6258332,0.63932765,-0.6867929
1396,-1.3915585,-0.90316534,0.09373825,0.22251391,0.6060665,-0.9904505,1.3080161,0.3902056,1.0100224,-0.008920282,0.26195914,-0.95455456,-0.6388415,-1.100458,-1.1854936,1.1747662
1382,-0.382326,-1.3516489,0.1996578,0.24133089,0.020748705,-1.2583587,1.1467179,-0.76125085,-0.4710284,0.3752821,0.113723,1.8634369,-1.1922109,-0.94231266,0.6475973,0.67128414
616,-0.45180646,-1.7316569,0.3467927,-0.6630287,-1.0414746,-0.5535033,-0.9915875,1.4336004,0.2306881,-1.2008348,0.43546832,-1.0891693,0.66924113,0.7524185,0.85437167,-1.6129427
170,0.3249782,0.5040766,1.0333662,-0.76838386,-1.4000806,0.3784575,1.3954172,0.58137256,-1.6131368,-1.1702846,-1.1794047,-2.2041037,-0.23142973,0.8254911,0.19830862,-1.1453826
158,-1.2625155,1.3870151,-1.667351,-0.70827174,-0.43408602,0.8114022,0.4337879,0.3948752,-2.370683,2.1436744,-3.0197978,-1.7923752,-0.16912508,-0.117972136,-0.67852175,0.3847384
1547,-1.8960847,-1.4821393,-0.07275601,0.55862355,2.2547007,-1.0433512,-0.5535427,0.36366904,-0.13612555,0.1709699,-0.31943423,-0.31756014,-1.3443302,1.5228311,-0.2989525,0.20020878
1221,-0.10917777,-0.5591241,0.568426,-0.17102411,-0.42540276,0.21997344,-0.5244853,0.65949917,0.3463823,-0.9815506,-0.7870508,1.3582146,1.2320701,-0.7986264,1.2332089,1.648293
1235,0.18916622,-0.45527577,0.3906818,1.2993574,-0.2872144,-0.02504858,-1.5297358,0.8796159,0.1944877,-1.7463729,0.69442475,-0.019872032,1.9437937,-0.31738424,-0.055463076,-0.18137117
979,-0.35429758,-0.61626935,-0.7110822,-0.97071826,-0.5732925,-1.2460225,1.4166436,-0.98114645,0.48322302,0.27433276,0.9853052,-0.4153883,-1.2298095,0.35139525,-0.5849964,-1.2057624
1553,0.43970743,-0.73282766,-1.1449337,0.01169464,0.6819751,-0.50494707,0.9362557,0.83485794,-1.5943383,-0.98123294,-1.4737973,0.3927682,-0.3095898,0.94795036,-0.8488789,0.7697669
789,0.9572711,0.28309813,-0.41043606,-0.95361394,-0.0353662,-0.35168892,-0.8715536,0.015687838,0.2690725,1.3580452,-0.091498435,0.6938933,-0.8897228,-1.3019657,1.4120015,0.5471476
1209,1.0211389,0.2557631,-0.76731896,3.1981394,-0.8039819,-2.113124,0.9082296,-2.624672,-1.1631963,0.91603446,1.4087757,-1.7830555,0.59194016,0.77378523,1.4085343,0.4772992
945,-0.7204939,0.15075335,-0.21679565,0.36927438,-2.2982097,-0.73574394,0.25436378,1.789593,0.7387899,-1.425858,-1.9272612,-0.21999824,0.4654715,1.7958486,-0.9730833,-0.5812462
1584,0.2365914,0.17093031,1.0387083,0.14751779,0.7267151,0.030785158,0.3353565,-0.19829285,0.34391272,-0.6343863,-0.8734863,-0.0041734576,0.24258694,0.26324433,-1.2757096,0.3028044
776,1.2549129,0.79697204,-0.056772634,-1.6995287,0.8049615,1.2467585,0.49970374,0.265502,-0.61044955,1.5999569,-1.8540496,0.99600583,-1.528749,0.69821143,1.1864467,-0.57179844
1590,0.19965786,-1.3990598,0.19997042,1.8025001,2.7712178,2.0621848,1.2628909,1.2060369,-1.2115138,0.57674384,2.923688,-0.2972448,-1.6237153,1.9373122,-0.7015196,0.29465294
986,1.4606366,1.3369429,-0.08813438,-0.7273343,-0.38301697,0.21455848,1.0950966,0.11240636,1.2408679,-0.46891335,-1.1414207,0.14996198,-0.62077,1.7080877,0.2622489,1.1845592
1023,-1.3614532,-0.3782162,-0.17164008,0.8313565,-0.6027775,0.9391254,0.6735507,-0.9353136,-0.64971983,0.6400937,1.1256365,0.43478286,-0.023442809,0.8049484,1.0682664,1.7582324
1745,0.2305994,-0.46393782,0.89480543,0.633401,0.33804846,-0.46768785,0.54269606,0.3632047,0.79152155,1.5193651,1.0221435,0.8315884,-0.7059083,0.466618,0.08483291,-1.1305842
1751,-0.57867277,0.06661594,1.7156935,-0.072483286,-0.8494775,0.318533,0.4099784,-0.8543778,1.1659402,-0.01927948,-0.82274234,0.5347272,-0.28548017,1.2630858,1.0043685,-0.20105569
1989,1.2028078,0.4953137,0.29453087,0.5503051,0.47817954,0.3400783,-0.13701487,0.9635235,0.45137298,0.30239016,-0.49320433,-1.301337,0.19723524,0.2425257,0.5979825,1.3445936
1037,-1.1883917,-1.7634015,1.4565232,0.4420425,1.5561076,-0.17846677,0.60439885,0.30108452,0.0829291,0.11627117,0.97028416,-0.29430324,1.9876456,0.7220849,0.53468955,-0.3585803
1779,-0.7383522,0.599615,-0.24330924,1.2008073,-0.56281704,2.1363516,0.4894695,-0.11554957,-0.882933,1.7227249,1.043055,0.9779571,-0.73447555,0.8339659,1.4180115,0.26555854
574,1.0492241,1.0512999,-1.2887809,-0.6374639,-0.810135,0.38262734,-0.20352423,1.5889885,0.49625215,0.910044,-0.18930534,-0.9230412,-0.086569,-0.35834175,-0.8939825,-1.0368159
1786,-0.29057482,-2.0276892,0.41323996,-0.8695376,-1.8364282,0.67662245,1.5745561,-0.20843685,0.35366455,-0.5005739,0.22499323,0.5763627,-1.146508,0.31929335,-0.3209231,1.3734531
212,-0.74057233,1.4707943,-0.8259611,0.4661102,-0.60858643,-0.32913777,-0.81220156,-0.2694584,-1.2566035,1.2452161,-0.25355345,-0.08674077,0.7459738,2.302825,-0.52509815,1.2196103
206,0.043211788,1.8666341,-0.70994383,-1.3685254,-0.0590311,0.47446924,0.24799508,-2.0659316,-1.7435229,-1.7989622,0.3005707,0.81268716,-0.57858515,-1.6492679,0.26259732,-0.4663445
1792,-1.4851302,-0.1429761,1.4549935,0.4199207,0.9568561,-0.8976073,-1.3718604,0.46825367,0.70615697,0.022340104,-0.52913404,0.2840231,0.4619339,-0.4332487,-0.31036395,-0.08528125
560,1.7897549,0.10410246,1.0305552,-0.91714776,-1.2653586,0.13561243,-0.8688421,0.7289973,0.30798393,0.43003225,-0.48062804,0.6514944,-0.24110706,0.5347534,-0.3575729,1.3586552
1962,-0.56696844,-0.1741728,1.5961641,0.559775,-0.83257514,0.9120164,1.27584,-1.54161,1.0872171,-1.372879,-1.2563747,0.68478286,-0.1577301,-0.86450285,0.37812027,1.5929472
1976,0.7849573,0.8800527,-1.2538316,2.0517435,0.65087795,1.9695569,-0.053960957,-2.0733614,0.09023537,-0.1245417,1.1403387,0.8972302,-1.0674555,0.9773985,2.6917965,1.3521506
